oracle Database name       :  FSPRD
Oracle SID                 :  FSPRD3
Archive Execution-From Date:  01-May-2023
Archive Execution-To Date  :  01-Mar-2024
Archive Year               :  1995_2000
Archive Environment        :  FS
 
=> Batch Numbers check.

107 rows created.


Commit complete.

=> NLS DataBase Parameters Check.

3 rows created.


Commit complete.

=> TimeZone Check.

1 row created.


Commit complete.

 
Templates executed in Date Range 01-May-2023 and 01-Mar-2024 belongs to 1995_2000 Archival Year
0 0 0 AGNGXX CUSTAGINGX_H_XX
1 1 0 APPYMTXX AP_ARC_PYM_AD_H
2 1 1 APPYMTXX AP_ARC_PYM_RC_H
3 1 2 APPYMTXX AP_ARC_PYM_TB_H
4 1 3 APPYMTXX AP_SUPPRES_H_XX
5 1 4 APPYMTXX PAYMNT_TBL_H_XX
6 1 5 APPYMTXX PYMNT_ADVC_H_XX
7 1 6 APPYMTXX WTH_TRXTBL_H_XX
8 2 0 APPYTTXX PAY_TRNSMT_H_XX
9 3 0 APVCHRXX APVCH_DSPL_H_XX
10 3 1 APVCHRXX AP_ARC_BCH_XR_H
11 3 2 APVCHRXX AP_ARC_DIST_L_H
12 3 3 APVCHRXX AP_ARC_DIST_N_H
13 3 4 APVCHRXX AP_ARC_EXP_DL_H
14 3 5 APVCHRXX AP_ARC_PYM_WT_H
15 3 6 APVCHRXX AP_ARC_PYM_XR_H
16 3 7 APVCHRXX AP_ARC_PY_MSG_H
17 3 8 APVCHRXX AP_ARC_VCHL_E_H
18 3 9 APVCHRXX AP_ARC_VCHL_M_H
19 3 10 APVCHRXX AP_ARC_VCH_AC_H
20 3 11 APVCHRXX AP_ARC_VCH_DO_H
21 3 12 APVCHRXX AP_ARC_VCH_FR_H
22 3 13 APVCHRXX AP_ARC_VCH_HP_H
23 3 14 APVCHRXX AP_ARC_VCH_LN_H
24 3 15 APVCHRXX AP_ARC_VCH_MS_H
25 3 16 APVCHRXX AP_ARC_VCH_RM_H
26 3 17 APVCHRXX AP_ARC_VCH_ST_H
27 3 18 APVCHRXX AP_ARC_VCH_TG_H
28 3 19 APVCHRXX AP_ARC_VCH_TX_H
29 3 20 APVCHRXX AP_ARC_VCH_UT_H
30 3 21 APVCHRXX AP_ARC_VCH_VB_H
31 3 22 APVCHRXX AP_ARC_VCH_VI_H
32 3 23 APVCHRXX AP_ARC_VCH_VN_H
33 3 24 APVCHRXX AP_ARC_VCH_WT_H
34 3 25 APVCHRXX AP_ARC_VOUCH_H
35 3 26 APVCHRXX DSTRPMTXRF_H_XX
36 3 27 APVCHRXX LNWTHD_UPD_H_XX
37 3 28 APVCHRXX REMRPRT_H_XX
38 3 29 APVCHRXX RVLACTG_LN_H_XX
39 3 30 APVCHRXX TSEALN_FLD_H_XX
40 3 31 APVCHRXX TSEPMT_FLD_H_XX
41 3 32 APVCHRXX TSEVCH_FLD_H_XX
42 3 33 APVCHRXX TSEVLN_FLD_H_XX
43 3 34 APVCHRXX TSE_VCHR_H_XX
44 3 35 APVCHRXX UNMTCH_TMP_H_XX
45 3 36 APVCHRXX VATXRF_VCH_H_XX
46 3 37 APVCHRXX VCHDUP_INV_H_XX
47 3 38 APVCHRXX VCHRREG_LC_H_XX
48 3 39 APVCHRXX VCHR_UPDT_H_XX
49 3 40 APVCHRXX VED_DUPINV_H_XX
50 3 41 APVCHRXX WTHD_UPDT_H_XX
51 4 0 APY18_XX APYX18_IFC_H_XX
52 5 0 APY42_XX APYX42_IFC_H_XX
53 6 0 AP_PYMNT AP_ARC_PYM_AD_H
54 6 1 AP_PYMNT AP_ARC_PYM_RC_H
55 6 2 AP_PYMNT AP_ARC_PYM_TB_H
56 6 3 AP_PYMNT AP_SUPPRES_H_XX
57 6 4 AP_PYMNT PAYMNT_TBL_H_XX
58 6 5 AP_PYMNT PYMNT_ADVC_H_XX
59 6 6 AP_PYMNT WTH_TRXTBL_H_XX
60 7 0 ARACTLST AR_ACTION_LST_H
61 8 0 ARATTDXX AR_FRMATTD_XX_H
62 9 0 ARBUR_XX AR_FORMATT_XX_H
63 9 1 ARBUR_XX AR_FORMHDR_XX_H
64 9 2 ARBUR_XX AR_FORMNAR_XX_H
65 9 3 ARBUR_XX AR_FORMTMP_XX_H
66 9 4 ARBUR_XX AR_FRMLIN1_XX_H
67 9 5 ARBUR_XX AR_FRMLIN2_XX_H
68 9 6 ARBUR_XX AR_FRMLIN3_XX_H
69 9 7 ARBUR_XX AR_FRMLIN4_XX_H
70 10 0 ARITEM AR_CCTRN_HDR_H
71 10 1 ARITEM AR_CCTRN_TBL_H
72 10 2 ARITEM AR_EE_ITACTLN_H
73 10 3 ARITEM AR_IPAC_DET_H
74 10 4 ARITEM AR_IPAC_HDR_H
75 10 5 ARITEM AR_IPAC_SGL_H
76 10 6 ARITEM AR_ITEM_DST_H
77 10 7 ARITEM AR_ITEM_H
78 10 8 ARITEM AR_ITMAGNG_XX_H
79 10 9 ARITEM AR_ITMDSP_XX_H
80 10 10 ARITEM AR_ITMNOTE_XX_H
81 10 11 ARITEM AR_ITM_ACTTAX_H
82 10 12 ARITEM AR_ITM_ACTVAT_H
83 10 13 ARITEM AR_ITM_ACTVTY_H
84 10 14 ARITEM AR_ITM_ACTXDT_H
85 11 0 ARMAR_XX AR_FORMMAR_XX_H
86 11 1 ARMAR_XX AR_FRMMAR1_XX_H
87 11 2 ARMAR_XX AR_FRMMAR2_XX_H
88 12 0 ARPEND AR_GROUP_CNTL_H
89 12 1 ARPEND AR_PEND_DST_H
90 12 2 ARPEND AR_PEND_ITM_H
91 12 3 ARPEND AR_PEND_IT_MR_H
92 12 4 ARPEND AR_PEND_TAX_H
93 12 5 ARPEND AR_PEND_TX_DT_H
94 12 6 ARPEND AR_PEND_VAT_H
95 13 0 ARPO_XX AR_POKEYS_XX_H
96 13 1 ARPO_XX AR_PO_DTL_XX_H
97 13 2 ARPO_XX AR_PO_EML_XX_H
98 13 3 ARPO_XX AR_PO_FLDS_XX_H
99 13 4 ARPO_XX AR_PO_PRNT_XX_H
100 13 5 ARPO_XX AR_PO_PRTF_XX_H
101 13 6 ARPO_XX AR_PO_SEQ_XX_H
102 13 7 ARPO_XX AR_PO_TOT_XX_H
103 13 8 ARPO_XX AR_PO_WORK_XX_H
104 13 9 ARPO_XX AR_PO_XX_H
105 13 10 ARPO_XX PO_EXTRACT_XX_H
106 13 11 ARPO_XX PO_KEY_DTA_XX_H
107 14 0 ARPYMT AR_820RMNF_XX_H
108 14 1 ARPYMT AR_820RMSG_XX_H
109 14 2 ARPYMT AR_DEP_CONTRL_H
110 14 3 ARPYMT AR_EE_DJR_ACT_H
111 14 4 ARPYMT AR_PAYMENT_H
112 14 5 ARPYMT AR_PAY_ID_CUS_H
113 14 6 ARPYMT AR_PAY_ID_ITM_H
114 14 7 ARPYMT AR_PAY_ITEM_H
115 14 8 ARPYMT AR_PAY_IT_MRL_H
116 14 9 ARPYMT AR_PAY_MIS_DS_H
117 15 0 ARRAR_XX AR_FORMRAR_XX_H
118 15 1 ARRAR_XX AR_FRMRAR1_XX_H
119 15 2 ARRAR_XX AR_FRMRARB_XX_H
120 16 0 ARSTMT AR_STMT_CUSBD_H
121 16 1 ARSTMT AR_STMT_CUSDT_H
122 16 2 ARSTMT AR_STMT_CUST_H
123 16 3 ARSTMT AR_STMT_CUS_H
124 17 0 ARTAR_XX AR_FORMTAR_XX_H
125 17 1 ARTAR_XX AR_FRMTAR1_XX_H
126 18 0 ARXRF_XX AR_FRMXREF_XX_H
127 19 0 BIADJXX BIADJHSTX_H_XX
128 20 0 BICANXX BIALLTAXX_H_XX
129 20 1 BICANXX BIHDRAR_H_XX
130 20 2 BICANXX BIHDRCRCARD_HXX
131 20 3 BICANXX BIHDRNOTE_H_XX
132 20 4 BICANXX BIHDRVAT_H_XX
133 20 5 BICANXX BIHDRX_H_XX
134 20 6 BICANXX BIHDR_H_XX
135 20 7 BICANXX BILINEX_H_XX
136 20 8 BICANXX BILINE_H_XX
137 20 9 BICANXX BILNDSDFR_H_XX
138 20 10 BICANXX BILNDSDTLX_H_XX
139 20 11 BICANXX BILNDSDTL_H_XX
140 20 12 BICANXX BILNDSLVL_H_XX
141 20 13 BICANXX BILNDSTAR_H_XX
142 20 14 BICANXX BILNDSTDFR_H_XX
143 20 15 BICANXX BILNDSTUAR_H_XX
144 20 16 BICANXX BILNDST_H_XX
145 20 17 BICANXX BILNIUEXP_H_XX
146 20 18 BICANXX BILNIUPAY_H_XX
147 20 19 BICANXX BILNNOTE_H_XX
148 20 20 BICANXX BILNTAXDTL_H_XX
149 20 21 BICANXX BILNTAX_H_XX
150 20 22 BICANXX BIX24DSTMPX_HXX
151 20 23 BICANXX VMSACCTLNX_H_XX
152 21 0 BICBINXX BICBIVCHDR_H_XX
153 21 1 BICBINXX BICBIVCLIN_H_XX
154 21 2 BICBINXX BIEXTCIIDS_H_XX
155 22 0 BIEIDXX EIDFILEINVX_HXX
156 23 0 BIINFXX INTFCBICMP_H_XX
157 23 1 BIINFXX INTFCBINTCMPHXX
158 24 0 BIINVXX BIACCTENTRY_HXX
159 24 1 BIINVXX BIALLTAXX_H_XX
160 24 2 BIINVXX BIHDRAR_H_XX
161 24 3 BIINVXX BIHDRCRCARD_HXX
162 24 4 BIINVXX BIHDRNOTE_H_XX
163 24 5 BIINVXX BIHDRVAT_H_XX
164 24 6 BIINVXX BIHDRX_H_XX
165 24 7 BIINVXX BIHDR_H_XX
166 24 8 BIINVXX BILINEX_H_XX
167 24 9 BIINVXX BILINE_H_XX
168 24 10 BIINVXX BILNDSDFR_H_XX
169 24 11 BIINVXX BILNDSDTLX_H_XX
170 24 12 BIINVXX BILNDSDTL_H_XX
171 24 13 BIINVXX BILNDSLVL_H_XX
172 24 14 BIINVXX BILNDSTAR_H_XX
173 24 15 BIINVXX BILNDSTDFR_H_XX
174 24 16 BIINVXX BILNDSTUAR_H_XX
175 24 17 BIINVXX BILNDST_H_XX
176 24 18 BIINVXX BILNIUEXP_H_XX
177 24 19 BIINVXX BILNIUPAY_H_XX
178 24 20 BIINVXX BILNNOTE_H_XX
179 24 21 BIINVXX BILNTAXDTL_H_XX
180 24 22 BIINVXX BILNTAX_H_XX
181 24 23 BIINVXX BIX24DSTMPX_HXX
182 24 24 BIINVXX VMSACCTLNX_H_XX
183 25 0 BINFADXX INTFCBIADCMPHXX
184 26 0 BIPCIXX BIPCITRCKX_H_XX
185 27 0 BIRELXX BIRELCMPX_H_XX
186 28 0 CA_001 BI_HDR_TMP_XX_H
187 28 1 CA_001 BI_LN_TMP_XX_H
188 28 2 CA_001 CA_ACCTG_LINE_H
189 28 3 CA_001 CA_ACCTG_LN_P_H
190 28 4 CA_001 CA_ACCTG_LN_T_H
191 28 5 CA_001 CA_ACCTPLAN_H
192 28 6 CA_001 CA_ACCTPLN_LA_H
193 28 7 CA_001 CA_AP_DFR_H
194 28 8 CA_001 CA_AP_DST_H
195 28 9 CA_001 CA_AP_EVENT_D_H
196 28 10 CA_001 CA_AP_EVENT_H
197 28 11 CA_001 CA_AP_EVT_CHG_H
198 28 12 CA_001 CA_AP_FEE_ADJ_H
199 28 13 CA_001 CA_AP_FEE_WS_H
200 28 14 CA_001 CA_AP_PC_DFR_H
201 28 15 CA_001 CA_AP_PC_DST_H
202 28 16 CA_001 CA_AP_PC_UAR_H
203 28 17 CA_001 CA_AP_SCHEDUL_H
204 28 18 CA_001 CA_AP_TXN_DST_H
205 28 19 CA_001 CA_AP_TXN_UAR_H
206 28 20 CA_001 CA_AP_UAR_H
207 28 21 CA_001 CA_ATTACHMENT_H
208 28 22 CA_001 CA_BILLPLN_LA_H
209 28 23 CA_001 CA_BILL_PLAN_H
210 28 24 CA_001 CA_BIL_PLN_XX_H
211 28 25 CA_001 CA_BONUS_PENL_H
212 28 26 CA_001 CA_BP_CDATAXX_H
213 28 27 CA_001 CA_BP_EVENTS_H
214 28 28 CA_001 CA_BP_EVT_CHG_H
215 28 29 CA_001 CA_BP_EVT_LN_H
216 28 30 CA_001 CA_BP_EV_AMXX_H
217 28 31 CA_001 CA_BP_FEE_ADJ_H
218 28 32 CA_001 CA_BP_FEE_WS_H
219 28 33 CA_001 CA_BP_LINES_H
220 28 34 CA_001 CA_BP_NOTE_H
221 28 35 CA_001 CA_BP_SCHEDUL_H
222 28 36 CA_001 CA_BP_XREF_H
223 28 37 CA_001 CA_CHG_DTL_H
224 28 38 CA_001 CA_CHG_HDR_H
225 28 39 CA_001 CA_CONTR_HDR_H
226 28 40 CA_001 CA_DETAIL_APP_H
227 28 41 CA_001 CA_DETAIL_DC_H
228 28 42 CA_001 CA_DETAIL_DFR_H
229 28 43 CA_001 CA_DETAIL_DST_H
230 28 44 CA_001 CA_DETAIL_H
231 28 45 CA_001 CA_DETAIL_LAN_H
232 28 46 CA_001 CA_DETAIL_PRI_H
233 28 47 CA_001 CA_DETAIL_PRO_H
234 28 48 CA_001 CA_DETAIL_RED_H
235 28 49 CA_001 CA_DETAIL_UAR_H
236 28 50 CA_001 CA_DST_ERR_H
237 28 51 CA_001 CA_DTL_DST_DA_H
238 28 52 CA_001 CA_DTL_RED_DA_H
239 28 53 CA_001 CA_EARLY_OPTI_H
240 28 54 CA_001 CA_EMAIL_CON2_H
241 28 55 CA_001 CA_EMAIL_CONT_H
242 28 56 CA_001 CA_FC_MAIN_H
243 28 57 CA_001 CA_FC_STG_RUN_H
244 28 58 CA_001 CA_HDREV_RED_H
245 28 59 CA_001 CA_HDRRED_LAN_H
246 28 60 CA_001 CA_HDR_AE_ACC_H
247 28 61 CA_001 CA_HDR_COMM_H
248 28 62 CA_001 CA_HDR_DC_H
249 28 63 CA_001 CA_HDR_REDUCT_H
250 28 64 CA_001 CA_HREVRED_LG_H
251 28 65 CA_001 CA_INVTRKH_XX_H
252 28 66 CA_001 CA_INVTRKL_XX_H
253 28 67 CA_001 CA_IVC_PRT_XX_H
254 28 68 CA_001 CA_LMT_FEE_DT_H
255 28 69 CA_001 CA_LMT_TXN_H
256 28 70 CA_001 CA_LMT_TXN_LG_H
257 28 71 CA_001 CA_LNRED_LANG_H
258 28 72 CA_001 CA_LNREV_RED_H
259 28 73 CA_001 CA_LN_REDUCTS_H
260 28 74 CA_001 CA_LREVRED_LG_H
261 28 75 CA_001 CA_MILESTONE_H
262 28 76 CA_001 CA_MS_COND_H
263 28 77 CA_001 CA_NOTE_DETAI_H
264 28 78 CA_001 CA_NOTE_H
265 28 79 CA_001 CA_NOTE_TRANS_H
266 28 80 CA_001 CA_OPP_TYP_XX_H
267 28 81 CA_001 CA_OPRID_CONT_H
268 28 82 CA_001 CA_PGP_COSTS_H
269 28 83 CA_001 CA_PGP_PROJ_H
270 28 84 CA_001 CA_PGP_TERMS_H
271 28 85 CA_001 CA_PGP_WKS_H
272 28 86 CA_001 CA_PREPAID_AU_H
273 28 87 CA_001 CA_PREPAID_PR_H
274 28 88 CA_001 CA_PREPAID_TB_H
275 28 89 CA_001 CA_PROJ_SUMMA_H
276 28 90 CA_001 CA_RATE_H
277 28 91 CA_001 CA_RECON_BI_H
278 28 92 CA_001 CA_RECON_REV_H
279 28 93 CA_001 CA_RECON_SUM_H
280 28 94 CA_001 CA_RNWLNRE_LG_H
281 28 95 CA_001 CA_RNWLNRR_LG_H
282 28 96 CA_001 CA_RNW_APPLIE_H
283 28 97 CA_001 CA_RNW_LN_LIN_H
284 28 98 CA_001 CA_RNW_LN_RDS_H
285 28 99 CA_001 CA_RNW_LN_RED_H
286 28 100 CA_001 CA_SUPPORT_TE_H
287 28 101 CA_001 CA_WTH_RELEAS_H
288 28 102 CA_001 CA_WTH_REL_LA_H
289 28 103 CA_001 CA_WTH_TERMS_H
290 28 104 CA_001 CA_WTH_TRM_LA_H
291 29 0 CA_PD_XX CA_DETAIL_PRO_H
292 30 0 CM_AS_XX TR_ATTACH_H_XX
293 31 0 CM_BS_XX BANK_BAL_H_XX
294 32 0 CM_EP_XX BNK_EXCP_H_XX
295 33 0 CM_FD_XX CSH_CST_DTL_HXX
296 34 0 CM_FS_XX CSH_CST_SUM_HXX
297 35 0 CM_FW_XX CASH_FLW_TR_HXX
298 36 0 CM_NP_XX BANK_NON_PD_HXX
299 37 0 CM_SD_XX BANK_SDSTMT_HXX
300 38 0 CM_SH_XX BNK_SMT_HDR_HXX
301 39 0 CM_SL_XX BNK_SDBAL_H_XX
302 40 0 CM_ST_XX BANK_STMT_H_XX
303 41 0 CM_WH_XX TR_WR_DTL_H_XX
304 41 1 CM_WH_XX TR_WR_HDR_H_XX
305 42 0 CM_XF_XX TR_AF_STL_H_XX
306 43 0 EXADV_XX EX_ADV_CHK_H
307 43 1 EXADV_XX EX_ADV_DIST_H
308 43 2 EXADV_XX EX_ADV_DOCSEQ_H
309 43 3 EXADV_XX EX_ADV_HDR_H
310 43 4 EXADV_XX EX_ADV_LINE_H
311 43 5 EXADV_XX EX_ADV_PYMT_H
312 44 0 EXSHT_XX EX_SHEET_ADV_H
313 44 1 EXSHT_XX EX_SHEET_ATT_H
314 44 2 EXSHT_XX EX_SHEET_DIST_H
315 44 3 EXSHT_XX EX_SHEET_HDR_H
316 44 4 EXSHT_XX EX_SHEET_LINE_H
317 44 5 EXSHT_XX EX_SHEET_PYMT_H
318 44 6 EXSHT_XX EX_SHT_DOCSEQ_H
319 44 7 EXSHT_XX EX_SHT_LN_PD_H
320 44 8 EXSHT_XX EX_SHT_NOTE_HXX
321 44 9 EXSHT_XX EX_SHT_SPLIT_H
322 45 0 EX_ACCTG EX_ACCTG_LINE_H
323 46 0 EX_APPR EX_APRVL_HIST_H
324 47 0 EX_AT_XX EX_ER_ATCH_H_XX
325 48 0 EX_ER_AD EX_SHEET_AW_H
326 49 0 EX_FL_XX EID_FILE_EX_HXX
327 50 0 EX_MYWAL EX_ENHC_DET_H
328 50 1 EX_MYWAL EX_ENHC_DTAMX_H
329 50 2 EX_MYWAL EX_ENHC_SMAMX_H
330 50 3 EX_MYWAL EX_ENHC_SUMM_H
331 50 4 EX_MYWAL EX_TRANS_H
332 51 0 EX_NS_XX EOAW_NEMSTS_HXX
333 52 0 EX_SY_XX EOAW_COMNTS_HXX
334 52 1 EX_SY_XX EOAW_HISCOM_HXX
335 52 2 EX_SY_XX EOAW_SPINST_HXX
336 52 3 EX_SY_XX EOAW_SUMDTL_HXX
337 52 4 EX_SY_XX EOAW_SUMM_HXX
338 52 5 EX_SY_XX EOAW_WL_HXX
339 53 0 EX_UI_XX EOAW_UESCAL_HXX
340 53 1 EX_UI_XX EOAW_URINST_HXX
341 54 0 FG_AK_XX PMT_ACK_ERR_HXX
342 54 1 FG_AK_XX PMT_ACK_HDR_HXX
343 54 2 FG_AK_XX PMT_ACK_H_XX
344 54 3 FG_AK_XX PMT_FIL_ACK_HXX
345 54 4 FG_AK_XX PMT_FIL_ERR_HXX
346 55 0 FG_BF_XX BSP_FIL_INF_HXX
347 56 0 FG_DL_XX PMT_ADDR_H_XX
348 56 1 FG_DL_XX PMT_DTL_H_XX
349 56 2 FG_DL_XX PMT_INTRM_H_XX
350 56 3 FG_DL_XX PMT_OID_STG_HXX
351 56 4 FG_DL_XX PMT_OTHID_H_XX
352 56 5 FG_DL_XX PMT_REF_H_XX
353 56 6 FG_DL_XX PMT_REQ_LOG_HXX
354 56 7 FG_DL_XX PMT_UPARTY_H_XX
355 56 8 FG_DL_XX PMT_UPY_STG_HXX
356 57 0 FG_ET_XX TR_EVNT_LOG_HXX
357 58 0 FG_FE_XX PMT_FIL_DEF_HXX
358 58 1 FG_FE_XX PMT_FIL_REF_HXX
359 59 0 FG_SF_XX SNW_FILE_H_XX
360 60 0 GL_JRLXX GL_OITEM_H
361 60 1 GL_JRLXX JRNL_CF_BAL_H
362 60 2 GL_JRLXX JRNL_HDR_H
363 60 3 GL_JRLXX JRNL_IUAC_H
364 60 4 GL_JRLXX JRNL_LN_H
365 60 5 GL_JRLXX JRNL_VAT_H
366 61 0 GL_LEDXX LEDGER_H
367 62 0 PC_01_XX INTF_PROJ_RES_H
368 62 1 PC_01_XX PC_ACT_IN_USE_H
369 62 2 PC_01_XX PC_ACT_SUM_H
370 62 3 PC_01_XX PC_AMRULE_ACT_H
371 62 4 PC_01_XX PC_AMRULE_PRJ_H
372 62 5 PC_01_XX PC_BITOPC_SUM_H
373 62 6 PC_01_XX PC_BUD_ACT_H
374 62 7 PC_01_XX PC_BUD_ALERT_H
375 62 8 PC_01_XX PC_BUD_DETAIL_H
376 62 9 PC_01_XX PC_BUD_DETLXX_H
377 62 10 PC_01_XX PC_BUD_DTL_XX_H
378 62 11 PC_01_XX PC_BUD_ITEMXX_H
379 62 12 PC_01_XX PC_BUD_ITEM_H
380 62 13 PC_01_XX PC_BUD_ITM_XX_H
381 62 14 PC_01_XX PC_BUD_PLAN_H
382 62 15 PC_01_XX PC_BUD_PLN_XX_H
383 62 16 PC_01_XX PC_BUD_SUMRY_H
384 62 17 PC_01_XX PC_BUD_SUM_XX_H
385 62 18 PC_01_XX PC_CHCINFO_XX_H
386 62 19 PC_01_XX PC_CHC_INFO_H
387 62 20 PC_01_XX PC_CMPRREPXX_H
388 62 21 PC_01_XX PC_CMPRSTG_XX_H
389 62 22 PC_01_XX PC_COM_HD_XX_H
390 62 23 PC_01_XX PC_COM_LN_XX_H
391 62 24 PC_01_XX PC_DELUTIL_RC_H
392 62 25 PC_01_XX PC_EMPPROJ_TM_H
393 62 26 PC_01_XX PC_EMP_RES_TM_H
394 62 27 PC_01_XX PC_OPIDPRJACT_H
395 62 28 PC_01_XX PC_OPIDPRJREM_H
396 62 29 PC_01_XX PC_PICSTS_TBL_H
397 62 30 PC_01_XX PC_POREF_XX_H
398 62 31 PC_01_XX PC_PRICE_RATE_H
399 62 32 PC_01_XX PC_PRJ_ACT_XX_H
400 62 33 PC_01_XX PC_PRJ_BRDNXX_H
401 62 34 PC_01_XX PC_PROJECT_XX_H
402 62 35 PC_01_XX PC_PROJHEALTH_H
403 62 36 PC_01_XX PC_RPO_H
404 62 37 PC_01_XX PC_VP_REVIEW_H
405 62 38 PC_01_XX PM_ACT_STG_XX_H
406 62 39 PC_01_XX PM_RES_STG_XX_H
407 62 40 PC_01_XX PM_SPRASGN_XX_H
408 62 41 PC_01_XX PM_SPRBRDN_XX_H
409 62 42 PC_01_XX PM_SPRCMSN_XX_H
410 62 43 PC_01_XX PM_SPRCUST_XX_H
411 62 44 PC_01_XX PM_SPRXREF_XX_H
412 62 45 PC_01_XX PM_SPR_STG_XX_H
413 62 46 PC_01_XX PRJSPRDEXT_XX_H
414 62 47 PC_01_XX PRJ_RESTMP_XX_H
415 62 48 PC_01_XX PRJ_TMACTDTXX_H
416 62 49 PC_01_XX PROJECT_DESCR_H
417 62 50 PC_01_XX PROJECT_H
418 62 51 PC_01_XX PROJECT_MGR_H
419 62 52 PC_01_XX PROJECT_SCHED_H
420 62 53 PC_01_XX PROJECT_SD_H
421 62 54 PC_01_XX PROJECT_TEAM_H
422 62 55 PC_01_XX PROJECT_XX_H
423 62 56 PC_01_XX PROJ_ACTIVITY_H
424 62 57 PC_01_XX PROJ_ACT_DESC_H
425 62 58 PC_01_XX PROJ_ACT_LOC_H
426 62 59 PC_01_XX PROJ_ACT_STAT_H
427 62 60 PC_01_XX PROJ_ACT_TEAM_H
428 62 61 PC_01_XX PROJ_ACT_XX_H
429 62 62 PC_01_XX PROJ_APPROVAL_H
430 62 63 PC_01_XX PROJ_BIL_INFO_H
431 62 64 PC_01_XX PROJ_DOCUMENT_H
432 62 65 PC_01_XX PROJ_EV_APPRV_H
433 62 66 PC_01_XX PROJ_JUSTIFY_H
434 62 67 PC_01_XX PROJ_LOCATION_H
435 62 68 PC_01_XX PROJ_QUALITY_H
436 62 69 PC_01_XX PROJ_RESOURCE_H
437 62 70 PC_01_XX PROJ_RES_DELT_H
438 62 71 PC_01_XX PROJ_RSCTMPXX_H
439 62 72 PC_01_XX PROJ_SPRD_XX_H
440 62 73 PC_01_XX PROJ_STATUS_H
441 62 74 PC_01_XX PROJ_TEAMSVXX_H
442 62 75 PC_01_XX PROJ_TM_SCHED_H
443 62 76 PC_01_XX PSA_ORGPRJ_DF_H
444 62 77 PC_01_XX TL_RTS_ACT_XX_H
445 62 78 PC_01_XX TL_RTS_PRJ_XX_H
446 62 79 PC_01_XX TL_RTS_TRC_XX_H
447 63 0 PC_02_XX INT_PRJACT_XX_H
448 64 0 PC_03_XX PC_CMACCTLNXX_H
449 65 0 PC_04_XX PCX0015_ERRXX_H
450 66 0 PC_05_XX PC_INTFCSTGXX_H
451 67 0 PC_06_XX PC_UPLD_CI_XX_H
452 68 0 PC_07_XX PCX0013_ERRXX_H
453 69 0 PC_08_XX PC_UB_FDET_XX_H
454 70 0 PC_09_XX PC_UB_PO_XX_H
455 71 0 PC_10_XX PC_GLTOPC_SUM_H
456 72 0 PC_11_XX PC_APTOPC_SUM_H
457 73 0 PC_12_XX PC_EXTOPC_SUM_H
458 74 0 PGMST1XX PGM_CONVST1_XXH
459 75 0 PGMST2XX PGM_CONVST2_XXH
460 76 0 PGM_MHXX PGM_MRHGRID_HXX
461 77 0 PGM_MOXX PGM_MROVRLD_HXX
462 78 0 PGM_PRXX PGM_PRLQLNT_HXX
463 79 0 PGM_WDXX PGM_WRKLDST_HXX
464 80 0 PMTAUDXX AP_PYMT_AUD_ARC
465 81 0 PRCS_XX CDMAUTHIST_H_XX
466 81 1 PRCS_XX CDMFILELIS_H_XX
467 81 2 PRCS_XX CDMLISTHIS_H_XX
468 81 3 PRCS_XX PRCDISTHIS_H_XX
469 81 4 PRCS_XX PRCJOBSTAT_H_XX
470 81 5 PRCS_XX PRCPARMHIS_H_XX
471 81 6 PRCS_XX PRCQUEHIST_H_XX
472 81 7 PRCS_XX PRCRQSTFLE_H_XX
473 81 8 PRCS_XX PRCRQSTHIS_H_XX
474 81 9 PRCS_XX PRCRQSTSTR_H_XX
475 81 10 PRCS_XX PRCTEXTHIS_H_XX
476 81 11 PRCS_XX PRCTXFRHIS_H_XX
477 82 0 PRMGT_XX GM_BUDHDRXX_HXX
478 82 1 PRMGT_XX GM_BUD_HDR_HXX
479 82 2 PRMGT_XX GM_BUD_LNSM_HXX
480 82 3 PRMGT_XX GM_BUD_PERD_HXX
481 82 4 PRMGT_XX GM_OPDTTMXX_HXX
482 82 5 PRMGT_XX GM_OPTYDTTM_HXX
483 82 6 PRMGT_XX GM_PMDTRSC_HXX
484 82 7 PRMGT_XX GM_PROPCHXX_HXX
485 82 8 PRMGT_XX GM_PROPCMMT_HXX
486 82 9 PRMGT_XX GM_PROPOSAL_HXX
487 82 10 PRMGT_XX GM_PROPRJXX_HXX
488 82 11 PRMGT_XX GM_PROP_PRJ_HXX
489 82 12 PRMGT_XX GM_PROP_XX_HXX
490 83 0 PSHDR_XX TE_EMP_HDR_H_XX
491 83 1 PSHDR_XX TE_EMP_OBU_H_XX
492 83 2 PSHDR_XX TE_EMP_UP_H_XX
493 84 0 PSPDA_XX BEN_PRGPRTC_HXX
494 84 1 PSPDA_XX COMPNSTION_H_XX
495 84 2 PSPDA_XX EMAILADRS_H_XX
496 84 3 PSPDA_XX EMPLOYMENT_H_XX
497 84 4 PSPDA_XX JOB_H_XX
498 84 5 PSPDA_XX JOB_XX_H_XX
499 84 6 PSPDA_XX PERSDATAEF_H_XX
500 84 7 PSPDA_XX PERSONALDA_H_XX
501 84 8 PSPDA_XX PERSONALPH_H_XX
502 84 9 PSPDA_XX PERS_NID_H_XX
503 85 0 PSPUR_XX PURGEDATA_H_XX
504 86 0 PURCMTXX CMMTS_TBL_H_XX
505 86 1 PURCMTXX COMMENT_TBL_HXX
506 87 0 PURITMXX ASET_ITMATR_HXX
507 87 1 PURITMXX INV_ITEMS_H_XX
508 87 2 PURITMXX INV_ITEMUOM_HXX
509 87 3 PURITMXX INV_ITM_PHT_HXX
510 87 4 PURITMXX ITM_VENDOR_H_XX
511 87 5 PURITMXX MSTR_ITMTBL_HXX
512 87 6 PURITMXX PURCH_ITMBU_HXX
513 87 7 PURITMXX PURC_ITMATR_HXX
514 88 0 PURRTVXX RTV_ADDR_H_XX
515 88 1 PURRTVXX RTV_CMMNT_H_XX
516 88 2 PURRTVXX RTV_DSPTCH_H_XX
517 88 3 PURRTVXX RTV_HDR_H_XX
518 88 4 PURRTVXX RTV_LN_DSTB_HXX
519 88 5 PURRTVXX RTV_LN_FEE_H_XX
520 88 6 PURRTVXX RTV_LN_H_XX
521 89 0 PUR_CTXX CNTRCT_DFLT_HXX
522 89 1 PUR_CTXX CNTRCT_DSTB_HXX
523 89 2 PUR_CTXX CNTRCT_HDR_H_XX
524 89 3 PUR_CTXX CNTRCT_LN_H_XX
525 89 4 PUR_CTXX CNTRCT_MLST_HXX
526 89 5 PUR_CTXX CNTR_BUDSTB_HXX
527 89 6 PUR_CTXX CNTR_EVTVCH_HXX
528 89 7 PUR_CTXX CNTR_HDRRLS_HXX
529 89 8 PUR_CTXX CNTR_LNRLS_HXX
530 89 9 PUR_CTXX CNTR_LN_UOM_HXX
531 89 10 PUR_CTXX CNTR_RLSDTL_HXX
532 89 11 PUR_CTXX CNTR_RLSHDR_HXX
533 89 12 PUR_CTXX CNTR_RLSTBL_HXX
534 89 13 PUR_CTXX CNTR_RLS_LN_HXX
535 89 14 PUR_CTXX CNTR_SCHDL_H_XX
536 90 0 PUR_POXX PO_APPROVAL_HXX
537 90 1 PUR_POXX PO_CHG_ADDR_HXX
538 90 2 PUR_POXX PO_CHG_HDR_H_XX
539 90 3 PUR_POXX PO_CHG_LN_H_XX
540 90 4 PUR_POXX PO_CHG_ORD_H_XX
541 90 5 PUR_POXX PO_CHG_SHP_H_XX
542 90 6 PUR_POXX PO_COMMENT_H_XX
543 90 7 PUR_POXX PO_DFLTDSTB_HXX
544 90 8 PUR_POXX PO_DFLT_TBL_HXX
545 90 9 PUR_POXX PO_DISPATCH_HXX
546 90 10 PUR_POXX PO_ER_EMSGQ_HXX
547 90 11 PUR_POXX PO_EST_SHIP_HXX
548 90 12 PUR_POXX PO_HDR_EMAL_HXX
549 90 13 PUR_POXX PO_HDR_EXS_H_XX
550 90 14 PUR_POXX PO_HDR_H_XX
551 90 15 PUR_POXX PO_HDR_VAT_H_XX
552 90 16 PUR_POXX PO_LINE_H_XX
553 90 17 PUR_POXX PO_LNSHPMCH_HXX
554 90 18 PUR_POXX PO_LNSHPSUT_HXX
555 90 19 PUR_POXX PO_LN_DISTB_HXX
556 90 20 PUR_POXX PO_LN_SHIP_H_XX
557 90 21 PUR_POXX PO_RC_WB_EX_HXX
558 91 0 PUR_RCXX RECV_COMNT_HXX
559 91 1 PUR_RCXX RECV_HDR_H_XX
560 91 2 PUR_RCXX RECV_LNASET_HXX
561 91 3 PUR_RCXX RECV_LNDSTB_HXX
562 91 4 PUR_RCXX RECV_LNINSP_HXX
563 91 5 PUR_RCXX RECV_LNSHMT_HXX
564 91 6 PUR_RCXX RECV_LN_SHP_HXX
565 92 0 PYMT_AUD AP_PYMT_AUD_ARC
566 93 0 RS_SCHXX RS_SCHED_TASK_H
567 94 0 TLRTS_XX TLRTSACTXX_H_XX
568 94 1 TLRTS_XX TLRTSPRJXX_H_XX
569 94 2 TLRTS_XX TLRTSTRCXX_H_XX
570 95 0 VCHAUDXX AP_VCHR_AUD_ARC
571 96 0 VMSCSTXX VMSSRCCNLX_H_XX
572 97 0 VMSCTRXX VMSTRNCNLX_H_XX
573 98 0 VMSSTRXX VMSSRCARCX_H_XX
574 99 0 VMSTRNXX VMSTRNSHST_H_XX
Completed Gathering Data. Total Templates to Export for Wave/Year - 1995_2000 in "FS": 100
Today's Export Version Counter No: 1
#########################################################################################
Beginning export of Template : AGNGXX
#########################################################################################
 
=> ( 1 ) CUSTAGINGX_H_XX : Get History Record Counts

1 row created.


Commit complete.

..Get TableSpace, Index & Index TableSpace

1 row created.


Commit complete.


Export: Release 19.0.0.0.0 - Production on Thu Dec 11 23:03:45 2025
Version 19.27.0.0.0

Copyright (c) 1982, 2019, Oracle and/or its affiliates.  All rights reserved.

Connected to: Oracle Database 19c Enterprise Edition Release 19.0.0.0.0 - Production
FLASHBACK automatically enabled to preserve database integrity.
Starting "SYS"."SYS_EXPORT_TABLE_05":  userid="/******** AS SYSDBA" directory=AGNGXX_FS dumpfile=AGNGXX_11-12-2025_1995_2000_01-May-2023_01-Mar-2024_FS_%U.dmp logfile=AGNGXX_11-12-2025_1995_2000_01-May-2023_01-Mar-2024_FS.log parallel=18 EXCLUDE=statistics EXCLUDE=TRIGGER ENCRYPTION=ALL ENCRYPTION_MODE=DUAL ENCRYPTION_ALGORITHM=AES256 ENCRYPTION_PASSWORD=******** FILESIZE=10G COMPRESSION=ALL TABLES=SYSADM.PS_CUSTAGINGX_H_XX QUERY=SYSADM.PS_CUSTAGINGX_H_XX:"WHERE PSARCH_ID='AGNGXX' AND PSARCH_BATCHNUM||PSARCH_ID IN (SELECT PSARCH_BATCHNUM||PSARCH_ID FROM SYSADM.PSARCHBATCH WHERE PSARCH_DTTM >= '01-May-2023' AND PSARCH_DTTM < '01-Mar-2024')" 
Processing object type TABLE_EXPORT/TABLE/TABLE_DATA
. . exported "SYSADM"."PS_CUSTAGINGX_H_XX"                   0 KB       0 rows
Processing object type TABLE_EXPORT/TABLE/TABLE
Processing object type TABLE_EXPORT/TABLE/GRANT/OWNER_GRANT/OBJECT_GRANT
Processing object type TABLE_EXPORT/TABLE/INDEX/INDEX
Master table "SYS"."SYS_EXPORT_TABLE_05" successfully loaded/unloaded
******************************************************************************
Dump file set for SYS.SYS_EXPORT_TABLE_05 is:
  /backup/data_arch/AGNGXX/FS/AGNGXX_11-12-2025_1995_2000_01-May-2023_01-Mar-2024_FS_01.dmp
  /backup/data_arch/AGNGXX/FS/AGNGXX_11-12-2025_1995_2000_01-May-2023_01-Mar-2024_FS_02.dmp
  /backup/data_arch/AGNGXX/FS/AGNGXX_11-12-2025_1995_2000_01-May-2023_01-Mar-2024_FS_03.dmp
  /backup/data_arch/AGNGXX/FS/AGNGXX_11-12-2025_1995_2000_01-May-2023_01-Mar-2024_FS_04.dmp
  /backup/data_arch/AGNGXX/FS/AGNGXX_11-12-2025_1995_2000_01-May-2023_01-Mar-2024_FS_05.dmp
  /backup/data_arch/AGNGXX/FS/AGNGXX_11-12-2025_1995_2000_01-May-2023_01-Mar-2024_FS_06.dmp
  /backup/data_arch/AGNGXX/FS/AGNGXX_11-12-2025_1995_2000_01-May-2023_01-Mar-2024_FS_07.dmp
  /backup/data_arch/AGNGXX/FS/AGNGXX_11-12-2025_1995_2000_01-May-2023_01-Mar-2024_FS_08.dmp
  /backup/data_arch/AGNGXX/FS/AGNGXX_11-12-2025_1995_2000_01-May-2023_01-Mar-2024_FS_09.dmp
Job "SYS"."SYS_EXPORT_TABLE_05" successfully completed at Thu Dec 11 23:04:51 2025 elapsed 0 00:01:03

TEMPLATE_NAME:  AGNGXX
Error Count:  0
CURRENT DATE:  2025/12/11
Insert Data into PS_DATAMIN_EXPF_XX.

1 row created.


Commit complete.

Successful Export: Insert Done.
Template FSPRD-AGNGXX successfully Exported, started at  Thu Dec 11 23:03:45 EST 2025 and finished at Thu Dec 11 23:04:56 EST 2025
----------------------------------------------------------------------------------------
Finished export of Template : AGNGXX
----------------------------------------------------------------------------------------
#########################################################################################
Beginning export of Template : APPYMTXX
#########################################################################################
 
=> ( 1 ) AP_ARC_PYM_AD_H : Get History Record Counts

1 row created.


Commit complete.

..Get TableSpace, Index & Index TableSpace

2 rows created.


Commit complete.

=> ( 2 ) AP_ARC_PYM_RC_H : Get History Record Counts

1 row created.


Commit complete.

..Get TableSpace, Index & Index TableSpace

2 rows created.


Commit complete.

=> ( 3 ) AP_ARC_PYM_TB_H : Get History Record Counts

1 row created.


Commit complete.

..Get TableSpace, Index & Index TableSpace

5 rows created.


Commit complete.

=> ( 4 ) AP_SUPPRES_H_XX : Get History Record Counts

1 row created.


Commit complete.

..Get TableSpace, Index & Index TableSpace

1 row created.


Commit complete.

=> ( 5 ) PAYMNT_TBL_H_XX : Get History Record Counts

1 row created.


Commit complete.

..Get TableSpace, Index & Index TableSpace

1 row created.


Commit complete.

=> ( 6 ) PYMNT_ADVC_H_XX : Get History Record Counts

1 row created.


Commit complete.

..Get TableSpace, Index & Index TableSpace

1 row created.


Commit complete.

=> ( 7 ) WTH_TRXTBL_H_XX : Get History Record Counts

1 row created.


Commit complete.

..Get TableSpace, Index & Index TableSpace

1 row created.


Commit complete.


Export: Release 19.0.0.0.0 - Production on Thu Dec 11 23:05:08 2025
Version 19.27.0.0.0

Copyright (c) 1982, 2019, Oracle and/or its affiliates.  All rights reserved.

Connected to: Oracle Database 19c Enterprise Edition Release 19.0.0.0.0 - Production
FLASHBACK automatically enabled to preserve database integrity.
Starting "SYS"."SYS_EXPORT_TABLE_05":  userid="/******** AS SYSDBA" directory=APPYMTXX_FS dumpfile=APPYMTXX_11-12-2025_1995_2000_01-May-2023_01-Mar-2024_FS_%U.dmp logfile=APPYMTXX_11-12-2025_1995_2000_01-May-2023_01-Mar-2024_FS.log parallel=18 EXCLUDE=statistics EXCLUDE=TRIGGER ENCRYPTION=ALL ENCRYPTION_MODE=DUAL ENCRYPTION_ALGORITHM=AES256 ENCRYPTION_PASSWORD=******** FILESIZE=10G COMPRESSION=ALL TABLES=SYSADM.PS_AP_ARC_PYM_AD_H QUERY=SYSADM.PS_AP_ARC_PYM_AD_H:"WHERE PSARCH_ID='APPYMTXX' AND PSARCH_BATCHNUM||PSARCH_ID IN (SELECT PSARCH_BATCHNUM||PSARCH_ID FROM SYSADM.PSARCHBATCH WHERE PSARCH_DTTM >= '01-May-2023' AND PSARCH_DTTM < '01-Mar-2024')" TABLES=SYSADM.PS_AP_ARC_PYM_RC_H QUERY=SYSADM.PS_AP_ARC_PYM_RC_H:"WHERE PSARCH_ID='APPYMTXX' AND PSARCH_BATCHNUM||PSARCH_ID IN (SELECT PSARCH_BATCHNUM||PSARCH_ID FROM SYSADM.PSARCHBATCH WHERE PSARCH_DTTM >= '01-May-2023' AND PSARCH_DTTM < '01-Mar-2024')" TABLES=SYSADM.PS_AP_ARC_PYM_TB_H QUERY=SYSADM.PS_AP_ARC_PYM_TB_H:"WHERE PSARCH_ID='APPYMTXX' AND PSARCH_BATCHNUM||PSARCH_ID IN (SELECT PSARCH_BATCHNUM||PSARCH_ID FROM SYSADM.PSARCHBATCH WHERE PSARCH_DTTM >= '01-May-2023' AND PSARCH_DTTM < '01-Mar-2024')" TABLES=SYSADM.PS_AP_SUPPRES_H_XX QUERY=SYSADM.PS_AP_SUPPRES_H_XX:"WHERE PSARCH_ID='APPYMTXX' AND PSARCH_BATCHNUM||PSARCH_ID IN (SELECT PSARCH_BATCHNUM||PSARCH_ID FROM SYSADM.PSARCHBATCH WHERE PSARCH_DTTM >= '01-May-2023' AND PSARCH_DTTM < '01-Mar-2024')" TABLES=SYSADM.PS_PAYMNT_TBL_H_XX QUERY=SYSADM.PS_PAYMNT_TBL_H_XX:"WHERE PSARCH_ID='APPYMTXX' AND PSARCH_BATCHNUM||PSARCH_ID IN (SELECT PSARCH_BATCHNUM||PSARCH_ID FROM SYSADM.PSARCHBATCH WHERE PSARCH_DTTM >= '01-May-2023' AND PSARCH_DTTM < '01-Mar-2024')" TABLES=SYSADM.PS_PYMNT_ADVC_H_XX QUERY=SYSADM.PS_PYMNT_ADVC_H_XX:"WHERE PSARCH_ID='APPYMTXX' AND PSARCH_BATCHNUM||PSARCH_ID IN (SELECT PSARCH_BATCHNUM||PSARCH_ID FROM SYSADM.PSARCHBATCH WHERE PSARCH_DTTM >= '01-May-2023' AND PSARCH_DTTM < '01-Mar-2024')" TABLES=SYSADM.PS_WTH_TRXTBL_H_XX QUERY=SYSADM.PS_WTH_TRXT
Processing object type TABLE_EXPORT/TABLE/PROCACT_INSTANCE
Processing object type TABLE_EXPORT/TABLE/TABLE
Processing object type TABLE_EXPORT/TABLE/INDEX/FUNCTIONAL_INDEX/INDEX
Processing object type TABLE_EXPORT/TABLE/GRANT/OWNER_GRANT/OBJECT_GRANT
Processing object type TABLE_EXPORT/TABLE/TABLE_DATA
Processing object type TABLE_EXPORT/TABLE/INDEX/INDEX
. . exported "SYSADM"."PS_AP_ARC_PYM_TB_H"               35.32 MB  402580 rows
. . exported "SYSADM"."PS_WTH_TRXTBL_H_XX"               263.1 KB   14674 rows
. . exported "SYSADM"."PS_AP_SUPPRES_H_XX"               5.273 KB       0 rows
. . exported "SYSADM"."PS_PAYMNT_TBL_H_XX"               602.6 KB  402580 rows
. . exported "SYSADM"."PS_PYMNT_ADVC_H_XX"               286.0 KB   26515 rows
. . exported "SYSADM"."PS_AP_ARC_PYM_RC_H"               2.989 MB  403197 rows
. . exported "SYSADM"."PS_AP_ARC_PYM_AD_H"               11.66 MB  442649 rows
Master table "SYS"."SYS_EXPORT_TABLE_05" successfully loaded/unloaded
******************************************************************************
Dump file set for SYS.SYS_EXPORT_TABLE_05 is:
  /backup/data_arch/APPYMTXX/FS/APPYMTXX_11-12-2025_1995_2000_01-May-2023_01-Mar-2024_FS_01.dmp
  /backup/data_arch/APPYMTXX/FS/APPYMTXX_11-12-2025_1995_2000_01-May-2023_01-Mar-2024_FS_02.dmp
  /backup/data_arch/APPYMTXX/FS/APPYMTXX_11-12-2025_1995_2000_01-May-2023_01-Mar-2024_FS_03.dmp
  /backup/data_arch/APPYMTXX/FS/APPYMTXX_11-12-2025_1995_2000_01-May-2023_01-Mar-2024_FS_04.dmp
  /backup/data_arch/APPYMTXX/FS/APPYMTXX_11-12-2025_1995_2000_01-May-2023_01-Mar-2024_FS_05.dmp
  /backup/data_arch/APPYMTXX/FS/APPYMTXX_11-12-2025_1995_2000_01-May-2023_01-Mar-2024_FS_06.dmp
  /backup/data_arch/APPYMTXX/FS/APPYMTXX_11-12-2025_1995_2000_01-May-2023_01-Mar-2024_FS_07.dmp
  /backup/data_arch/APPYMTXX/FS/APPYMTXX_11-12-2025_1995_2000_01-May-2023_01-Mar-2024_FS_08.dmp
  /backup/data_arch/APPYMTXX/FS/APPYMTXX_11-12-2025_1995_2000_01-May-2023_01-Mar-2024_FS_09.dmp
  /backup/data_arch/APPYMTXX/FS/APPYMTXX_11-12-2025_1995_2000_01-May-2023_01-Mar-2024_FS_10.dmp
  /backup/data_arch/APPYMTXX/FS/APPYMTXX_11-12-2025_1995_2000_01-May-2023_01-Mar-2024_FS_11.dmp
  /backup/data_arch/APPYMTXX/FS/APPYMTXX_11-12-2025_1995_2000_01-May-2023_01-Mar-2024_FS_12.dmp
  /backup/data_arch/APPYMTXX/FS/APPYMTXX_11-12-2025_1995_2000_01-May-2023_01-Mar-2024_FS_13.dmp
  /backup/data_arch/APPYMTXX/FS/APPYMTXX_11-12-2025_1995_2000_01-May-2023_01-Mar-2024_FS_14.dmp
  /backup/data_arch/APPYMTXX/FS/APPYMTXX_11-12-2025_1995_2000_01-May-2023_01-Mar-2024_FS_15.dmp
  /backup/data_arch/APPYMTXX/FS/APPYMTXX_11-12-2025_1995_2000_01-May-2023_01-Mar-2024_FS_16.dmp
  /backup/data_arch/APPYMTXX/FS/APPYMTXX_11-12-2025_1995_2000_01-May-2023_01-Mar-2024_FS_17.dmp
  /backup/data_arch/APPYMTXX/FS/APPYMTXX_11-12-2025_1995_2000_01-May-2023_01-Mar-2024_FS_18.dmp
  /backup/data_arch/APPYMTXX/FS/APPYMTXX_11-12-2025_1995_2000_01-May-2023_01-Mar-2024_FS_19.dmp
  /backup/data_arch/APPYMTXX/FS/APPYMTXX_11-12-2025_1995_2000_01-May-2023_01-Mar-2024_FS_20.dmp
  /backup/data_arch/APPYMTXX/FS/APPYMTXX_11-12-2025_1995_2000_01-May-2023_01-Mar-2024_FS_21.dmp
  /backup/data_arch/APPYMTXX/FS/APPYMTXX_11-12-2025_1995_2000_01-May-2023_01-Mar-2024_FS_22.dmp
  /backup/data_arch/APPYMTXX/FS/APPYMTXX_11-12-2025_1995_2000_01-May-2023_01-Mar-2024_FS_23.dmp
  /backup/data_arch/APPYMTXX/FS/APPYMTXX_11-12-2025_1995_2000_01-May-2023_01-Mar-2024_FS_24.dmp
  /backup/data_arch/APPYMTXX/FS/APPYMTXX_11-12-2025_1995_2000_01-May-2023_01-Mar-2024_FS_25.dmp
  /backup/data_arch/APPYMTXX/FS/APPYMTXX_11-12-2025_1995_2000_01-May-2023_01-Mar-2024_FS_26.dmp
Job "SYS"."SYS_EXPORT_TABLE_05" successfully completed at Thu Dec 11 23:09:41 2025 elapsed 0 00:04:32

TEMPLATE_NAME:  APPYMTXX
Error Count:  0
CURRENT DATE:  2025/12/11
Insert Data into PS_DATAMIN_EXPF_XX.

1 row created.


Commit complete.

Successful Export: Insert Done.
Template FSPRD-APPYMTXX successfully Exported, started at  Thu Dec 11 23:05:08 EST 2025 and finished at Thu Dec 11 23:09:46 EST 2025
----------------------------------------------------------------------------------------
Finished export of Template : APPYMTXX
----------------------------------------------------------------------------------------
#########################################################################################
Beginning export of Template : APPYTTXX
#########################################################################################
 
=> ( 1 ) PAY_TRNSMT_H_XX : Get History Record Counts

1 row created.


Commit complete.

..Get TableSpace, Index & Index TableSpace

1 row created.


Commit complete.


Export: Release 19.0.0.0.0 - Production on Thu Dec 11 23:09:46 2025
Version 19.27.0.0.0

Copyright (c) 1982, 2019, Oracle and/or its affiliates.  All rights reserved.

Connected to: Oracle Database 19c Enterprise Edition Release 19.0.0.0.0 - Production
FLASHBACK automatically enabled to preserve database integrity.
Starting "SYS"."SYS_EXPORT_TABLE_05":  userid="/******** AS SYSDBA" directory=APPYTTXX_FS dumpfile=APPYTTXX_11-12-2025_1995_2000_01-May-2023_01-Mar-2024_FS_%U.dmp logfile=APPYTTXX_11-12-2025_1995_2000_01-May-2023_01-Mar-2024_FS.log parallel=18 EXCLUDE=statistics EXCLUDE=TRIGGER ENCRYPTION=ALL ENCRYPTION_MODE=DUAL ENCRYPTION_ALGORITHM=AES256 ENCRYPTION_PASSWORD=******** FILESIZE=10G COMPRESSION=ALL TABLES=SYSADM.PS_PAY_TRNSMT_H_XX QUERY=SYSADM.PS_PAY_TRNSMT_H_XX:"WHERE PSARCH_ID='APPYTTXX' AND PSARCH_BATCHNUM||PSARCH_ID IN (SELECT PSARCH_BATCHNUM||PSARCH_ID FROM SYSADM.PSARCHBATCH WHERE PSARCH_DTTM >= '01-May-2023' AND PSARCH_DTTM < '01-Mar-2024')" 
Processing object type TABLE_EXPORT/TABLE/PROCACT_INSTANCE
Processing object type TABLE_EXPORT/TABLE/TABLE
Processing object type TABLE_EXPORT/TABLE/GRANT/OWNER_GRANT/OBJECT_GRANT
Processing object type TABLE_EXPORT/TABLE/TABLE_DATA
Processing object type TABLE_EXPORT/TABLE/INDEX/INDEX
. . exported "SYSADM"."PS_PAY_TRNSMT_H_XX"               16.49 KB     892 rows
Master table "SYS"."SYS_EXPORT_TABLE_05" successfully loaded/unloaded
******************************************************************************
Dump file set for SYS.SYS_EXPORT_TABLE_05 is:
  /backup/data_arch/APPYTTXX/FS/APPYTTXX_11-12-2025_1995_2000_01-May-2023_01-Mar-2024_FS_01.dmp
  /backup/data_arch/APPYTTXX/FS/APPYTTXX_11-12-2025_1995_2000_01-May-2023_01-Mar-2024_FS_02.dmp
  /backup/data_arch/APPYTTXX/FS/APPYTTXX_11-12-2025_1995_2000_01-May-2023_01-Mar-2024_FS_03.dmp
  /backup/data_arch/APPYTTXX/FS/APPYTTXX_11-12-2025_1995_2000_01-May-2023_01-Mar-2024_FS_04.dmp
  /backup/data_arch/APPYTTXX/FS/APPYTTXX_11-12-2025_1995_2000_01-May-2023_01-Mar-2024_FS_05.dmp
  /backup/data_arch/APPYTTXX/FS/APPYTTXX_11-12-2025_1995_2000_01-May-2023_01-Mar-2024_FS_06.dmp
  /backup/data_arch/APPYTTXX/FS/APPYTTXX_11-12-2025_1995_2000_01-May-2023_01-Mar-2024_FS_07.dmp
  /backup/data_arch/APPYTTXX/FS/APPYTTXX_11-12-2025_1995_2000_01-May-2023_01-Mar-2024_FS_08.dmp
  /backup/data_arch/APPYTTXX/FS/APPYTTXX_11-12-2025_1995_2000_01-May-2023_01-Mar-2024_FS_09.dmp
  /backup/data_arch/APPYTTXX/FS/APPYTTXX_11-12-2025_1995_2000_01-May-2023_01-Mar-2024_FS_10.dmp
Job "SYS"."SYS_EXPORT_TABLE_05" successfully completed at Thu Dec 11 23:10:45 2025 elapsed 0 00:00:58

TEMPLATE_NAME:  APPYTTXX
Error Count:  0
CURRENT DATE:  2025/12/11
Insert Data into PS_DATAMIN_EXPF_XX.

1 row created.


Commit complete.

Successful Export: Insert Done.
Template FSPRD-APPYTTXX successfully Exported, started at  Thu Dec 11 23:09:46 EST 2025 and finished at Thu Dec 11 23:10:49 EST 2025
----------------------------------------------------------------------------------------
Finished export of Template : APPYTTXX
----------------------------------------------------------------------------------------
#########################################################################################
Beginning export of Template : APVCHRXX
#########################################################################################
 
=> ( 1 ) APVCH_DSPL_H_XX : Get History Record Counts

1 row created.


Commit complete.

..Get TableSpace, Index & Index TableSpace

1 row created.


Commit complete.

=> ( 2 ) AP_ARC_BCH_XR_H : Get History Record Counts

1 row created.


Commit complete.

..Get TableSpace, Index & Index TableSpace

2 rows created.


Commit complete.

=> ( 3 ) AP_ARC_DIST_L_H : Get History Record Counts

1 row created.


Commit complete.

..Get TableSpace, Index & Index TableSpace

2 rows created.


Commit complete.

=> ( 4 ) AP_ARC_DIST_N_H : Get History Record Counts

1 row created.


Commit complete.

..Get TableSpace, Index & Index TableSpace

2 rows created.


Commit complete.

=> ( 5 ) AP_ARC_EXP_DL_H : Get History Record Counts

1 row created.


Commit complete.

..Get TableSpace, Index & Index TableSpace

1 row created.


Commit complete.

=> ( 6 ) AP_ARC_PYM_WT_H : Get History Record Counts

1 row created.


Commit complete.

..Get TableSpace, Index & Index TableSpace

2 rows created.


Commit complete.

=> ( 7 ) AP_ARC_PYM_XR_H : Get History Record Counts

1 row created.


Commit complete.

..Get TableSpace, Index & Index TableSpace

2 rows created.


Commit complete.

=> ( 8 ) AP_ARC_PY_MSG_H : Get History Record Counts

1 row created.


Commit complete.

..Get TableSpace, Index & Index TableSpace

2 rows created.


Commit complete.

=> ( 9 ) AP_ARC_VCHL_E_H : Get History Record Counts

1 row created.


Commit complete.

..Get TableSpace, Index & Index TableSpace

2 rows created.


Commit complete.

=> ( 10 ) AP_ARC_VCHL_M_H : Get History Record Counts

1 row created.


Commit complete.

..Get TableSpace, Index & Index TableSpace

2 rows created.


Commit complete.

=> ( 11 ) AP_ARC_VCH_AC_H : Get History Record Counts

1 row created.


Commit complete.

..Get TableSpace, Index & Index TableSpace

2 rows created.


Commit complete.

=> ( 12 ) AP_ARC_VCH_DO_H : Get History Record Counts

1 row created.


Commit complete.

..Get TableSpace, Index & Index TableSpace

2 rows created.


Commit complete.

=> ( 13 ) AP_ARC_VCH_FR_H : Get History Record Counts

1 row created.


Commit complete.

..Get TableSpace, Index & Index TableSpace

2 rows created.


Commit complete.

=> ( 14 ) AP_ARC_VCH_HP_H : Get History Record Counts

1 row created.


Commit complete.

..Get TableSpace, Index & Index TableSpace

2 rows created.


Commit complete.

=> ( 15 ) AP_ARC_VCH_LN_H : Get History Record Counts

1 row created.


Commit complete.

..Get TableSpace, Index & Index TableSpace

2 rows created.


Commit complete.

=> ( 16 ) AP_ARC_VCH_MS_H : Get History Record Counts

1 row created.


Commit complete.

..Get TableSpace, Index & Index TableSpace

2 rows created.


Commit complete.

=> ( 17 ) AP_ARC_VCH_RM_H : Get History Record Counts

1 row created.


Commit complete.

..Get TableSpace, Index & Index TableSpace

2 rows created.


Commit complete.

=> ( 18 ) AP_ARC_VCH_ST_H : Get History Record Counts

1 row created.


Commit complete.

..Get TableSpace, Index & Index TableSpace

2 rows created.


Commit complete.

=> ( 19 ) AP_ARC_VCH_TG_H : Get History Record Counts

1 row created.


Commit complete.

..Get TableSpace, Index & Index TableSpace

2 rows created.


Commit complete.

=> ( 20 ) AP_ARC_VCH_TX_H : Get History Record Counts

1 row created.


Commit complete.

..Get TableSpace, Index & Index TableSpace

2 rows created.


Commit complete.

=> ( 21 ) AP_ARC_VCH_UT_H : Get History Record Counts

1 row created.


Commit complete.

..Get TableSpace, Index & Index TableSpace

2 rows created.


Commit complete.

=> ( 22 ) AP_ARC_VCH_VB_H : Get History Record Counts

1 row created.


Commit complete.

..Get TableSpace, Index & Index TableSpace

2 rows created.


Commit complete.

=> ( 23 ) AP_ARC_VCH_VI_H : Get History Record Counts

1 row created.


Commit complete.

..Get TableSpace, Index & Index TableSpace

2 rows created.


Commit complete.

=> ( 24 ) AP_ARC_VCH_VN_H : Get History Record Counts

1 row created.


Commit complete.

..Get TableSpace, Index & Index TableSpace

3 rows created.


Commit complete.

=> ( 25 ) AP_ARC_VCH_WT_H : Get History Record Counts

1 row created.


Commit complete.

..Get TableSpace, Index & Index TableSpace

2 rows created.


Commit complete.

=> ( 26 ) AP_ARC_VOUCH_H : Get History Record Counts

1 row created.


Commit complete.

..Get TableSpace, Index & Index TableSpace

4 rows created.


Commit complete.

=> ( 27 ) DSTRPMTXRF_H_XX : Get History Record Counts

1 row created.


Commit complete.

..Get TableSpace, Index & Index TableSpace

1 row created.


Commit complete.

=> ( 28 ) LNWTHD_UPD_H_XX : Get History Record Counts

1 row created.


Commit complete.

..Get TableSpace, Index & Index TableSpace

3 rows created.


Commit complete.

=> ( 29 ) REMRPRT_H_XX : Get History Record Counts

1 row created.


Commit complete.

..Get TableSpace, Index & Index TableSpace

3 rows created.


Commit complete.

=> ( 30 ) RVLACTG_LN_H_XX : Get History Record Counts

1 row created.


Commit complete.

..Get TableSpace, Index & Index TableSpace

1 row created.


Commit complete.

=> ( 31 ) TSEALN_FLD_H_XX : Get History Record Counts

1 row created.


Commit complete.

..Get TableSpace, Index & Index TableSpace

1 row created.


Commit complete.

=> ( 32 ) TSEPMT_FLD_H_XX : Get History Record Counts

1 row created.


Commit complete.

..Get TableSpace, Index & Index TableSpace

1 row created.


Commit complete.

=> ( 33 ) TSEVCH_FLD_H_XX : Get History Record Counts

1 row created.


Commit complete.

..Get TableSpace, Index & Index TableSpace

1 row created.


Commit complete.

=> ( 34 ) TSEVLN_FLD_H_XX : Get History Record Counts

1 row created.


Commit complete.

..Get TableSpace, Index & Index TableSpace

1 row created.


Commit complete.

=> ( 35 ) TSE_VCHR_H_XX : Get History Record Counts

1 row created.


Commit complete.

..Get TableSpace, Index & Index TableSpace

1 row created.


Commit complete.

=> ( 36 ) UNMTCH_TMP_H_XX : Get History Record Counts

1 row created.


Commit complete.

..Get TableSpace, Index & Index TableSpace

1 row created.


Commit complete.

=> ( 37 ) VATXRF_VCH_H_XX : Get History Record Counts

1 row created.


Commit complete.

..Get TableSpace, Index & Index TableSpace

2 rows created.


Commit complete.

=> ( 38 ) VCHDUP_INV_H_XX : Get History Record Counts

1 row created.


Commit complete.

..Get TableSpace, Index & Index TableSpace

1 row created.


Commit complete.

=> ( 39 ) VCHRREG_LC_H_XX : Get History Record Counts

1 row created.


Commit complete.

..Get TableSpace, Index & Index TableSpace

1 row created.


Commit complete.

=> ( 40 ) VCHR_UPDT_H_XX : Get History Record Counts

1 row created.


Commit complete.

..Get TableSpace, Index & Index TableSpace

1 row created.


Commit complete.

=> ( 41 ) VED_DUPINV_H_XX : Get History Record Counts

1 row created.


Commit complete.

..Get TableSpace, Index & Index TableSpace

1 row created.


Commit complete.

=> ( 42 ) WTHD_UPDT_H_XX : Get History Record Counts

1 row created.


Commit complete.

..Get TableSpace, Index & Index TableSpace

1 row created.


Commit complete.


Export: Release 19.0.0.0.0 - Production on Thu Dec 11 23:11:41 2025
Version 19.27.0.0.0

Copyright (c) 1982, 2019, Oracle and/or its affiliates.  All rights reserved.

Connected to: Oracle Database 19c Enterprise Edition Release 19.0.0.0.0 - Production
FLASHBACK automatically enabled to preserve database integrity.
Starting "SYS"."SYS_EXPORT_TABLE_05":  userid="/******** AS SYSDBA" directory=APVCHRXX_FS dumpfile=APVCHRXX_11-12-2025_1995_2000_01-May-2023_01-Mar-2024_FS_%U.dmp logfile=APVCHRXX_11-12-2025_1995_2000_01-May-2023_01-Mar-2024_FS.log parallel=18 EXCLUDE=statistics EXCLUDE=TRIGGER ENCRYPTION=ALL ENCRYPTION_MODE=DUAL ENCRYPTION_ALGORITHM=AES256 ENCRYPTION_PASSWORD=******** FILESIZE=10G COMPRESSION=ALL TABLES=SYSADM.PS_APVCH_DSPL_H_XX QUERY=SYSADM.PS_APVCH_DSPL_H_XX:"WHERE PSARCH_ID='APVCHRXX' AND PSARCH_BATCHNUM||PSARCH_ID IN (SELECT PSARCH_BATCHNUM||PSARCH_ID FROM SYSADM.PSARCHBATCH WHERE PSARCH_DTTM >= '01-May-2023' AND PSARCH_DTTM < '01-Mar-2024')" TABLES=SYSADM.PS_AP_ARC_BCH_XR_H QUERY=SYSADM.PS_AP_ARC_BCH_XR_H:"WHERE PSARCH_ID='APVCHRXX' AND PSARCH_BATCHNUM||PSARCH_ID IN (SELECT PSARCH_BATCHNUM||PSARCH_ID FROM SYSADM.PSARCHBATCH WHERE PSARCH_DTTM >= '01-May-2023' AND PSARCH_DTTM < '01-Mar-2024')" TABLES=SYSADM.PS_AP_ARC_DIST_L_H QUERY=SYSADM.PS_AP_ARC_DIST_L_H:"WHERE PSARCH_ID='APVCHRXX' AND PSARCH_BATCHNUM||PSARCH_ID IN (SELECT PSARCH_BATCHNUM||PSARCH_ID FROM SYSADM.PSARCHBATCH WHERE PSARCH_DTTM >= '01-May-2023' AND PSARCH_DTTM < '01-Mar-2024')" TABLES=SYSADM.PS_AP_ARC_DIST_N_H QUERY=SYSADM.PS_AP_ARC_DIST_N_H:"WHERE PSARCH_ID='APVCHRXX' AND PSARCH_BATCHNUM||PSARCH_ID IN (SELECT PSARCH_BATCHNUM||PSARCH_ID FROM SYSADM.PSARCHBATCH WHERE PSARCH_DTTM >= '01-May-2023' AND PSARCH_DTTM < '01-Mar-2024')" TABLES=SYSADM.PS_AP_ARC_EXP_DL_H QUERY=SYSADM.PS_AP_ARC_EXP_DL_H:"WHERE PSARCH_ID='APVCHRXX' AND PSARCH_BATCHNUM||PSARCH_ID IN (SELECT PSARCH_BATCHNUM||PSARCH_ID FROM SYSADM.PSARCHBATCH WHERE PSARCH_DTTM >= '01-May-2023' AND PSARCH_DTTM < '01-Mar-2024')" TABLES=SYSADM.PS_AP_ARC_PYM_WT_H QUERY=SYSADM.PS_AP_ARC_PYM_WT_H:"WHERE PSARCH_ID='APVCHRXX' AND PSARCH_BATCHNUM||PSARCH_ID IN (SELECT PSARCH_BATCHNUM||PSARCH_ID FROM SYSADM.PSARCHBATCH WHERE PSARCH_DTTM >= '01-May-2023' AND PSARCH_DTTM < '01-Mar-2024')" TABLES=SYSADM.PS_AP_ARC_PYM_XR_H QUERY=SYSADM.PS_AP_ARC_P
Processing object type TABLE_EXPORT/TABLE/PROCACT_INSTANCE
Processing object type TABLE_EXPORT/TABLE/TABLE
Processing object type TABLE_EXPORT/TABLE/INDEX/FUNCTIONAL_INDEX/INDEX
Processing object type TABLE_EXPORT/TABLE/GRANT/OWNER_GRANT/OBJECT_GRANT
Processing object type TABLE_EXPORT/TABLE/TABLE_DATA
. . exported "SYSADM"."PS_AP_ARC_VCH_AC_H"               332.6 MB 5181089 rows
. . exported "SYSADM"."PS_UNMTCH_TMP_H_XX"               5.523 KB      19 rows
Processing object type TABLE_EXPORT/TABLE/INDEX/INDEX
. . exported "SYSADM"."PS_AP_ARC_VCHL_M_H"               645.1 KB   82946 rows
. . exported "SYSADM"."PS_VCHRREG_LC_H_XX"               695.4 KB  566074 rows
. . exported "SYSADM"."PS_AP_ARC_VCH_WT_H"               62.17 KB   22074 rows
. . exported "SYSADM"."PS_AP_ARC_PYM_WT_H"               430.1 KB   19568 rows
. . exported "SYSADM"."PS_AP_ARC_PY_MSG_H"               5.593 KB      20 rows
. . exported "SYSADM"."PS_VED_DUPINV_H_XX"               5.570 KB       0 rows
. . exported "SYSADM"."PS_DSTRPMTXRF_H_XX"               10.51 KB      42 rows
. . exported "SYSADM"."PS_AP_ARC_VCH_RM_H"               6.398 KB       0 rows
. . exported "SYSADM"."PS_AP_ARC_VCH_MS_H"               7.304 KB       0 rows
. . exported "SYSADM"."PS_AP_ARC_DIST_N_H"               7.937 KB       0 rows
. . exported "SYSADM"."PS_APVCH_DSPL_H_XX"               5.179 KB       0 rows
. . exported "SYSADM"."PS_WTHD_UPDT_H_XX"                5.640 KB       0 rows
. . exported "SYSADM"."PS_AP_ARC_BCH_XR_H"                   0 KB       0 rows
. . exported "SYSADM"."PS_AP_ARC_EXP_DL_H"                   0 KB       0 rows
. . exported "SYSADM"."PS_AP_ARC_VCHL_E_H"                   0 KB       0 rows
. . exported "SYSADM"."PS_AP_ARC_VCH_HP_H"                   0 KB       0 rows
. . exported "SYSADM"."PS_AP_ARC_VCH_TG_H"                   0 KB       0 rows
. . exported "SYSADM"."PS_AP_ARC_VCH_TX_H"                   0 KB       0 rows
. . exported "SYSADM"."PS_AP_ARC_VCH_VB_H"                   0 KB       0 rows
. . exported "SYSADM"."PS_AP_ARC_VCH_VI_H"                   0 KB       0 rows
. . exported "SYSADM"."PS_AP_ARC_VCH_VN_H"                   0 KB       0 rows
. . exported "SYSADM"."PS_REMRPRT_H_XX"                      0 KB       0 rows
. . exported "SYSADM"."PS_TSEALN_FLD_H_XX"                   0 KB       0 rows
. . exported "SYSADM"."PS_TSEPMT_FLD_H_XX"                   0 KB       0 rows
. . exported "SYSADM"."PS_TSEVCH_FLD_H_XX"                   0 KB       0 rows
. . exported "SYSADM"."PS_TSEVLN_FLD_H_XX"                   0 KB       0 rows
. . exported "SYSADM"."PS_TSE_VCHR_H_XX"                     0 KB       0 rows
. . exported "SYSADM"."PS_AP_ARC_VCH_FR_H"               367.6 KB   29105 rows
. . exported "SYSADM"."PS_AP_ARC_VCH_ST_H"               512.3 KB   51160 rows
. . exported "SYSADM"."PS_VCHDUP_INV_H_XX"               20.53 KB     957 rows
. . exported "SYSADM"."PS_AP_ARC_VCH_DO_H"               5.726 KB       0 rows
. . exported "SYSADM"."PS_VCHR_UPDT_H_XX"                6.109 KB       0 rows
. . exported "SYSADM"."PS_AP_ARC_VCH_UT_H"               338.3 KB   51333 rows
. . exported "SYSADM"."PS_VATXRF_VCH_H_XX"               6.109 KB       0 rows
. . exported "SYSADM"."PS_RVLACTG_LN_H_XX"               8.164 KB       0 rows
. . exported "SYSADM"."PS_LNWTHD_UPD_H_XX"               5.742 KB       0 rows
. . exported "SYSADM"."PS_AP_ARC_PYM_XR_H"               32.28 MB  579392 rows
. . exported "SYSADM"."PS_AP_ARC_VOUCH_H"                61.76 MB  566074 rows
. . exported "SYSADM"."PS_AP_ARC_VCH_LN_H"               43.73 MB  654395 rows
. . exported "SYSADM"."PS_AP_ARC_DIST_L_H"               79.47 MB 1124091 rows
Master table "SYS"."SYS_EXPORT_TABLE_05" successfully loaded/unloaded
******************************************************************************
Dump file set for SYS.SYS_EXPORT_TABLE_05 is:
  /backup/data_arch/APVCHRXX/FS/APVCHRXX_11-12-2025_1995_2000_01-May-2023_01-Mar-2024_FS_01.dmp
  /backup/data_arch/APVCHRXX/FS/APVCHRXX_11-12-2025_1995_2000_01-May-2023_01-Mar-2024_FS_02.dmp
  /backup/data_arch/APVCHRXX/FS/APVCHRXX_11-12-2025_1995_2000_01-May-2023_01-Mar-2024_FS_03.dmp
  /backup/data_arch/APVCHRXX/FS/APVCHRXX_11-12-2025_1995_2000_01-May-2023_01-Mar-2024_FS_04.dmp
  /backup/data_arch/APVCHRXX/FS/APVCHRXX_11-12-2025_1995_2000_01-May-2023_01-Mar-2024_FS_05.dmp
  /backup/data_arch/APVCHRXX/FS/APVCHRXX_11-12-2025_1995_2000_01-May-2023_01-Mar-2024_FS_06.dmp
  /backup/data_arch/APVCHRXX/FS/APVCHRXX_11-12-2025_1995_2000_01-May-2023_01-Mar-2024_FS_07.dmp
  /backup/data_arch/APVCHRXX/FS/APVCHRXX_11-12-2025_1995_2000_01-May-2023_01-Mar-2024_FS_08.dmp
  /backup/data_arch/APVCHRXX/FS/APVCHRXX_11-12-2025_1995_2000_01-May-2023_01-Mar-2024_FS_09.dmp
  /backup/data_arch/APVCHRXX/FS/APVCHRXX_11-12-2025_1995_2000_01-May-2023_01-Mar-2024_FS_10.dmp
  /backup/data_arch/APVCHRXX/FS/APVCHRXX_11-12-2025_1995_2000_01-May-2023_01-Mar-2024_FS_11.dmp
  /backup/data_arch/APVCHRXX/FS/APVCHRXX_11-12-2025_1995_2000_01-May-2023_01-Mar-2024_FS_12.dmp
  /backup/data_arch/APVCHRXX/FS/APVCHRXX_11-12-2025_1995_2000_01-May-2023_01-Mar-2024_FS_13.dmp
  /backup/data_arch/APVCHRXX/FS/APVCHRXX_11-12-2025_1995_2000_01-May-2023_01-Mar-2024_FS_14.dmp
  /backup/data_arch/APVCHRXX/FS/APVCHRXX_11-12-2025_1995_2000_01-May-2023_01-Mar-2024_FS_15.dmp
  /backup/data_arch/APVCHRXX/FS/APVCHRXX_11-12-2025_1995_2000_01-May-2023_01-Mar-2024_FS_16.dmp
  /backup/data_arch/APVCHRXX/FS/APVCHRXX_11-12-2025_1995_2000_01-May-2023_01-Mar-2024_FS_17.dmp
  /backup/data_arch/APVCHRXX/FS/APVCHRXX_11-12-2025_1995_2000_01-May-2023_01-Mar-2024_FS_18.dmp
  /backup/data_arch/APVCHRXX/FS/APVCHRXX_11-12-2025_1995_2000_01-May-2023_01-Mar-2024_FS_19.dmp
  /backup/data_arch/APVCHRXX/FS/APVCHRXX_11-12-2025_1995_2000_01-May-2023_01-Mar-2024_FS_20.dmp
  /backup/data_arch/APVCHRXX/FS/APVCHRXX_11-12-2025_1995_2000_01-May-2023_01-Mar-2024_FS_21.dmp
  /backup/data_arch/APVCHRXX/FS/APVCHRXX_11-12-2025_1995_2000_01-May-2023_01-Mar-2024_FS_22.dmp
  /backup/data_arch/APVCHRXX/FS/APVCHRXX_11-12-2025_1995_2000_01-May-2023_01-Mar-2024_FS_23.dmp
  /backup/data_arch/APVCHRXX/FS/APVCHRXX_11-12-2025_1995_2000_01-May-2023_01-Mar-2024_FS_24.dmp
Job "SYS"."SYS_EXPORT_TABLE_05" successfully completed at Thu Dec 11 23:19:26 2025 elapsed 0 00:07:43

TEMPLATE_NAME:  APVCHRXX
Error Count:  0
CURRENT DATE:  2025/12/11
Insert Data into PS_DATAMIN_EXPF_XX.

1 row created.


Commit complete.

Successful Export: Insert Done.
Template FSPRD-APVCHRXX successfully Exported, started at  Thu Dec 11 23:11:41 EST 2025 and finished at Thu Dec 11 23:19:31 EST 2025
----------------------------------------------------------------------------------------
Finished export of Template : APVCHRXX
----------------------------------------------------------------------------------------
#########################################################################################
Beginning export of Template : APY18_XX
#########################################################################################
 
=> ( 1 ) APYX18_IFC_H_XX : Get History Record Counts

1 row created.


Commit complete.

..Get TableSpace, Index & Index TableSpace

1 row created.


Commit complete.


Export: Release 19.0.0.0.0 - Production on Thu Dec 11 23:19:32 2025
Version 19.27.0.0.0

Copyright (c) 1982, 2019, Oracle and/or its affiliates.  All rights reserved.

Connected to: Oracle Database 19c Enterprise Edition Release 19.0.0.0.0 - Production
FLASHBACK automatically enabled to preserve database integrity.
Starting "SYS"."SYS_EXPORT_TABLE_05":  userid="/******** AS SYSDBA" directory=APY18_XX_FS dumpfile=APY18_XX_11-12-2025_1995_2000_01-May-2023_01-Mar-2024_FS_%U.dmp logfile=APY18_XX_11-12-2025_1995_2000_01-May-2023_01-Mar-2024_FS.log parallel=18 EXCLUDE=statistics EXCLUDE=TRIGGER ENCRYPTION=ALL ENCRYPTION_MODE=DUAL ENCRYPTION_ALGORITHM=AES256 ENCRYPTION_PASSWORD=******** FILESIZE=10G COMPRESSION=ALL TABLES=SYSADM.PS_APYX18_IFC_H_XX QUERY=SYSADM.PS_APYX18_IFC_H_XX:"WHERE PSARCH_ID='APY18_XX' AND PSARCH_BATCHNUM||PSARCH_ID IN (SELECT PSARCH_BATCHNUM||PSARCH_ID FROM SYSADM.PSARCHBATCH WHERE PSARCH_DTTM >= '01-May-2023' AND PSARCH_DTTM < '01-Mar-2024')" 
Processing object type TABLE_EXPORT/TABLE/PROCACT_INSTANCE
Processing object type TABLE_EXPORT/TABLE/TABLE
Processing object type TABLE_EXPORT/TABLE/GRANT/OWNER_GRANT/OBJECT_GRANT
Processing object type TABLE_EXPORT/TABLE/TABLE_DATA
Processing object type TABLE_EXPORT/TABLE/INDEX/INDEX
. . exported "SYSADM"."PS_APYX18_IFC_H_XX"               22.82 KB       0 rows
Master table "SYS"."SYS_EXPORT_TABLE_05" successfully loaded/unloaded
******************************************************************************
Dump file set for SYS.SYS_EXPORT_TABLE_05 is:
  /backup/data_arch/APY18_XX/FS/APY18_XX_11-12-2025_1995_2000_01-May-2023_01-Mar-2024_FS_01.dmp
  /backup/data_arch/APY18_XX/FS/APY18_XX_11-12-2025_1995_2000_01-May-2023_01-Mar-2024_FS_02.dmp
  /backup/data_arch/APY18_XX/FS/APY18_XX_11-12-2025_1995_2000_01-May-2023_01-Mar-2024_FS_03.dmp
  /backup/data_arch/APY18_XX/FS/APY18_XX_11-12-2025_1995_2000_01-May-2023_01-Mar-2024_FS_04.dmp
  /backup/data_arch/APY18_XX/FS/APY18_XX_11-12-2025_1995_2000_01-May-2023_01-Mar-2024_FS_05.dmp
  /backup/data_arch/APY18_XX/FS/APY18_XX_11-12-2025_1995_2000_01-May-2023_01-Mar-2024_FS_06.dmp
  /backup/data_arch/APY18_XX/FS/APY18_XX_11-12-2025_1995_2000_01-May-2023_01-Mar-2024_FS_07.dmp
  /backup/data_arch/APY18_XX/FS/APY18_XX_11-12-2025_1995_2000_01-May-2023_01-Mar-2024_FS_08.dmp
  /backup/data_arch/APY18_XX/FS/APY18_XX_11-12-2025_1995_2000_01-May-2023_01-Mar-2024_FS_09.dmp
  /backup/data_arch/APY18_XX/FS/APY18_XX_11-12-2025_1995_2000_01-May-2023_01-Mar-2024_FS_10.dmp
  /backup/data_arch/APY18_XX/FS/APY18_XX_11-12-2025_1995_2000_01-May-2023_01-Mar-2024_FS_11.dmp
Job "SYS"."SYS_EXPORT_TABLE_05" successfully completed at Thu Dec 11 23:21:10 2025 elapsed 0 00:01:38

TEMPLATE_NAME:  APY18_XX
Error Count:  0
CURRENT DATE:  2025/12/11
Insert Data into PS_DATAMIN_EXPF_XX.

1 row created.


Commit complete.

Successful Export: Insert Done.
Template FSPRD-APY18_XX successfully Exported, started at  Thu Dec 11 23:19:32 EST 2025 and finished at Thu Dec 11 23:21:15 EST 2025
----------------------------------------------------------------------------------------
Finished export of Template : APY18_XX
----------------------------------------------------------------------------------------
#########################################################################################
Beginning export of Template : APY42_XX
#########################################################################################
 
=> ( 1 ) APYX42_IFC_H_XX : Get History Record Counts

1 row created.


Commit complete.

..Get TableSpace, Index & Index TableSpace

1 row created.


Commit complete.


Export: Release 19.0.0.0.0 - Production on Thu Dec 11 23:21:15 2025
Version 19.27.0.0.0

Copyright (c) 1982, 2019, Oracle and/or its affiliates.  All rights reserved.

Connected to: Oracle Database 19c Enterprise Edition Release 19.0.0.0.0 - Production
FLASHBACK automatically enabled to preserve database integrity.
Starting "SYS"."SYS_EXPORT_TABLE_05":  userid="/******** AS SYSDBA" directory=APY42_XX_FS dumpfile=APY42_XX_11-12-2025_1995_2000_01-May-2023_01-Mar-2024_FS_%U.dmp logfile=APY42_XX_11-12-2025_1995_2000_01-May-2023_01-Mar-2024_FS.log parallel=18 EXCLUDE=statistics EXCLUDE=TRIGGER ENCRYPTION=ALL ENCRYPTION_MODE=DUAL ENCRYPTION_ALGORITHM=AES256 ENCRYPTION_PASSWORD=******** FILESIZE=10G COMPRESSION=ALL TABLES=SYSADM.PS_APYX42_IFC_H_XX QUERY=SYSADM.PS_APYX42_IFC_H_XX:"WHERE PSARCH_ID='APY42_XX' AND PSARCH_BATCHNUM||PSARCH_ID IN (SELECT PSARCH_BATCHNUM||PSARCH_ID FROM SYSADM.PSARCHBATCH WHERE PSARCH_DTTM >= '01-May-2023' AND PSARCH_DTTM < '01-Mar-2024')" 
Processing object type TABLE_EXPORT/TABLE/PROCACT_INSTANCE
Processing object type TABLE_EXPORT/TABLE/TABLE
Processing object type TABLE_EXPORT/TABLE/GRANT/OWNER_GRANT/OBJECT_GRANT
Processing object type TABLE_EXPORT/TABLE/TABLE_DATA
. . exported "SYSADM"."PS_APYX42_IFC_H_XX"               7.937 KB       0 rows
Processing object type TABLE_EXPORT/TABLE/INDEX/INDEX
Master table "SYS"."SYS_EXPORT_TABLE_05" successfully loaded/unloaded
******************************************************************************
Dump file set for SYS.SYS_EXPORT_TABLE_05 is:
  /backup/data_arch/APY42_XX/FS/APY42_XX_11-12-2025_1995_2000_01-May-2023_01-Mar-2024_FS_01.dmp
  /backup/data_arch/APY42_XX/FS/APY42_XX_11-12-2025_1995_2000_01-May-2023_01-Mar-2024_FS_02.dmp
  /backup/data_arch/APY42_XX/FS/APY42_XX_11-12-2025_1995_2000_01-May-2023_01-Mar-2024_FS_03.dmp
  /backup/data_arch/APY42_XX/FS/APY42_XX_11-12-2025_1995_2000_01-May-2023_01-Mar-2024_FS_04.dmp
  /backup/data_arch/APY42_XX/FS/APY42_XX_11-12-2025_1995_2000_01-May-2023_01-Mar-2024_FS_05.dmp
  /backup/data_arch/APY42_XX/FS/APY42_XX_11-12-2025_1995_2000_01-May-2023_01-Mar-2024_FS_06.dmp
  /backup/data_arch/APY42_XX/FS/APY42_XX_11-12-2025_1995_2000_01-May-2023_01-Mar-2024_FS_07.dmp
  /backup/data_arch/APY42_XX/FS/APY42_XX_11-12-2025_1995_2000_01-May-2023_01-Mar-2024_FS_08.dmp
  /backup/data_arch/APY42_XX/FS/APY42_XX_11-12-2025_1995_2000_01-May-2023_01-Mar-2024_FS_09.dmp
  /backup/data_arch/APY42_XX/FS/APY42_XX_11-12-2025_1995_2000_01-May-2023_01-Mar-2024_FS_10.dmp
Job "SYS"."SYS_EXPORT_TABLE_05" successfully completed at Thu Dec 11 23:22:12 2025 elapsed 0 00:00:55

TEMPLATE_NAME:  APY42_XX
Error Count:  0
CURRENT DATE:  2025/12/11
Insert Data into PS_DATAMIN_EXPF_XX.

1 row created.


Commit complete.

Successful Export: Insert Done.
Template FSPRD-APY42_XX successfully Exported, started at  Thu Dec 11 23:21:15 EST 2025 and finished at Thu Dec 11 23:22:16 EST 2025
----------------------------------------------------------------------------------------
Finished export of Template : APY42_XX
----------------------------------------------------------------------------------------
#########################################################################################
Beginning export of Template : AP_PYMNT
#########################################################################################
 
=> ( 1 ) AP_ARC_PYM_AD_H : Get History Record Counts

1 row created.


Commit complete.

..Get TableSpace, Index & Index TableSpace

2 rows created.


Commit complete.

=> ( 2 ) AP_ARC_PYM_RC_H : Get History Record Counts

1 row created.


Commit complete.

..Get TableSpace, Index & Index TableSpace

2 rows created.


Commit complete.

=> ( 3 ) AP_ARC_PYM_TB_H : Get History Record Counts

1 row created.


Commit complete.

..Get TableSpace, Index & Index TableSpace

5 rows created.


Commit complete.

=> ( 4 ) AP_SUPPRES_H_XX : Get History Record Counts

1 row created.


Commit complete.

..Get TableSpace, Index & Index TableSpace

1 row created.


Commit complete.

=> ( 5 ) PAYMNT_TBL_H_XX : Get History Record Counts

1 row created.


Commit complete.

..Get TableSpace, Index & Index TableSpace

1 row created.


Commit complete.

=> ( 6 ) PYMNT_ADVC_H_XX : Get History Record Counts

1 row created.


Commit complete.

..Get TableSpace, Index & Index TableSpace

1 row created.


Commit complete.

=> ( 7 ) WTH_TRXTBL_H_XX : Get History Record Counts

1 row created.


Commit complete.

..Get TableSpace, Index & Index TableSpace

1 row created.


Commit complete.


Export: Release 19.0.0.0.0 - Production on Thu Dec 11 23:22:20 2025
Version 19.27.0.0.0

Copyright (c) 1982, 2019, Oracle and/or its affiliates.  All rights reserved.

Connected to: Oracle Database 19c Enterprise Edition Release 19.0.0.0.0 - Production
FLASHBACK automatically enabled to preserve database integrity.
Starting "SYS"."SYS_EXPORT_TABLE_05":  userid="/******** AS SYSDBA" directory=AP_PYMNT_FS dumpfile=AP_PYMNT_11-12-2025_1995_2000_01-May-2023_01-Mar-2024_FS_%U.dmp logfile=AP_PYMNT_11-12-2025_1995_2000_01-May-2023_01-Mar-2024_FS.log parallel=18 EXCLUDE=statistics EXCLUDE=TRIGGER ENCRYPTION=ALL ENCRYPTION_MODE=DUAL ENCRYPTION_ALGORITHM=AES256 ENCRYPTION_PASSWORD=******** FILESIZE=10G COMPRESSION=ALL TABLES=SYSADM.PS_AP_ARC_PYM_AD_H QUERY=SYSADM.PS_AP_ARC_PYM_AD_H:"WHERE PSARCH_ID='AP_PYMNT' AND PSARCH_BATCHNUM||PSARCH_ID IN (SELECT PSARCH_BATCHNUM||PSARCH_ID FROM SYSADM.PSARCHBATCH WHERE PSARCH_DTTM >= '01-May-2023' AND PSARCH_DTTM < '01-Mar-2024')" TABLES=SYSADM.PS_AP_ARC_PYM_RC_H QUERY=SYSADM.PS_AP_ARC_PYM_RC_H:"WHERE PSARCH_ID='AP_PYMNT' AND PSARCH_BATCHNUM||PSARCH_ID IN (SELECT PSARCH_BATCHNUM||PSARCH_ID FROM SYSADM.PSARCHBATCH WHERE PSARCH_DTTM >= '01-May-2023' AND PSARCH_DTTM < '01-Mar-2024')" TABLES=SYSADM.PS_AP_ARC_PYM_TB_H QUERY=SYSADM.PS_AP_ARC_PYM_TB_H:"WHERE PSARCH_ID='AP_PYMNT' AND PSARCH_BATCHNUM||PSARCH_ID IN (SELECT PSARCH_BATCHNUM||PSARCH_ID FROM SYSADM.PSARCHBATCH WHERE PSARCH_DTTM >= '01-May-2023' AND PSARCH_DTTM < '01-Mar-2024')" TABLES=SYSADM.PS_AP_SUPPRES_H_XX QUERY=SYSADM.PS_AP_SUPPRES_H_XX:"WHERE PSARCH_ID='AP_PYMNT' AND PSARCH_BATCHNUM||PSARCH_ID IN (SELECT PSARCH_BATCHNUM||PSARCH_ID FROM SYSADM.PSARCHBATCH WHERE PSARCH_DTTM >= '01-May-2023' AND PSARCH_DTTM < '01-Mar-2024')" TABLES=SYSADM.PS_PAYMNT_TBL_H_XX QUERY=SYSADM.PS_PAYMNT_TBL_H_XX:"WHERE PSARCH_ID='AP_PYMNT' AND PSARCH_BATCHNUM||PSARCH_ID IN (SELECT PSARCH_BATCHNUM||PSARCH_ID FROM SYSADM.PSARCHBATCH WHERE PSARCH_DTTM >= '01-May-2023' AND PSARCH_DTTM < '01-Mar-2024')" TABLES=SYSADM.PS_PYMNT_ADVC_H_XX QUERY=SYSADM.PS_PYMNT_ADVC_H_XX:"WHERE PSARCH_ID='AP_PYMNT' AND PSARCH_BATCHNUM||PSARCH_ID IN (SELECT PSARCH_BATCHNUM||PSARCH_ID FROM SYSADM.PSARCHBATCH WHERE PSARCH_DTTM >= '01-May-2023' AND PSARCH_DTTM < '01-Mar-2024')" TABLES=SYSADM.PS_WTH_TRXTBL_H_XX QUERY=SYSADM.PS_WTH_TRXT
Processing object type TABLE_EXPORT/TABLE/PROCACT_INSTANCE
Processing object type TABLE_EXPORT/TABLE/TABLE
Processing object type TABLE_EXPORT/TABLE/INDEX/FUNCTIONAL_INDEX/INDEX
Processing object type TABLE_EXPORT/TABLE/GRANT/OWNER_GRANT/OBJECT_GRANT
Processing object type TABLE_EXPORT/TABLE/TABLE_DATA
. . exported "SYSADM"."PS_AP_ARC_PYM_AD_H"               55.75 KB       0 rows
. . exported "SYSADM"."PS_AP_ARC_PYM_TB_H"               68.48 KB       0 rows
. . exported "SYSADM"."PS_WTH_TRXTBL_H_XX"               7.054 KB       0 rows
. . exported "SYSADM"."PS_AP_SUPPRES_H_XX"               5.273 KB       0 rows
Processing object type TABLE_EXPORT/TABLE/INDEX/INDEX
. . exported "SYSADM"."PS_PAYMNT_TBL_H_XX"               5.203 KB       0 rows
. . exported "SYSADM"."PS_AP_ARC_PYM_RC_H"               5.843 KB       0 rows
. . exported "SYSADM"."PS_PYMNT_ADVC_H_XX"               28.25 KB       0 rows
Master table "SYS"."SYS_EXPORT_TABLE_05" successfully loaded/unloaded
******************************************************************************
Dump file set for SYS.SYS_EXPORT_TABLE_05 is:
  /backup/data_arch/AP_PYMNT/FS/AP_PYMNT_11-12-2025_1995_2000_01-May-2023_01-Mar-2024_FS_01.dmp
  /backup/data_arch/AP_PYMNT/FS/AP_PYMNT_11-12-2025_1995_2000_01-May-2023_01-Mar-2024_FS_02.dmp
  /backup/data_arch/AP_PYMNT/FS/AP_PYMNT_11-12-2025_1995_2000_01-May-2023_01-Mar-2024_FS_03.dmp
  /backup/data_arch/AP_PYMNT/FS/AP_PYMNT_11-12-2025_1995_2000_01-May-2023_01-Mar-2024_FS_04.dmp
  /backup/data_arch/AP_PYMNT/FS/AP_PYMNT_11-12-2025_1995_2000_01-May-2023_01-Mar-2024_FS_05.dmp
  /backup/data_arch/AP_PYMNT/FS/AP_PYMNT_11-12-2025_1995_2000_01-May-2023_01-Mar-2024_FS_06.dmp
  /backup/data_arch/AP_PYMNT/FS/AP_PYMNT_11-12-2025_1995_2000_01-May-2023_01-Mar-2024_FS_07.dmp
  /backup/data_arch/AP_PYMNT/FS/AP_PYMNT_11-12-2025_1995_2000_01-May-2023_01-Mar-2024_FS_08.dmp
  /backup/data_arch/AP_PYMNT/FS/AP_PYMNT_11-12-2025_1995_2000_01-May-2023_01-Mar-2024_FS_09.dmp
  /backup/data_arch/AP_PYMNT/FS/AP_PYMNT_11-12-2025_1995_2000_01-May-2023_01-Mar-2024_FS_10.dmp
  /backup/data_arch/AP_PYMNT/FS/AP_PYMNT_11-12-2025_1995_2000_01-May-2023_01-Mar-2024_FS_11.dmp
  /backup/data_arch/AP_PYMNT/FS/AP_PYMNT_11-12-2025_1995_2000_01-May-2023_01-Mar-2024_FS_12.dmp
  /backup/data_arch/AP_PYMNT/FS/AP_PYMNT_11-12-2025_1995_2000_01-May-2023_01-Mar-2024_FS_13.dmp
  /backup/data_arch/AP_PYMNT/FS/AP_PYMNT_11-12-2025_1995_2000_01-May-2023_01-Mar-2024_FS_14.dmp
  /backup/data_arch/AP_PYMNT/FS/AP_PYMNT_11-12-2025_1995_2000_01-May-2023_01-Mar-2024_FS_15.dmp
  /backup/data_arch/AP_PYMNT/FS/AP_PYMNT_11-12-2025_1995_2000_01-May-2023_01-Mar-2024_FS_16.dmp
  /backup/data_arch/AP_PYMNT/FS/AP_PYMNT_11-12-2025_1995_2000_01-May-2023_01-Mar-2024_FS_17.dmp
  /backup/data_arch/AP_PYMNT/FS/AP_PYMNT_11-12-2025_1995_2000_01-May-2023_01-Mar-2024_FS_18.dmp
  /backup/data_arch/AP_PYMNT/FS/AP_PYMNT_11-12-2025_1995_2000_01-May-2023_01-Mar-2024_FS_19.dmp
  /backup/data_arch/AP_PYMNT/FS/AP_PYMNT_11-12-2025_1995_2000_01-May-2023_01-Mar-2024_FS_20.dmp
  /backup/data_arch/AP_PYMNT/FS/AP_PYMNT_11-12-2025_1995_2000_01-May-2023_01-Mar-2024_FS_21.dmp
  /backup/data_arch/AP_PYMNT/FS/AP_PYMNT_11-12-2025_1995_2000_01-May-2023_01-Mar-2024_FS_22.dmp
Job "SYS"."SYS_EXPORT_TABLE_05" successfully completed at Thu Dec 11 23:23:26 2025 elapsed 0 00:01:06

TEMPLATE_NAME:  AP_PYMNT
Error Count:  0
CURRENT DATE:  2025/12/11
Insert Data into PS_DATAMIN_EXPF_XX.

1 row created.


Commit complete.

Successful Export: Insert Done.
Template FSPRD-AP_PYMNT successfully Exported, started at  Thu Dec 11 23:22:20 EST 2025 and finished at Thu Dec 11 23:23:31 EST 2025
----------------------------------------------------------------------------------------
Finished export of Template : AP_PYMNT
----------------------------------------------------------------------------------------
#########################################################################################
Beginning export of Template : ARACTLST
#########################################################################################
 
=> ( 1 ) AR_ACTION_LST_H : Get History Record Counts

1 row created.


Commit complete.

..Get TableSpace, Index & Index TableSpace

1 row created.


Commit complete.


Export: Release 19.0.0.0.0 - Production on Thu Dec 11 23:23:31 2025
Version 19.27.0.0.0

Copyright (c) 1982, 2019, Oracle and/or its affiliates.  All rights reserved.

Connected to: Oracle Database 19c Enterprise Edition Release 19.0.0.0.0 - Production
FLASHBACK automatically enabled to preserve database integrity.
Starting "SYS"."SYS_EXPORT_TABLE_05":  userid="/******** AS SYSDBA" directory=ARACTLST_FS dumpfile=ARACTLST_11-12-2025_1995_2000_01-May-2023_01-Mar-2024_FS_%U.dmp logfile=ARACTLST_11-12-2025_1995_2000_01-May-2023_01-Mar-2024_FS.log parallel=18 EXCLUDE=statistics EXCLUDE=TRIGGER ENCRYPTION=ALL ENCRYPTION_MODE=DUAL ENCRYPTION_ALGORITHM=AES256 ENCRYPTION_PASSWORD=******** FILESIZE=10G COMPRESSION=ALL TABLES=SYSADM.PS_AR_ACTION_LST_H QUERY=SYSADM.PS_AR_ACTION_LST_H:"WHERE PSARCH_ID='ARACTLST' AND PSARCH_BATCHNUM||PSARCH_ID IN (SELECT PSARCH_BATCHNUM||PSARCH_ID FROM SYSADM.PSARCHBATCH WHERE PSARCH_DTTM >= '01-May-2023' AND PSARCH_DTTM < '01-Mar-2024')" 
Processing object type TABLE_EXPORT/TABLE/PROCACT_INSTANCE
Processing object type TABLE_EXPORT/TABLE/TABLE
Processing object type TABLE_EXPORT/TABLE/GRANT/OWNER_GRANT/OBJECT_GRANT
Processing object type TABLE_EXPORT/TABLE/TABLE_DATA
. . exported "SYSADM"."PS_AR_ACTION_LST_H"               9.156 KB       0 rows
Processing object type TABLE_EXPORT/TABLE/INDEX/INDEX
Master table "SYS"."SYS_EXPORT_TABLE_05" successfully loaded/unloaded
******************************************************************************
Dump file set for SYS.SYS_EXPORT_TABLE_05 is:
  /backup/data_arch/ARACTLST/FS/ARACTLST_11-12-2025_1995_2000_01-May-2023_01-Mar-2024_FS_01.dmp
  /backup/data_arch/ARACTLST/FS/ARACTLST_11-12-2025_1995_2000_01-May-2023_01-Mar-2024_FS_02.dmp
  /backup/data_arch/ARACTLST/FS/ARACTLST_11-12-2025_1995_2000_01-May-2023_01-Mar-2024_FS_03.dmp
  /backup/data_arch/ARACTLST/FS/ARACTLST_11-12-2025_1995_2000_01-May-2023_01-Mar-2024_FS_04.dmp
  /backup/data_arch/ARACTLST/FS/ARACTLST_11-12-2025_1995_2000_01-May-2023_01-Mar-2024_FS_05.dmp
  /backup/data_arch/ARACTLST/FS/ARACTLST_11-12-2025_1995_2000_01-May-2023_01-Mar-2024_FS_06.dmp
  /backup/data_arch/ARACTLST/FS/ARACTLST_11-12-2025_1995_2000_01-May-2023_01-Mar-2024_FS_07.dmp
  /backup/data_arch/ARACTLST/FS/ARACTLST_11-12-2025_1995_2000_01-May-2023_01-Mar-2024_FS_08.dmp
  /backup/data_arch/ARACTLST/FS/ARACTLST_11-12-2025_1995_2000_01-May-2023_01-Mar-2024_FS_09.dmp
  /backup/data_arch/ARACTLST/FS/ARACTLST_11-12-2025_1995_2000_01-May-2023_01-Mar-2024_FS_10.dmp
Job "SYS"."SYS_EXPORT_TABLE_05" successfully completed at Thu Dec 11 23:24:28 2025 elapsed 0 00:00:56

TEMPLATE_NAME:  ARACTLST
Error Count:  0
CURRENT DATE:  2025/12/11
Insert Data into PS_DATAMIN_EXPF_XX.

1 row created.


Commit complete.

Successful Export: Insert Done.
Template FSPRD-ARACTLST successfully Exported, started at  Thu Dec 11 23:23:31 EST 2025 and finished at Thu Dec 11 23:24:32 EST 2025
----------------------------------------------------------------------------------------
Finished export of Template : ARACTLST
----------------------------------------------------------------------------------------
#########################################################################################
Beginning export of Template : ARATTDXX
#########################################################################################
 
=> ( 1 ) AR_FRMATTD_XX_H : Get History Record Counts

1 row created.


Commit complete.

..Get TableSpace, Index & Index TableSpace

2 rows created.


Commit complete.


Export: Release 19.0.0.0.0 - Production on Thu Dec 11 23:24:32 2025
Version 19.27.0.0.0

Copyright (c) 1982, 2019, Oracle and/or its affiliates.  All rights reserved.

Connected to: Oracle Database 19c Enterprise Edition Release 19.0.0.0.0 - Production
FLASHBACK automatically enabled to preserve database integrity.
Starting "SYS"."SYS_EXPORT_TABLE_05":  userid="/******** AS SYSDBA" directory=ARATTDXX_FS dumpfile=ARATTDXX_11-12-2025_1995_2000_01-May-2023_01-Mar-2024_FS_%U.dmp logfile=ARATTDXX_11-12-2025_1995_2000_01-May-2023_01-Mar-2024_FS.log parallel=18 EXCLUDE=statistics EXCLUDE=TRIGGER ENCRYPTION=ALL ENCRYPTION_MODE=DUAL ENCRYPTION_ALGORITHM=AES256 ENCRYPTION_PASSWORD=******** FILESIZE=10G COMPRESSION=ALL TABLES=SYSADM.PS_AR_FRMATTD_XX_H QUERY=SYSADM.PS_AR_FRMATTD_XX_H:"WHERE PSARCH_ID='ARATTDXX' AND PSARCH_BATCHNUM||PSARCH_ID IN (SELECT PSARCH_BATCHNUM||PSARCH_ID FROM SYSADM.PSARCHBATCH WHERE PSARCH_DTTM >= '01-May-2023' AND PSARCH_DTTM < '01-Mar-2024')" 
Processing object type TABLE_EXPORT/TABLE/PROCACT_INSTANCE
Processing object type TABLE_EXPORT/TABLE/TABLE
Processing object type TABLE_EXPORT/TABLE/GRANT/OWNER_GRANT/OBJECT_GRANT
Processing object type TABLE_EXPORT/TABLE/TABLE_DATA
. . exported "SYSADM"."PS_AR_FRMATTD_XX_H"                   0 KB       0 rows
Processing object type TABLE_EXPORT/TABLE/INDEX/INDEX
Master table "SYS"."SYS_EXPORT_TABLE_05" successfully loaded/unloaded
******************************************************************************
Dump file set for SYS.SYS_EXPORT_TABLE_05 is:
  /backup/data_arch/ARATTDXX/FS/ARATTDXX_11-12-2025_1995_2000_01-May-2023_01-Mar-2024_FS_01.dmp
  /backup/data_arch/ARATTDXX/FS/ARATTDXX_11-12-2025_1995_2000_01-May-2023_01-Mar-2024_FS_02.dmp
  /backup/data_arch/ARATTDXX/FS/ARATTDXX_11-12-2025_1995_2000_01-May-2023_01-Mar-2024_FS_03.dmp
  /backup/data_arch/ARATTDXX/FS/ARATTDXX_11-12-2025_1995_2000_01-May-2023_01-Mar-2024_FS_04.dmp
  /backup/data_arch/ARATTDXX/FS/ARATTDXX_11-12-2025_1995_2000_01-May-2023_01-Mar-2024_FS_05.dmp
  /backup/data_arch/ARATTDXX/FS/ARATTDXX_11-12-2025_1995_2000_01-May-2023_01-Mar-2024_FS_06.dmp
  /backup/data_arch/ARATTDXX/FS/ARATTDXX_11-12-2025_1995_2000_01-May-2023_01-Mar-2024_FS_07.dmp
  /backup/data_arch/ARATTDXX/FS/ARATTDXX_11-12-2025_1995_2000_01-May-2023_01-Mar-2024_FS_08.dmp
  /backup/data_arch/ARATTDXX/FS/ARATTDXX_11-12-2025_1995_2000_01-May-2023_01-Mar-2024_FS_09.dmp
Job "SYS"."SYS_EXPORT_TABLE_05" successfully completed at Thu Dec 11 23:25:30 2025 elapsed 0 00:00:57

TEMPLATE_NAME:  ARATTDXX
Error Count:  0
CURRENT DATE:  2025/12/11
Insert Data into PS_DATAMIN_EXPF_XX.

1 row created.


Commit complete.

Successful Export: Insert Done.
Template FSPRD-ARATTDXX successfully Exported, started at  Thu Dec 11 23:24:32 EST 2025 and finished at Thu Dec 11 23:25:33 EST 2025
----------------------------------------------------------------------------------------
Finished export of Template : ARATTDXX
----------------------------------------------------------------------------------------
#########################################################################################
Beginning export of Template : ARBUR_XX
#########################################################################################
 
=> ( 1 ) AR_FORMATT_XX_H : Get History Record Counts

1 row created.


Commit complete.

..Get TableSpace, Index & Index TableSpace

1 row created.


Commit complete.

=> ( 2 ) AR_FORMHDR_XX_H : Get History Record Counts

1 row created.


Commit complete.

..Get TableSpace, Index & Index TableSpace

6 rows created.


Commit complete.

=> ( 3 ) AR_FORMNAR_XX_H : Get History Record Counts

1 row created.


Commit complete.

..Get TableSpace, Index & Index TableSpace

1 row created.


Commit complete.

=> ( 4 ) AR_FORMTMP_XX_H : Get History Record Counts

1 row created.


Commit complete.

..Get TableSpace, Index & Index TableSpace

1 row created.


Commit complete.

=> ( 5 ) AR_FRMLIN1_XX_H : Get History Record Counts

1 row created.


Commit complete.

..Get TableSpace, Index & Index TableSpace

1 row created.


Commit complete.

=> ( 6 ) AR_FRMLIN2_XX_H : Get History Record Counts

1 row created.


Commit complete.

..Get TableSpace, Index & Index TableSpace

1 row created.


Commit complete.

=> ( 7 ) AR_FRMLIN3_XX_H : Get History Record Counts

1 row created.


Commit complete.

..Get TableSpace, Index & Index TableSpace

1 row created.


Commit complete.

=> ( 8 ) AR_FRMLIN4_XX_H : Get History Record Counts

1 row created.


Commit complete.

..Get TableSpace, Index & Index TableSpace

1 row created.


Commit complete.


Export: Release 19.0.0.0.0 - Production on Thu Dec 11 23:25:36 2025
Version 19.27.0.0.0

Copyright (c) 1982, 2019, Oracle and/or its affiliates.  All rights reserved.

Connected to: Oracle Database 19c Enterprise Edition Release 19.0.0.0.0 - Production
FLASHBACK automatically enabled to preserve database integrity.
Starting "SYS"."SYS_EXPORT_TABLE_05":  userid="/******** AS SYSDBA" directory=ARBUR_XX_FS dumpfile=ARBUR_XX_11-12-2025_1995_2000_01-May-2023_01-Mar-2024_FS_%U.dmp logfile=ARBUR_XX_11-12-2025_1995_2000_01-May-2023_01-Mar-2024_FS.log parallel=18 EXCLUDE=statistics EXCLUDE=TRIGGER ENCRYPTION=ALL ENCRYPTION_MODE=DUAL ENCRYPTION_ALGORITHM=AES256 ENCRYPTION_PASSWORD=******** FILESIZE=10G COMPRESSION=ALL TABLES=SYSADM.PS_AR_FORMATT_XX_H QUERY=SYSADM.PS_AR_FORMATT_XX_H:"WHERE PSARCH_ID='ARBUR_XX' AND PSARCH_BATCHNUM||PSARCH_ID IN (SELECT PSARCH_BATCHNUM||PSARCH_ID FROM SYSADM.PSARCHBATCH WHERE PSARCH_DTTM >= '01-May-2023' AND PSARCH_DTTM < '01-Mar-2024')" TABLES=SYSADM.PS_AR_FORMHDR_XX_H QUERY=SYSADM.PS_AR_FORMHDR_XX_H:"WHERE PSARCH_ID='ARBUR_XX' AND PSARCH_BATCHNUM||PSARCH_ID IN (SELECT PSARCH_BATCHNUM||PSARCH_ID FROM SYSADM.PSARCHBATCH WHERE PSARCH_DTTM >= '01-May-2023' AND PSARCH_DTTM < '01-Mar-2024')" TABLES=SYSADM.PS_AR_FORMNAR_XX_H QUERY=SYSADM.PS_AR_FORMNAR_XX_H:"WHERE PSARCH_ID='ARBUR_XX' AND PSARCH_BATCHNUM||PSARCH_ID IN (SELECT PSARCH_BATCHNUM||PSARCH_ID FROM SYSADM.PSARCHBATCH WHERE PSARCH_DTTM >= '01-May-2023' AND PSARCH_DTTM < '01-Mar-2024')" TABLES=SYSADM.PS_AR_FORMTMP_XX_H QUERY=SYSADM.PS_AR_FORMTMP_XX_H:"WHERE PSARCH_ID='ARBUR_XX' AND PSARCH_BATCHNUM||PSARCH_ID IN (SELECT PSARCH_BATCHNUM||PSARCH_ID FROM SYSADM.PSARCHBATCH WHERE PSARCH_DTTM >= '01-May-2023' AND PSARCH_DTTM < '01-Mar-2024')" TABLES=SYSADM.PS_AR_FRMLIN1_XX_H QUERY=SYSADM.PS_AR_FRMLIN1_XX_H:"WHERE PSARCH_ID='ARBUR_XX' AND PSARCH_BATCHNUM||PSARCH_ID IN (SELECT PSARCH_BATCHNUM||PSARCH_ID FROM SYSADM.PSARCHBATCH WHERE PSARCH_DTTM >= '01-May-2023' AND PSARCH_DTTM < '01-Mar-2024')" TABLES=SYSADM.PS_AR_FRMLIN2_XX_H QUERY=SYSADM.PS_AR_FRMLIN2_XX_H:"WHERE PSARCH_ID='ARBUR_XX' AND PSARCH_BATCHNUM||PSARCH_ID IN (SELECT PSARCH_BATCHNUM||PSARCH_ID FROM SYSADM.PSARCHBATCH WHERE PSARCH_DTTM >= '01-May-2023' AND PSARCH_DTTM < '01-Mar-2024')" TABLES=SYSADM.PS_AR_FRMLIN3_XX_H QUERY=SYSADM.PS_AR_FRMLI
Processing object type TABLE_EXPORT/TABLE/PROCACT_INSTANCE
Processing object type TABLE_EXPORT/TABLE/TABLE
Processing object type TABLE_EXPORT/TABLE/GRANT/OWNER_GRANT/OBJECT_GRANT
Processing object type TABLE_EXPORT/TABLE/TABLE_DATA
. . exported "SYSADM"."PS_AR_FORMATT_XX_H"                   0 KB       0 rows
. . exported "SYSADM"."PS_AR_FORMHDR_XX_H"                   0 KB       0 rows
. . exported "SYSADM"."PS_AR_FORMNAR_XX_H"                   0 KB       0 rows
. . exported "SYSADM"."PS_AR_FORMTMP_XX_H"                   0 KB       0 rows
. . exported "SYSADM"."PS_AR_FRMLIN1_XX_H"                   0 KB       0 rows
. . exported "SYSADM"."PS_AR_FRMLIN2_XX_H"                   0 KB       0 rows
. . exported "SYSADM"."PS_AR_FRMLIN3_XX_H"                   0 KB       0 rows
. . exported "SYSADM"."PS_AR_FRMLIN4_XX_H"                   0 KB       0 rows
Processing object type TABLE_EXPORT/TABLE/INDEX/INDEX
Master table "SYS"."SYS_EXPORT_TABLE_05" successfully loaded/unloaded
******************************************************************************
Dump file set for SYS.SYS_EXPORT_TABLE_05 is:
  /backup/data_arch/ARBUR_XX/FS/ARBUR_XX_11-12-2025_1995_2000_01-May-2023_01-Mar-2024_FS_01.dmp
  /backup/data_arch/ARBUR_XX/FS/ARBUR_XX_11-12-2025_1995_2000_01-May-2023_01-Mar-2024_FS_02.dmp
  /backup/data_arch/ARBUR_XX/FS/ARBUR_XX_11-12-2025_1995_2000_01-May-2023_01-Mar-2024_FS_03.dmp
  /backup/data_arch/ARBUR_XX/FS/ARBUR_XX_11-12-2025_1995_2000_01-May-2023_01-Mar-2024_FS_04.dmp
  /backup/data_arch/ARBUR_XX/FS/ARBUR_XX_11-12-2025_1995_2000_01-May-2023_01-Mar-2024_FS_05.dmp
  /backup/data_arch/ARBUR_XX/FS/ARBUR_XX_11-12-2025_1995_2000_01-May-2023_01-Mar-2024_FS_06.dmp
  /backup/data_arch/ARBUR_XX/FS/ARBUR_XX_11-12-2025_1995_2000_01-May-2023_01-Mar-2024_FS_07.dmp
  /backup/data_arch/ARBUR_XX/FS/ARBUR_XX_11-12-2025_1995_2000_01-May-2023_01-Mar-2024_FS_08.dmp
  /backup/data_arch/ARBUR_XX/FS/ARBUR_XX_11-12-2025_1995_2000_01-May-2023_01-Mar-2024_FS_09.dmp
Job "SYS"."SYS_EXPORT_TABLE_05" successfully completed at Thu Dec 11 23:26:31 2025 elapsed 0 00:00:54

TEMPLATE_NAME:  ARBUR_XX
Error Count:  0
CURRENT DATE:  2025/12/11
Insert Data into PS_DATAMIN_EXPF_XX.

1 row created.


Commit complete.

Successful Export: Insert Done.
Template FSPRD-ARBUR_XX successfully Exported, started at  Thu Dec 11 23:25:36 EST 2025 and finished at Thu Dec 11 23:26:35 EST 2025
----------------------------------------------------------------------------------------
Finished export of Template : ARBUR_XX
----------------------------------------------------------------------------------------
#########################################################################################
Beginning export of Template : ARITEM
#########################################################################################
 
=> ( 1 ) AR_CCTRN_HDR_H : Get History Record Counts

1 row created.


Commit complete.

..Get TableSpace, Index & Index TableSpace

1 row created.


Commit complete.

=> ( 2 ) AR_CCTRN_TBL_H : Get History Record Counts

1 row created.


Commit complete.

..Get TableSpace, Index & Index TableSpace

1 row created.


Commit complete.

=> ( 3 ) AR_EE_ITACTLN_H : Get History Record Counts

1 row created.


Commit complete.

..Get TableSpace, Index & Index TableSpace

1 row created.


Commit complete.

=> ( 4 ) AR_IPAC_DET_H : Get History Record Counts

1 row created.


Commit complete.

..Get TableSpace, Index & Index TableSpace

1 row created.


Commit complete.

=> ( 5 ) AR_IPAC_HDR_H : Get History Record Counts

1 row created.


Commit complete.

..Get TableSpace, Index & Index TableSpace

1 row created.


Commit complete.

=> ( 6 ) AR_IPAC_SGL_H : Get History Record Counts

1 row created.


Commit complete.

..Get TableSpace, Index & Index TableSpace

1 row created.


Commit complete.

=> ( 7 ) AR_ITEM_DST_H : Get History Record Counts

1 row created.


Commit complete.

..Get TableSpace, Index & Index TableSpace

1 row created.


Commit complete.

=> ( 8 ) AR_ITEM_H : Get History Record Counts

1 row created.


Commit complete.

..Get TableSpace, Index & Index TableSpace

7 rows created.


Commit complete.

=> ( 9 ) AR_ITMAGNG_XX_H : Get History Record Counts

1 row created.


Commit complete.

..Get TableSpace, Index & Index TableSpace

1 row created.


Commit complete.

=> ( 10 ) AR_ITMDSP_XX_H : Get History Record Counts

1 row created.


Commit complete.

..Get TableSpace, Index & Index TableSpace

1 row created.


Commit complete.

=> ( 11 ) AR_ITMNOTE_XX_H : Get History Record Counts

1 row created.


Commit complete.

..Get TableSpace, Index & Index TableSpace

2 rows created.


Commit complete.

=> ( 12 ) AR_ITM_ACTTAX_H : Get History Record Counts

1 row created.


Commit complete.

..Get TableSpace, Index & Index TableSpace

1 row created.


Commit complete.

=> ( 13 ) AR_ITM_ACTVAT_H : Get History Record Counts

1 row created.


Commit complete.

..Get TableSpace, Index & Index TableSpace

1 row created.


Commit complete.

=> ( 14 ) AR_ITM_ACTVTY_H : Get History Record Counts

1 row created.


Commit complete.

..Get TableSpace, Index & Index TableSpace

1 row created.


Commit complete.

=> ( 15 ) AR_ITM_ACTXDT_H : Get History Record Counts

1 row created.


Commit complete.

..Get TableSpace, Index & Index TableSpace

1 row created.


Commit complete.


Export: Release 19.0.0.0.0 - Production on Thu Dec 11 23:28:35 2025
Version 19.27.0.0.0

Copyright (c) 1982, 2019, Oracle and/or its affiliates.  All rights reserved.

Connected to: Oracle Database 19c Enterprise Edition Release 19.0.0.0.0 - Production
FLASHBACK automatically enabled to preserve database integrity.
Starting "SYS"."SYS_EXPORT_TABLE_05":  userid="/******** AS SYSDBA" directory=ARITEM_FS dumpfile=ARITEM_11-12-2025_1995_2000_01-May-2023_01-Mar-2024_FS_%U.dmp logfile=ARITEM_11-12-2025_1995_2000_01-May-2023_01-Mar-2024_FS.log parallel=18 EXCLUDE=statistics EXCLUDE=TRIGGER ENCRYPTION=ALL ENCRYPTION_MODE=DUAL ENCRYPTION_ALGORITHM=AES256 ENCRYPTION_PASSWORD=******** FILESIZE=10G COMPRESSION=ALL TABLES=SYSADM.PS_AR_CCTRN_HDR_H QUERY=SYSADM.PS_AR_CCTRN_HDR_H:"WHERE PSARCH_ID='ARITEM' AND PSARCH_BATCHNUM||PSARCH_ID IN (SELECT PSARCH_BATCHNUM||PSARCH_ID FROM SYSADM.PSARCHBATCH WHERE PSARCH_DTTM >= '01-May-2023' AND PSARCH_DTTM < '01-Mar-2024')" TABLES=SYSADM.PS_AR_CCTRN_TBL_H QUERY=SYSADM.PS_AR_CCTRN_TBL_H:"WHERE PSARCH_ID='ARITEM' AND PSARCH_BATCHNUM||PSARCH_ID IN (SELECT PSARCH_BATCHNUM||PSARCH_ID FROM SYSADM.PSARCHBATCH WHERE PSARCH_DTTM >= '01-May-2023' AND PSARCH_DTTM < '01-Mar-2024')" TABLES=SYSADM.PS_AR_EE_ITACTLN_H QUERY=SYSADM.PS_AR_EE_ITACTLN_H:"WHERE PSARCH_ID='ARITEM' AND PSARCH_BATCHNUM||PSARCH_ID IN (SELECT PSARCH_BATCHNUM||PSARCH_ID FROM SYSADM.PSARCHBATCH WHERE PSARCH_DTTM >= '01-May-2023' AND PSARCH_DTTM < '01-Mar-2024')" TABLES=SYSADM.PS_AR_IPAC_DET_H QUERY=SYSADM.PS_AR_IPAC_DET_H:"WHERE PSARCH_ID='ARITEM' AND PSARCH_BATCHNUM||PSARCH_ID IN (SELECT PSARCH_BATCHNUM||PSARCH_ID FROM SYSADM.PSARCHBATCH WHERE PSARCH_DTTM >= '01-May-2023' AND PSARCH_DTTM < '01-Mar-2024')" TABLES=SYSADM.PS_AR_IPAC_HDR_H QUERY=SYSADM.PS_AR_IPAC_HDR_H:"WHERE PSARCH_ID='ARITEM' AND PSARCH_BATCHNUM||PSARCH_ID IN (SELECT PSARCH_BATCHNUM||PSARCH_ID FROM SYSADM.PSARCHBATCH WHERE PSARCH_DTTM >= '01-May-2023' AND PSARCH_DTTM < '01-Mar-2024')" TABLES=SYSADM.PS_AR_IPAC_SGL_H QUERY=SYSADM.PS_AR_IPAC_SGL_H:"WHERE PSARCH_ID='ARITEM' AND PSARCH_BATCHNUM||PSARCH_ID IN (SELECT PSARCH_BATCHNUM||PSARCH_ID FROM SYSADM.PSARCHBATCH WHERE PSARCH_DTTM >= '01-May-2023' AND PSARCH_DTTM < '01-Mar-2024')" TABLES=SYSADM.PS_AR_ITEM_DST_H QUERY=SYSADM.PS_AR_ITEM_DST_H:"WHERE PSARCH_ID='ARITEM' AND 
Processing object type TABLE_EXPORT/TABLE/PROCACT_INSTANCE
Processing object type TABLE_EXPORT/TABLE/TABLE
Processing object type TABLE_EXPORT/TABLE/GRANT/OWNER_GRANT/OBJECT_GRANT
Processing object type TABLE_EXPORT/TABLE/TABLE_DATA
Processing object type TABLE_EXPORT/TABLE/INDEX/INDEX
. . exported "SYSADM"."PS_AR_ITM_ACTVTY_H"               591.8 MB 11861178 rows
. . exported "SYSADM"."PS_AR_ITEM_DST_H"                 691.2 MB 22396043 rows
. . exported "SYSADM"."PS_AR_ITM_ACTVAT_H"               7.687 KB       0 rows
. . exported "SYSADM"."PS_AR_CCTRN_HDR_H"                    0 KB       0 rows
. . exported "SYSADM"."PS_AR_CCTRN_TBL_H"                    0 KB       0 rows
. . exported "SYSADM"."PS_AR_EE_ITACTLN_H"                   0 KB       0 rows
. . exported "SYSADM"."PS_AR_IPAC_DET_H"                     0 KB       0 rows
. . exported "SYSADM"."PS_AR_IPAC_HDR_H"                     0 KB       0 rows
. . exported "SYSADM"."PS_AR_IPAC_SGL_H"                     0 KB       0 rows
. . exported "SYSADM"."PS_AR_ITMAGNG_XX_H"                   0 KB       0 rows
. . exported "SYSADM"."PS_AR_ITMDSP_XX_H"                    0 KB       0 rows
. . exported "SYSADM"."PS_AR_ITM_ACTTAX_H"                   0 KB       0 rows
. . exported "SYSADM"."PS_AR_ITM_ACTXDT_H"                   0 KB       0 rows
. . exported "SYSADM"."PS_AR_ITMNOTE_XX_H"               5.625 KB       0 rows
. . exported "SYSADM"."PS_AR_ITEM_H"                     377.4 MB 5678877 rows
Master table "SYS"."SYS_EXPORT_TABLE_05" successfully loaded/unloaded
******************************************************************************
Dump file set for SYS.SYS_EXPORT_TABLE_05 is:
  /backup/data_arch/ARITEM/FS/ARITEM_11-12-2025_1995_2000_01-May-2023_01-Mar-2024_FS_01.dmp
  /backup/data_arch/ARITEM/FS/ARITEM_11-12-2025_1995_2000_01-May-2023_01-Mar-2024_FS_02.dmp
  /backup/data_arch/ARITEM/FS/ARITEM_11-12-2025_1995_2000_01-May-2023_01-Mar-2024_FS_03.dmp
  /backup/data_arch/ARITEM/FS/ARITEM_11-12-2025_1995_2000_01-May-2023_01-Mar-2024_FS_04.dmp
  /backup/data_arch/ARITEM/FS/ARITEM_11-12-2025_1995_2000_01-May-2023_01-Mar-2024_FS_05.dmp
  /backup/data_arch/ARITEM/FS/ARITEM_11-12-2025_1995_2000_01-May-2023_01-Mar-2024_FS_06.dmp
  /backup/data_arch/ARITEM/FS/ARITEM_11-12-2025_1995_2000_01-May-2023_01-Mar-2024_FS_07.dmp
  /backup/data_arch/ARITEM/FS/ARITEM_11-12-2025_1995_2000_01-May-2023_01-Mar-2024_FS_08.dmp
  /backup/data_arch/ARITEM/FS/ARITEM_11-12-2025_1995_2000_01-May-2023_01-Mar-2024_FS_09.dmp
  /backup/data_arch/ARITEM/FS/ARITEM_11-12-2025_1995_2000_01-May-2023_01-Mar-2024_FS_10.dmp
  /backup/data_arch/ARITEM/FS/ARITEM_11-12-2025_1995_2000_01-May-2023_01-Mar-2024_FS_11.dmp
  /backup/data_arch/ARITEM/FS/ARITEM_11-12-2025_1995_2000_01-May-2023_01-Mar-2024_FS_12.dmp
  /backup/data_arch/ARITEM/FS/ARITEM_11-12-2025_1995_2000_01-May-2023_01-Mar-2024_FS_13.dmp
  /backup/data_arch/ARITEM/FS/ARITEM_11-12-2025_1995_2000_01-May-2023_01-Mar-2024_FS_14.dmp
  /backup/data_arch/ARITEM/FS/ARITEM_11-12-2025_1995_2000_01-May-2023_01-Mar-2024_FS_15.dmp
  /backup/data_arch/ARITEM/FS/ARITEM_11-12-2025_1995_2000_01-May-2023_01-Mar-2024_FS_16.dmp
  /backup/data_arch/ARITEM/FS/ARITEM_11-12-2025_1995_2000_01-May-2023_01-Mar-2024_FS_17.dmp
  /backup/data_arch/ARITEM/FS/ARITEM_11-12-2025_1995_2000_01-May-2023_01-Mar-2024_FS_18.dmp
  /backup/data_arch/ARITEM/FS/ARITEM_11-12-2025_1995_2000_01-May-2023_01-Mar-2024_FS_19.dmp
  /backup/data_arch/ARITEM/FS/ARITEM_11-12-2025_1995_2000_01-May-2023_01-Mar-2024_FS_20.dmp
  /backup/data_arch/ARITEM/FS/ARITEM_11-12-2025_1995_2000_01-May-2023_01-Mar-2024_FS_21.dmp
  /backup/data_arch/ARITEM/FS/ARITEM_11-12-2025_1995_2000_01-May-2023_01-Mar-2024_FS_22.dmp
  /backup/data_arch/ARITEM/FS/ARITEM_11-12-2025_1995_2000_01-May-2023_01-Mar-2024_FS_23.dmp
Job "SYS"."SYS_EXPORT_TABLE_05" successfully completed at Thu Dec 11 23:39:12 2025 elapsed 0 00:10:35

TEMPLATE_NAME:  ARITEM
Error Count:  0
CURRENT DATE:  2025/12/11
Insert Data into PS_DATAMIN_EXPF_XX.

1 row created.


Commit complete.

Successful Export: Insert Done.
Template FSPRD-ARITEM successfully Exported, started at  Thu Dec 11 23:28:35 EST 2025 and finished at Thu Dec 11 23:39:17 EST 2025
----------------------------------------------------------------------------------------
Finished export of Template : ARITEM
----------------------------------------------------------------------------------------
#########################################################################################
Beginning export of Template : ARMAR_XX
#########################################################################################
 
=> ( 1 ) AR_FORMMAR_XX_H : Get History Record Counts

1 row created.


Commit complete.

..Get TableSpace, Index & Index TableSpace

1 row created.


Commit complete.

=> ( 2 ) AR_FRMMAR1_XX_H : Get History Record Counts

1 row created.


Commit complete.

..Get TableSpace, Index & Index TableSpace

1 row created.


Commit complete.

=> ( 3 ) AR_FRMMAR2_XX_H : Get History Record Counts

1 row created.


Commit complete.

..Get TableSpace, Index & Index TableSpace

1 row created.


Commit complete.


Export: Release 19.0.0.0.0 - Production on Thu Dec 11 23:39:18 2025
Version 19.27.0.0.0

Copyright (c) 1982, 2019, Oracle and/or its affiliates.  All rights reserved.

Connected to: Oracle Database 19c Enterprise Edition Release 19.0.0.0.0 - Production
FLASHBACK automatically enabled to preserve database integrity.
Starting "SYS"."SYS_EXPORT_TABLE_05":  userid="/******** AS SYSDBA" directory=ARMAR_XX_FS dumpfile=ARMAR_XX_11-12-2025_1995_2000_01-May-2023_01-Mar-2024_FS_%U.dmp logfile=ARMAR_XX_11-12-2025_1995_2000_01-May-2023_01-Mar-2024_FS.log parallel=18 EXCLUDE=statistics EXCLUDE=TRIGGER ENCRYPTION=ALL ENCRYPTION_MODE=DUAL ENCRYPTION_ALGORITHM=AES256 ENCRYPTION_PASSWORD=******** FILESIZE=10G COMPRESSION=ALL TABLES=SYSADM.PS_AR_FORMMAR_XX_H QUERY=SYSADM.PS_AR_FORMMAR_XX_H:"WHERE PSARCH_ID='ARMAR_XX' AND PSARCH_BATCHNUM||PSARCH_ID IN (SELECT PSARCH_BATCHNUM||PSARCH_ID FROM SYSADM.PSARCHBATCH WHERE PSARCH_DTTM >= '01-May-2023' AND PSARCH_DTTM < '01-Mar-2024')" TABLES=SYSADM.PS_AR_FRMMAR1_XX_H QUERY=SYSADM.PS_AR_FRMMAR1_XX_H:"WHERE PSARCH_ID='ARMAR_XX' AND PSARCH_BATCHNUM||PSARCH_ID IN (SELECT PSARCH_BATCHNUM||PSARCH_ID FROM SYSADM.PSARCHBATCH WHERE PSARCH_DTTM >= '01-May-2023' AND PSARCH_DTTM < '01-Mar-2024')" TABLES=SYSADM.PS_AR_FRMMAR2_XX_H QUERY=SYSADM.PS_AR_FRMMAR2_XX_H:"WHERE PSARCH_ID='ARMAR_XX' AND PSARCH_BATCHNUM||PSARCH_ID IN (SELECT PSARCH_BATCHNUM||PSARCH_ID FROM SYSADM.PSARCHBATCH WHERE PSARCH_DTTM >= '01-May-2023' AND PSARCH_DTTM < '01-Mar-2024')" 
Processing object type TABLE_EXPORT/TABLE/PROCACT_INSTANCE
Processing object type TABLE_EXPORT/TABLE/TABLE
Processing object type TABLE_EXPORT/TABLE/GRANT/OWNER_GRANT/OBJECT_GRANT
Processing object type TABLE_EXPORT/TABLE/TABLE_DATA
. . exported "SYSADM"."PS_AR_FRMMAR2_XX_H"               5.617 KB       0 rows
. . exported "SYSADM"."PS_AR_FRMMAR1_XX_H"               5.523 KB       0 rows
. . exported "SYSADM"."PS_AR_FORMMAR_XX_H"               5.164 KB       0 rows
Processing object type TABLE_EXPORT/TABLE/INDEX/INDEX
Master table "SYS"."SYS_EXPORT_TABLE_05" successfully loaded/unloaded
******************************************************************************
Dump file set for SYS.SYS_EXPORT_TABLE_05 is:
  /backup/data_arch/ARMAR_XX/FS/ARMAR_XX_11-12-2025_1995_2000_01-May-2023_01-Mar-2024_FS_01.dmp
  /backup/data_arch/ARMAR_XX/FS/ARMAR_XX_11-12-2025_1995_2000_01-May-2023_01-Mar-2024_FS_02.dmp
  /backup/data_arch/ARMAR_XX/FS/ARMAR_XX_11-12-2025_1995_2000_01-May-2023_01-Mar-2024_FS_03.dmp
  /backup/data_arch/ARMAR_XX/FS/ARMAR_XX_11-12-2025_1995_2000_01-May-2023_01-Mar-2024_FS_04.dmp
  /backup/data_arch/ARMAR_XX/FS/ARMAR_XX_11-12-2025_1995_2000_01-May-2023_01-Mar-2024_FS_05.dmp
  /backup/data_arch/ARMAR_XX/FS/ARMAR_XX_11-12-2025_1995_2000_01-May-2023_01-Mar-2024_FS_06.dmp
  /backup/data_arch/ARMAR_XX/FS/ARMAR_XX_11-12-2025_1995_2000_01-May-2023_01-Mar-2024_FS_07.dmp
  /backup/data_arch/ARMAR_XX/FS/ARMAR_XX_11-12-2025_1995_2000_01-May-2023_01-Mar-2024_FS_08.dmp
  /backup/data_arch/ARMAR_XX/FS/ARMAR_XX_11-12-2025_1995_2000_01-May-2023_01-Mar-2024_FS_09.dmp
  /backup/data_arch/ARMAR_XX/FS/ARMAR_XX_11-12-2025_1995_2000_01-May-2023_01-Mar-2024_FS_10.dmp
Job "SYS"."SYS_EXPORT_TABLE_05" successfully completed at Thu Dec 11 23:40:16 2025 elapsed 0 00:00:58

TEMPLATE_NAME:  ARMAR_XX
Error Count:  0
CURRENT DATE:  2025/12/11
Insert Data into PS_DATAMIN_EXPF_XX.

1 row created.


Commit complete.

Successful Export: Insert Done.
Template FSPRD-ARMAR_XX successfully Exported, started at  Thu Dec 11 23:39:18 EST 2025 and finished at Thu Dec 11 23:40:20 EST 2025
----------------------------------------------------------------------------------------
Finished export of Template : ARMAR_XX
----------------------------------------------------------------------------------------
#########################################################################################
Beginning export of Template : ARPEND
#########################################################################################
 
=> ( 1 ) AR_GROUP_CNTL_H : Get History Record Counts

1 row created.


Commit complete.

..Get TableSpace, Index & Index TableSpace

3 rows created.


Commit complete.

=> ( 2 ) AR_PEND_DST_H : Get History Record Counts

1 row created.


Commit complete.

..Get TableSpace, Index & Index TableSpace

1 row created.


Commit complete.

=> ( 3 ) AR_PEND_ITM_H : Get History Record Counts

1 row created.


Commit complete.

..Get TableSpace, Index & Index TableSpace

1 row created.


Commit complete.

=> ( 4 ) AR_PEND_IT_MR_H : Get History Record Counts

1 row created.


Commit complete.

..Get TableSpace, Index & Index TableSpace

1 row created.


Commit complete.

=> ( 5 ) AR_PEND_TAX_H : Get History Record Counts

1 row created.


Commit complete.

..Get TableSpace, Index & Index TableSpace

1 row created.


Commit complete.

=> ( 6 ) AR_PEND_TX_DT_H : Get History Record Counts

1 row created.


Commit complete.

..Get TableSpace, Index & Index TableSpace

1 row created.


Commit complete.

=> ( 7 ) AR_PEND_VAT_H : Get History Record Counts

1 row created.


Commit complete.

..Get TableSpace, Index & Index TableSpace

1 row created.


Commit complete.


Export: Release 19.0.0.0.0 - Production on Thu Dec 11 23:42:06 2025
Version 19.27.0.0.0

Copyright (c) 1982, 2019, Oracle and/or its affiliates.  All rights reserved.

Connected to: Oracle Database 19c Enterprise Edition Release 19.0.0.0.0 - Production
FLASHBACK automatically enabled to preserve database integrity.
Starting "SYS"."SYS_EXPORT_TABLE_05":  userid="/******** AS SYSDBA" directory=ARPEND_FS dumpfile=ARPEND_11-12-2025_1995_2000_01-May-2023_01-Mar-2024_FS_%U.dmp logfile=ARPEND_11-12-2025_1995_2000_01-May-2023_01-Mar-2024_FS.log parallel=18 EXCLUDE=statistics EXCLUDE=TRIGGER ENCRYPTION=ALL ENCRYPTION_MODE=DUAL ENCRYPTION_ALGORITHM=AES256 ENCRYPTION_PASSWORD=******** FILESIZE=10G COMPRESSION=ALL TABLES=SYSADM.PS_AR_GROUP_CNTL_H QUERY=SYSADM.PS_AR_GROUP_CNTL_H:"WHERE PSARCH_ID='ARPEND' AND PSARCH_BATCHNUM||PSARCH_ID IN (SELECT PSARCH_BATCHNUM||PSARCH_ID FROM SYSADM.PSARCHBATCH WHERE PSARCH_DTTM >= '01-May-2023' AND PSARCH_DTTM < '01-Mar-2024')" TABLES=SYSADM.PS_AR_PEND_DST_H QUERY=SYSADM.PS_AR_PEND_DST_H:"WHERE PSARCH_ID='ARPEND' AND PSARCH_BATCHNUM||PSARCH_ID IN (SELECT PSARCH_BATCHNUM||PSARCH_ID FROM SYSADM.PSARCHBATCH WHERE PSARCH_DTTM >= '01-May-2023' AND PSARCH_DTTM < '01-Mar-2024')" TABLES=SYSADM.PS_AR_PEND_ITM_H QUERY=SYSADM.PS_AR_PEND_ITM_H:"WHERE PSARCH_ID='ARPEND' AND PSARCH_BATCHNUM||PSARCH_ID IN (SELECT PSARCH_BATCHNUM||PSARCH_ID FROM SYSADM.PSARCHBATCH WHERE PSARCH_DTTM >= '01-May-2023' AND PSARCH_DTTM < '01-Mar-2024')" TABLES=SYSADM.PS_AR_PEND_IT_MR_H QUERY=SYSADM.PS_AR_PEND_IT_MR_H:"WHERE PSARCH_ID='ARPEND' AND PSARCH_BATCHNUM||PSARCH_ID IN (SELECT PSARCH_BATCHNUM||PSARCH_ID FROM SYSADM.PSARCHBATCH WHERE PSARCH_DTTM >= '01-May-2023' AND PSARCH_DTTM < '01-Mar-2024')" TABLES=SYSADM.PS_AR_PEND_TAX_H QUERY=SYSADM.PS_AR_PEND_TAX_H:"WHERE PSARCH_ID='ARPEND' AND PSARCH_BATCHNUM||PSARCH_ID IN (SELECT PSARCH_BATCHNUM||PSARCH_ID FROM SYSADM.PSARCHBATCH WHERE PSARCH_DTTM >= '01-May-2023' AND PSARCH_DTTM < '01-Mar-2024')" TABLES=SYSADM.PS_AR_PEND_TX_DT_H QUERY=SYSADM.PS_AR_PEND_TX_DT_H:"WHERE PSARCH_ID='ARPEND' AND PSARCH_BATCHNUM||PSARCH_ID IN (SELECT PSARCH_BATCHNUM||PSARCH_ID FROM SYSADM.PSARCHBATCH WHERE PSARCH_DTTM >= '01-May-2023' AND PSARCH_DTTM < '01-Mar-2024')" TABLES=SYSADM.PS_AR_PEND_VAT_H QUERY=SYSADM.PS_AR_PEND_VAT_H:"WHERE PSARCH_ID='ARPEND' 
Processing object type TABLE_EXPORT/TABLE/PROCACT_INSTANCE
Processing object type TABLE_EXPORT/TABLE/TABLE
Processing object type TABLE_EXPORT/TABLE/GRANT/OWNER_GRANT/OBJECT_GRANT
Processing object type TABLE_EXPORT/TABLE/TABLE_DATA
Processing object type TABLE_EXPORT/TABLE/INDEX/INDEX
. . exported "SYSADM"."PS_AR_PEND_DST_H"                 554.2 MB 20453457 rows
. . exported "SYSADM"."PS_AR_PEND_VAT_H"                 7.671 KB       0 rows
. . exported "SYSADM"."PS_AR_PEND_IT_MR_H"                   0 KB       0 rows
. . exported "SYSADM"."PS_AR_PEND_TAX_H"                     0 KB       0 rows
. . exported "SYSADM"."PS_AR_PEND_TX_DT_H"                   0 KB       0 rows
. . exported "SYSADM"."PS_AR_GROUP_CNTL_H"               39.01 MB 1500586 rows
. . exported "SYSADM"."PS_AR_PEND_ITM_H"                 895.8 MB 11776783 rows
Master table "SYS"."SYS_EXPORT_TABLE_05" successfully loaded/unloaded
******************************************************************************
Dump file set for SYS.SYS_EXPORT_TABLE_05 is:
  /backup/data_arch/ARPEND/FS/ARPEND_11-12-2025_1995_2000_01-May-2023_01-Mar-2024_FS_01.dmp
  /backup/data_arch/ARPEND/FS/ARPEND_11-12-2025_1995_2000_01-May-2023_01-Mar-2024_FS_02.dmp
  /backup/data_arch/ARPEND/FS/ARPEND_11-12-2025_1995_2000_01-May-2023_01-Mar-2024_FS_03.dmp
  /backup/data_arch/ARPEND/FS/ARPEND_11-12-2025_1995_2000_01-May-2023_01-Mar-2024_FS_04.dmp
  /backup/data_arch/ARPEND/FS/ARPEND_11-12-2025_1995_2000_01-May-2023_01-Mar-2024_FS_05.dmp
  /backup/data_arch/ARPEND/FS/ARPEND_11-12-2025_1995_2000_01-May-2023_01-Mar-2024_FS_06.dmp
  /backup/data_arch/ARPEND/FS/ARPEND_11-12-2025_1995_2000_01-May-2023_01-Mar-2024_FS_07.dmp
  /backup/data_arch/ARPEND/FS/ARPEND_11-12-2025_1995_2000_01-May-2023_01-Mar-2024_FS_08.dmp
  /backup/data_arch/ARPEND/FS/ARPEND_11-12-2025_1995_2000_01-May-2023_01-Mar-2024_FS_09.dmp
  /backup/data_arch/ARPEND/FS/ARPEND_11-12-2025_1995_2000_01-May-2023_01-Mar-2024_FS_10.dmp
  /backup/data_arch/ARPEND/FS/ARPEND_11-12-2025_1995_2000_01-May-2023_01-Mar-2024_FS_11.dmp
  /backup/data_arch/ARPEND/FS/ARPEND_11-12-2025_1995_2000_01-May-2023_01-Mar-2024_FS_12.dmp
  /backup/data_arch/ARPEND/FS/ARPEND_11-12-2025_1995_2000_01-May-2023_01-Mar-2024_FS_13.dmp
  /backup/data_arch/ARPEND/FS/ARPEND_11-12-2025_1995_2000_01-May-2023_01-Mar-2024_FS_14.dmp
  /backup/data_arch/ARPEND/FS/ARPEND_11-12-2025_1995_2000_01-May-2023_01-Mar-2024_FS_15.dmp
  /backup/data_arch/ARPEND/FS/ARPEND_11-12-2025_1995_2000_01-May-2023_01-Mar-2024_FS_16.dmp
  /backup/data_arch/ARPEND/FS/ARPEND_11-12-2025_1995_2000_01-May-2023_01-Mar-2024_FS_17.dmp
  /backup/data_arch/ARPEND/FS/ARPEND_11-12-2025_1995_2000_01-May-2023_01-Mar-2024_FS_18.dmp
  /backup/data_arch/ARPEND/FS/ARPEND_11-12-2025_1995_2000_01-May-2023_01-Mar-2024_FS_19.dmp
  /backup/data_arch/ARPEND/FS/ARPEND_11-12-2025_1995_2000_01-May-2023_01-Mar-2024_FS_20.dmp
  /backup/data_arch/ARPEND/FS/ARPEND_11-12-2025_1995_2000_01-May-2023_01-Mar-2024_FS_21.dmp
  /backup/data_arch/ARPEND/FS/ARPEND_11-12-2025_1995_2000_01-May-2023_01-Mar-2024_FS_22.dmp
  /backup/data_arch/ARPEND/FS/ARPEND_11-12-2025_1995_2000_01-May-2023_01-Mar-2024_FS_23.dmp
  /backup/data_arch/ARPEND/FS/ARPEND_11-12-2025_1995_2000_01-May-2023_01-Mar-2024_FS_24.dmp
  /backup/data_arch/ARPEND/FS/ARPEND_11-12-2025_1995_2000_01-May-2023_01-Mar-2024_FS_25.dmp
  /backup/data_arch/ARPEND/FS/ARPEND_11-12-2025_1995_2000_01-May-2023_01-Mar-2024_FS_26.dmp
Job "SYS"."SYS_EXPORT_TABLE_05" successfully completed at Fri Dec 12 00:18:39 2025 elapsed 0 00:36:32

TEMPLATE_NAME:  ARPEND
Error Count:  0
CURRENT DATE:  2025/12/12
Insert Data into PS_DATAMIN_EXPF_XX.

1 row created.


Commit complete.

Successful Export: Insert Done.
Template FSPRD-ARPEND successfully Exported, started at  Thu Dec 11 23:42:06 EST 2025 and finished at Fri Dec 12 00:18:44 EST 2025
----------------------------------------------------------------------------------------
Finished export of Template : ARPEND
----------------------------------------------------------------------------------------
#########################################################################################
Beginning export of Template : ARPO_XX
#########################################################################################
 
=> ( 1 ) AR_POKEYS_XX_H : Get History Record Counts

1 row created.


Commit complete.

..Get TableSpace, Index & Index TableSpace

1 row created.


Commit complete.

=> ( 2 ) AR_PO_DTL_XX_H : Get History Record Counts

1 row created.


Commit complete.

..Get TableSpace, Index & Index TableSpace

1 row created.


Commit complete.

=> ( 3 ) AR_PO_EML_XX_H : Get History Record Counts

1 row created.


Commit complete.

..Get TableSpace, Index & Index TableSpace

1 row created.


Commit complete.

=> ( 4 ) AR_PO_FLDS_XX_H : Get History Record Counts

1 row created.


Commit complete.

..Get TableSpace, Index & Index TableSpace

1 row created.


Commit complete.

=> ( 5 ) AR_PO_PRNT_XX_H : Get History Record Counts

1 row created.


Commit complete.

..Get TableSpace, Index & Index TableSpace

1 row created.


Commit complete.

=> ( 6 ) AR_PO_PRTF_XX_H : Get History Record Counts

1 row created.


Commit complete.

..Get TableSpace, Index & Index TableSpace

1 row created.


Commit complete.

=> ( 7 ) AR_PO_SEQ_XX_H : Get History Record Counts

1 row created.


Commit complete.

..Get TableSpace, Index & Index TableSpace

1 row created.


Commit complete.

=> ( 8 ) AR_PO_TOT_XX_H : Get History Record Counts

1 row created.


Commit complete.

..Get TableSpace, Index & Index TableSpace

1 row created.


Commit complete.

=> ( 9 ) AR_PO_WORK_XX_H : Get History Record Counts

1 row created.


Commit complete.

..Get TableSpace, Index & Index TableSpace

2 rows created.


Commit complete.

=> ( 10 ) AR_PO_XX_H : Get History Record Counts

1 row created.


Commit complete.

..Get TableSpace, Index & Index TableSpace

1 row created.


Commit complete.

=> ( 11 ) PO_EXTRACT_XX_H : Get History Record Counts

1 row created.


Commit complete.

..Get TableSpace, Index & Index TableSpace

2 rows created.


Commit complete.

=> ( 12 ) PO_KEY_DTA_XX_H : Get History Record Counts

1 row created.


Commit complete.

..Get TableSpace, Index & Index TableSpace

1 row created.


Commit complete.


Export: Release 19.0.0.0.0 - Production on Fri Dec 12 00:18:49 2025
Version 19.27.0.0.0

Copyright (c) 1982, 2019, Oracle and/or its affiliates.  All rights reserved.

Connected to: Oracle Database 19c Enterprise Edition Release 19.0.0.0.0 - Production
FLASHBACK automatically enabled to preserve database integrity.
Starting "SYS"."SYS_EXPORT_TABLE_05":  userid="/******** AS SYSDBA" directory=ARPO_XX_FS dumpfile=ARPO_XX_11-12-2025_1995_2000_01-May-2023_01-Mar-2024_FS_%U.dmp logfile=ARPO_XX_11-12-2025_1995_2000_01-May-2023_01-Mar-2024_FS.log parallel=18 EXCLUDE=statistics EXCLUDE=TRIGGER ENCRYPTION=ALL ENCRYPTION_MODE=DUAL ENCRYPTION_ALGORITHM=AES256 ENCRYPTION_PASSWORD=******** FILESIZE=10G COMPRESSION=ALL TABLES=SYSADM.PS_AR_POKEYS_XX_H QUERY=SYSADM.PS_AR_POKEYS_XX_H:"WHERE PSARCH_ID='ARPO_XX' AND PSARCH_BATCHNUM||PSARCH_ID IN (SELECT PSARCH_BATCHNUM||PSARCH_ID FROM SYSADM.PSARCHBATCH WHERE PSARCH_DTTM >= '01-May-2023' AND PSARCH_DTTM < '01-Mar-2024')" TABLES=SYSADM.PS_AR_PO_DTL_XX_H QUERY=SYSADM.PS_AR_PO_DTL_XX_H:"WHERE PSARCH_ID='ARPO_XX' AND PSARCH_BATCHNUM||PSARCH_ID IN (SELECT PSARCH_BATCHNUM||PSARCH_ID FROM SYSADM.PSARCHBATCH WHERE PSARCH_DTTM >= '01-May-2023' AND PSARCH_DTTM < '01-Mar-2024')" TABLES=SYSADM.PS_AR_PO_EML_XX_H QUERY=SYSADM.PS_AR_PO_EML_XX_H:"WHERE PSARCH_ID='ARPO_XX' AND PSARCH_BATCHNUM||PSARCH_ID IN (SELECT PSARCH_BATCHNUM||PSARCH_ID FROM SYSADM.PSARCHBATCH WHERE PSARCH_DTTM >= '01-May-2023' AND PSARCH_DTTM < '01-Mar-2024')" TABLES=SYSADM.PS_AR_PO_FLDS_XX_H QUERY=SYSADM.PS_AR_PO_FLDS_XX_H:"WHERE PSARCH_ID='ARPO_XX' AND PSARCH_BATCHNUM||PSARCH_ID IN (SELECT PSARCH_BATCHNUM||PSARCH_ID FROM SYSADM.PSARCHBATCH WHERE PSARCH_DTTM >= '01-May-2023' AND PSARCH_DTTM < '01-Mar-2024')" TABLES=SYSADM.PS_AR_PO_PRNT_XX_H QUERY=SYSADM.PS_AR_PO_PRNT_XX_H:"WHERE PSARCH_ID='ARPO_XX' AND PSARCH_BATCHNUM||PSARCH_ID IN (SELECT PSARCH_BATCHNUM||PSARCH_ID FROM SYSADM.PSARCHBATCH WHERE PSARCH_DTTM >= '01-May-2023' AND PSARCH_DTTM < '01-Mar-2024')" TABLES=SYSADM.PS_AR_PO_PRTF_XX_H QUERY=SYSADM.PS_AR_PO_PRTF_XX_H:"WHERE PSARCH_ID='ARPO_XX' AND PSARCH_BATCHNUM||PSARCH_ID IN (SELECT PSARCH_BATCHNUM||PSARCH_ID FROM SYSADM.PSARCHBATCH WHERE PSARCH_DTTM >= '01-May-2023' AND PSARCH_DTTM < '01-Mar-2024')" TABLES=SYSADM.PS_AR_PO_SEQ_XX_H QUERY=SYSADM.PS_AR_PO_SEQ_XX_H:"WHERE PS
Processing object type TABLE_EXPORT/TABLE/PROCACT_INSTANCE
Processing object type TABLE_EXPORT/TABLE/TABLE
Processing object type TABLE_EXPORT/TABLE/GRANT/OWNER_GRANT/OBJECT_GRANT
Processing object type TABLE_EXPORT/TABLE/TABLE_DATA
. . exported "SYSADM"."PS_AR_PO_DTL_XX_H"                5.781 KB       0 rows
. . exported "SYSADM"."PS_AR_PO_SEQ_XX_H"                5.656 KB       0 rows
. . exported "SYSADM"."PS_AR_PO_FLDS_XX_H"               5.414 KB       0 rows
. . exported "SYSADM"."PS_AR_PO_TOT_XX_H"                5.609 KB       0 rows
. . exported "SYSADM"."PS_AR_POKEYS_XX_H"                5.648 KB       0 rows
. . exported "SYSADM"."PS_AR_PO_XX_H"                    5.093 KB       0 rows
. . exported "SYSADM"."PS_PO_KEY_DTA_XX_H"               5.859 KB       0 rows
. . exported "SYSADM"."PS_PO_EXTRACT_XX_H"               6.992 KB       0 rows
. . exported "SYSADM"."PS_AR_PO_WORK_XX_H"               7.531 KB       0 rows
. . exported "SYSADM"."PS_AR_PO_PRTF_XX_H"               5.382 KB       0 rows
. . exported "SYSADM"."PS_AR_PO_PRNT_XX_H"               5.156 KB       0 rows
. . exported "SYSADM"."PS_AR_PO_EML_XX_H"                    0 KB       0 rows
Processing object type TABLE_EXPORT/TABLE/INDEX/INDEX
Master table "SYS"."SYS_EXPORT_TABLE_05" successfully loaded/unloaded
******************************************************************************
Dump file set for SYS.SYS_EXPORT_TABLE_05 is:
  /backup/data_arch/ARPO_XX/FS/ARPO_XX_11-12-2025_1995_2000_01-May-2023_01-Mar-2024_FS_01.dmp
  /backup/data_arch/ARPO_XX/FS/ARPO_XX_11-12-2025_1995_2000_01-May-2023_01-Mar-2024_FS_02.dmp
  /backup/data_arch/ARPO_XX/FS/ARPO_XX_11-12-2025_1995_2000_01-May-2023_01-Mar-2024_FS_03.dmp
  /backup/data_arch/ARPO_XX/FS/ARPO_XX_11-12-2025_1995_2000_01-May-2023_01-Mar-2024_FS_04.dmp
  /backup/data_arch/ARPO_XX/FS/ARPO_XX_11-12-2025_1995_2000_01-May-2023_01-Mar-2024_FS_05.dmp
  /backup/data_arch/ARPO_XX/FS/ARPO_XX_11-12-2025_1995_2000_01-May-2023_01-Mar-2024_FS_06.dmp
  /backup/data_arch/ARPO_XX/FS/ARPO_XX_11-12-2025_1995_2000_01-May-2023_01-Mar-2024_FS_07.dmp
  /backup/data_arch/ARPO_XX/FS/ARPO_XX_11-12-2025_1995_2000_01-May-2023_01-Mar-2024_FS_08.dmp
  /backup/data_arch/ARPO_XX/FS/ARPO_XX_11-12-2025_1995_2000_01-May-2023_01-Mar-2024_FS_09.dmp
  /backup/data_arch/ARPO_XX/FS/ARPO_XX_11-12-2025_1995_2000_01-May-2023_01-Mar-2024_FS_10.dmp
Job "SYS"."SYS_EXPORT_TABLE_05" successfully completed at Fri Dec 12 00:19:49 2025 elapsed 0 00:00:58

TEMPLATE_NAME:  ARPO_XX
Error Count:  0
CURRENT DATE:  2025/12/12
Insert Data into PS_DATAMIN_EXPF_XX.

1 row created.


Commit complete.

Successful Export: Insert Done.
Template FSPRD-ARPO_XX successfully Exported, started at  Fri Dec 12 00:18:49 EST 2025 and finished at Fri Dec 12 00:19:53 EST 2025
----------------------------------------------------------------------------------------
Finished export of Template : ARPO_XX
----------------------------------------------------------------------------------------
#########################################################################################
Beginning export of Template : ARPYMT
#########################################################################################
 
=> ( 1 ) AR_820RMNF_XX_H : Get History Record Counts

1 row created.


Commit complete.

..Get TableSpace, Index & Index TableSpace

1 row created.


Commit complete.

=> ( 2 ) AR_820RMSG_XX_H : Get History Record Counts

1 row created.


Commit complete.

..Get TableSpace, Index & Index TableSpace

2 rows created.


Commit complete.

=> ( 3 ) AR_DEP_CONTRL_H : Get History Record Counts

1 row created.


Commit complete.

..Get TableSpace, Index & Index TableSpace

3 rows created.


Commit complete.

=> ( 4 ) AR_EE_DJR_ACT_H : Get History Record Counts

1 row created.


Commit complete.

..Get TableSpace, Index & Index TableSpace

1 row created.


Commit complete.

=> ( 5 ) AR_PAYMENT_H : Get History Record Counts

1 row created.


Commit complete.

..Get TableSpace, Index & Index TableSpace

4 rows created.


Commit complete.

=> ( 6 ) AR_PAY_ID_CUS_H : Get History Record Counts

1 row created.


Commit complete.

..Get TableSpace, Index & Index TableSpace

1 row created.


Commit complete.

=> ( 7 ) AR_PAY_ID_ITM_H : Get History Record Counts

1 row created.


Commit complete.

..Get TableSpace, Index & Index TableSpace

1 row created.


Commit complete.

=> ( 8 ) AR_PAY_ITEM_H : Get History Record Counts

1 row created.


Commit complete.

..Get TableSpace, Index & Index TableSpace

1 row created.


Commit complete.

=> ( 9 ) AR_PAY_IT_MRL_H : Get History Record Counts

1 row created.


Commit complete.

..Get TableSpace, Index & Index TableSpace

1 row created.


Commit complete.

=> ( 10 ) AR_PAY_MIS_DS_H : Get History Record Counts

1 row created.


Commit complete.

..Get TableSpace, Index & Index TableSpace

1 row created.


Commit complete.


Export: Release 19.0.0.0.0 - Production on Fri Dec 12 00:20:10 2025
Version 19.27.0.0.0

Copyright (c) 1982, 2019, Oracle and/or its affiliates.  All rights reserved.

Connected to: Oracle Database 19c Enterprise Edition Release 19.0.0.0.0 - Production
FLASHBACK automatically enabled to preserve database integrity.
Starting "SYS"."SYS_EXPORT_TABLE_05":  userid="/******** AS SYSDBA" directory=ARPYMT_FS dumpfile=ARPYMT_11-12-2025_1995_2000_01-May-2023_01-Mar-2024_FS_%U.dmp logfile=ARPYMT_11-12-2025_1995_2000_01-May-2023_01-Mar-2024_FS.log parallel=18 EXCLUDE=statistics EXCLUDE=TRIGGER ENCRYPTION=ALL ENCRYPTION_MODE=DUAL ENCRYPTION_ALGORITHM=AES256 ENCRYPTION_PASSWORD=******** FILESIZE=10G COMPRESSION=ALL TABLES=SYSADM.PS_AR_820RMNF_XX_H QUERY=SYSADM.PS_AR_820RMNF_XX_H:"WHERE PSARCH_ID='ARPYMT' AND PSARCH_BATCHNUM||PSARCH_ID IN (SELECT PSARCH_BATCHNUM||PSARCH_ID FROM SYSADM.PSARCHBATCH WHERE PSARCH_DTTM >= '01-May-2023' AND PSARCH_DTTM < '01-Mar-2024')" TABLES=SYSADM.PS_AR_820RMSG_XX_H QUERY=SYSADM.PS_AR_820RMSG_XX_H:"WHERE PSARCH_ID='ARPYMT' AND PSARCH_BATCHNUM||PSARCH_ID IN (SELECT PSARCH_BATCHNUM||PSARCH_ID FROM SYSADM.PSARCHBATCH WHERE PSARCH_DTTM >= '01-May-2023' AND PSARCH_DTTM < '01-Mar-2024')" TABLES=SYSADM.PS_AR_DEP_CONTRL_H QUERY=SYSADM.PS_AR_DEP_CONTRL_H:"WHERE PSARCH_ID='ARPYMT' AND PSARCH_BATCHNUM||PSARCH_ID IN (SELECT PSARCH_BATCHNUM||PSARCH_ID FROM SYSADM.PSARCHBATCH WHERE PSARCH_DTTM >= '01-May-2023' AND PSARCH_DTTM < '01-Mar-2024')" TABLES=SYSADM.PS_AR_EE_DJR_ACT_H QUERY=SYSADM.PS_AR_EE_DJR_ACT_H:"WHERE PSARCH_ID='ARPYMT' AND PSARCH_BATCHNUM||PSARCH_ID IN (SELECT PSARCH_BATCHNUM||PSARCH_ID FROM SYSADM.PSARCHBATCH WHERE PSARCH_DTTM >= '01-May-2023' AND PSARCH_DTTM < '01-Mar-2024')" TABLES=SYSADM.PS_AR_PAYMENT_H QUERY=SYSADM.PS_AR_PAYMENT_H:"WHERE PSARCH_ID='ARPYMT' AND PSARCH_BATCHNUM||PSARCH_ID IN (SELECT PSARCH_BATCHNUM||PSARCH_ID FROM SYSADM.PSARCHBATCH WHERE PSARCH_DTTM >= '01-May-2023' AND PSARCH_DTTM < '01-Mar-2024')" TABLES=SYSADM.PS_AR_PAY_ID_CUS_H QUERY=SYSADM.PS_AR_PAY_ID_CUS_H:"WHERE PSARCH_ID='ARPYMT' AND PSARCH_BATCHNUM||PSARCH_ID IN (SELECT PSARCH_BATCHNUM||PSARCH_ID FROM SYSADM.PSARCHBATCH WHERE PSARCH_DTTM >= '01-May-2023' AND PSARCH_DTTM < '01-Mar-2024')" TABLES=SYSADM.PS_AR_PAY_ID_ITM_H QUERY=SYSADM.PS_AR_PAY_ID_ITM_H:"WHERE PSARCH_ID
Processing object type TABLE_EXPORT/TABLE/PROCACT_INSTANCE
Processing object type TABLE_EXPORT/TABLE/TABLE
Processing object type TABLE_EXPORT/TABLE/GRANT/OWNER_GRANT/OBJECT_GRANT
Processing object type TABLE_EXPORT/TABLE/TABLE_DATA
. . exported "SYSADM"."PS_AR_PAY_ID_ITM_H"               83.18 MB 4776291 rows
Processing object type TABLE_EXPORT/TABLE/INDEX/INDEX
. . exported "SYSADM"."PS_AR_PAY_ID_CUS_H"               2.773 MB  458084 rows
. . exported "SYSADM"."PS_AR_PAY_MIS_DS_H"               60.14 KB    1989 rows
. . exported "SYSADM"."PS_AR_PAY_ITEM_H"                 13.76 KB       0 rows
. . exported "SYSADM"."PS_AR_820RMNF_XX_H"                   0 KB       0 rows
. . exported "SYSADM"."PS_AR_820RMSG_XX_H"                   0 KB       0 rows
. . exported "SYSADM"."PS_AR_EE_DJR_ACT_H"                   0 KB       0 rows
. . exported "SYSADM"."PS_AR_PAY_IT_MRL_H"                   0 KB       0 rows
. . exported "SYSADM"."PS_AR_DEP_CONTRL_H"               1.023 MB   39396 rows
. . exported "SYSADM"."PS_AR_PAYMENT_H"                  59.01 MB 1335452 rows
Master table "SYS"."SYS_EXPORT_TABLE_05" successfully loaded/unloaded
******************************************************************************
Dump file set for SYS.SYS_EXPORT_TABLE_05 is:
  /backup/data_arch/ARPYMT/FS/ARPYMT_11-12-2025_1995_2000_01-May-2023_01-Mar-2024_FS_01.dmp
  /backup/data_arch/ARPYMT/FS/ARPYMT_11-12-2025_1995_2000_01-May-2023_01-Mar-2024_FS_02.dmp
  /backup/data_arch/ARPYMT/FS/ARPYMT_11-12-2025_1995_2000_01-May-2023_01-Mar-2024_FS_03.dmp
  /backup/data_arch/ARPYMT/FS/ARPYMT_11-12-2025_1995_2000_01-May-2023_01-Mar-2024_FS_04.dmp
  /backup/data_arch/ARPYMT/FS/ARPYMT_11-12-2025_1995_2000_01-May-2023_01-Mar-2024_FS_05.dmp
  /backup/data_arch/ARPYMT/FS/ARPYMT_11-12-2025_1995_2000_01-May-2023_01-Mar-2024_FS_06.dmp
  /backup/data_arch/ARPYMT/FS/ARPYMT_11-12-2025_1995_2000_01-May-2023_01-Mar-2024_FS_07.dmp
  /backup/data_arch/ARPYMT/FS/ARPYMT_11-12-2025_1995_2000_01-May-2023_01-Mar-2024_FS_08.dmp
  /backup/data_arch/ARPYMT/FS/ARPYMT_11-12-2025_1995_2000_01-May-2023_01-Mar-2024_FS_09.dmp
  /backup/data_arch/ARPYMT/FS/ARPYMT_11-12-2025_1995_2000_01-May-2023_01-Mar-2024_FS_10.dmp
  /backup/data_arch/ARPYMT/FS/ARPYMT_11-12-2025_1995_2000_01-May-2023_01-Mar-2024_FS_11.dmp
  /backup/data_arch/ARPYMT/FS/ARPYMT_11-12-2025_1995_2000_01-May-2023_01-Mar-2024_FS_12.dmp
  /backup/data_arch/ARPYMT/FS/ARPYMT_11-12-2025_1995_2000_01-May-2023_01-Mar-2024_FS_13.dmp
  /backup/data_arch/ARPYMT/FS/ARPYMT_11-12-2025_1995_2000_01-May-2023_01-Mar-2024_FS_14.dmp
  /backup/data_arch/ARPYMT/FS/ARPYMT_11-12-2025_1995_2000_01-May-2023_01-Mar-2024_FS_15.dmp
  /backup/data_arch/ARPYMT/FS/ARPYMT_11-12-2025_1995_2000_01-May-2023_01-Mar-2024_FS_16.dmp
  /backup/data_arch/ARPYMT/FS/ARPYMT_11-12-2025_1995_2000_01-May-2023_01-Mar-2024_FS_17.dmp
  /backup/data_arch/ARPYMT/FS/ARPYMT_11-12-2025_1995_2000_01-May-2023_01-Mar-2024_FS_18.dmp
  /backup/data_arch/ARPYMT/FS/ARPYMT_11-12-2025_1995_2000_01-May-2023_01-Mar-2024_FS_19.dmp
  /backup/data_arch/ARPYMT/FS/ARPYMT_11-12-2025_1995_2000_01-May-2023_01-Mar-2024_FS_20.dmp
Job "SYS"."SYS_EXPORT_TABLE_05" successfully completed at Fri Dec 12 00:23:22 2025 elapsed 0 00:03:10

TEMPLATE_NAME:  ARPYMT
Error Count:  0
CURRENT DATE:  2025/12/12
Insert Data into PS_DATAMIN_EXPF_XX.

1 row created.


Commit complete.

Successful Export: Insert Done.
Template FSPRD-ARPYMT successfully Exported, started at  Fri Dec 12 00:20:10 EST 2025 and finished at Fri Dec 12 00:23:27 EST 2025
----------------------------------------------------------------------------------------
Finished export of Template : ARPYMT
----------------------------------------------------------------------------------------
#########################################################################################
Beginning export of Template : ARRAR_XX
#########################################################################################
 
=> ( 1 ) AR_FORMRAR_XX_H : Get History Record Counts

1 row created.


Commit complete.

..Get TableSpace, Index & Index TableSpace

1 row created.


Commit complete.

=> ( 2 ) AR_FRMRAR1_XX_H : Get History Record Counts

1 row created.


Commit complete.

..Get TableSpace, Index & Index TableSpace

1 row created.


Commit complete.

=> ( 3 ) AR_FRMRARB_XX_H : Get History Record Counts

1 row created.


Commit complete.

..Get TableSpace, Index & Index TableSpace

1 row created.


Commit complete.


Export: Release 19.0.0.0.0 - Production on Fri Dec 12 00:23:28 2025
Version 19.27.0.0.0

Copyright (c) 1982, 2019, Oracle and/or its affiliates.  All rights reserved.

Connected to: Oracle Database 19c Enterprise Edition Release 19.0.0.0.0 - Production
FLASHBACK automatically enabled to preserve database integrity.
Starting "SYS"."SYS_EXPORT_TABLE_05":  userid="/******** AS SYSDBA" directory=ARRAR_XX_FS dumpfile=ARRAR_XX_11-12-2025_1995_2000_01-May-2023_01-Mar-2024_FS_%U.dmp logfile=ARRAR_XX_11-12-2025_1995_2000_01-May-2023_01-Mar-2024_FS.log parallel=18 EXCLUDE=statistics EXCLUDE=TRIGGER ENCRYPTION=ALL ENCRYPTION_MODE=DUAL ENCRYPTION_ALGORITHM=AES256 ENCRYPTION_PASSWORD=******** FILESIZE=10G COMPRESSION=ALL TABLES=SYSADM.PS_AR_FORMRAR_XX_H QUERY=SYSADM.PS_AR_FORMRAR_XX_H:"WHERE PSARCH_ID='ARRAR_XX' AND PSARCH_BATCHNUM||PSARCH_ID IN (SELECT PSARCH_BATCHNUM||PSARCH_ID FROM SYSADM.PSARCHBATCH WHERE PSARCH_DTTM >= '01-May-2023' AND PSARCH_DTTM < '01-Mar-2024')" TABLES=SYSADM.PS_AR_FRMRAR1_XX_H QUERY=SYSADM.PS_AR_FRMRAR1_XX_H:"WHERE PSARCH_ID='ARRAR_XX' AND PSARCH_BATCHNUM||PSARCH_ID IN (SELECT PSARCH_BATCHNUM||PSARCH_ID FROM SYSADM.PSARCHBATCH WHERE PSARCH_DTTM >= '01-May-2023' AND PSARCH_DTTM < '01-Mar-2024')" TABLES=SYSADM.PS_AR_FRMRARB_XX_H QUERY=SYSADM.PS_AR_FRMRARB_XX_H:"WHERE PSARCH_ID='ARRAR_XX' AND PSARCH_BATCHNUM||PSARCH_ID IN (SELECT PSARCH_BATCHNUM||PSARCH_ID FROM SYSADM.PSARCHBATCH WHERE PSARCH_DTTM >= '01-May-2023' AND PSARCH_DTTM < '01-Mar-2024')" 
Processing object type TABLE_EXPORT/TABLE/PROCACT_INSTANCE
Processing object type TABLE_EXPORT/TABLE/TABLE
Processing object type TABLE_EXPORT/TABLE/GRANT/OWNER_GRANT/OBJECT_GRANT
Processing object type TABLE_EXPORT/TABLE/TABLE_DATA
. . exported "SYSADM"."PS_AR_FORMRAR_XX_H"                   0 KB       0 rows
. . exported "SYSADM"."PS_AR_FRMRAR1_XX_H"                   0 KB       0 rows
. . exported "SYSADM"."PS_AR_FRMRARB_XX_H"                   0 KB       0 rows
Processing object type TABLE_EXPORT/TABLE/INDEX/INDEX
Master table "SYS"."SYS_EXPORT_TABLE_05" successfully loaded/unloaded
******************************************************************************
Dump file set for SYS.SYS_EXPORT_TABLE_05 is:
  /backup/data_arch/ARRAR_XX/FS/ARRAR_XX_11-12-2025_1995_2000_01-May-2023_01-Mar-2024_FS_01.dmp
  /backup/data_arch/ARRAR_XX/FS/ARRAR_XX_11-12-2025_1995_2000_01-May-2023_01-Mar-2024_FS_02.dmp
  /backup/data_arch/ARRAR_XX/FS/ARRAR_XX_11-12-2025_1995_2000_01-May-2023_01-Mar-2024_FS_03.dmp
  /backup/data_arch/ARRAR_XX/FS/ARRAR_XX_11-12-2025_1995_2000_01-May-2023_01-Mar-2024_FS_04.dmp
  /backup/data_arch/ARRAR_XX/FS/ARRAR_XX_11-12-2025_1995_2000_01-May-2023_01-Mar-2024_FS_05.dmp
  /backup/data_arch/ARRAR_XX/FS/ARRAR_XX_11-12-2025_1995_2000_01-May-2023_01-Mar-2024_FS_06.dmp
  /backup/data_arch/ARRAR_XX/FS/ARRAR_XX_11-12-2025_1995_2000_01-May-2023_01-Mar-2024_FS_07.dmp
  /backup/data_arch/ARRAR_XX/FS/ARRAR_XX_11-12-2025_1995_2000_01-May-2023_01-Mar-2024_FS_08.dmp
  /backup/data_arch/ARRAR_XX/FS/ARRAR_XX_11-12-2025_1995_2000_01-May-2023_01-Mar-2024_FS_09.dmp
Job "SYS"."SYS_EXPORT_TABLE_05" successfully completed at Fri Dec 12 00:24:20 2025 elapsed 0 00:00:52

TEMPLATE_NAME:  ARRAR_XX
Error Count:  0
CURRENT DATE:  2025/12/12
Insert Data into PS_DATAMIN_EXPF_XX.

1 row created.


Commit complete.

Successful Export: Insert Done.
Template FSPRD-ARRAR_XX successfully Exported, started at  Fri Dec 12 00:23:28 EST 2025 and finished at Fri Dec 12 00:24:25 EST 2025
----------------------------------------------------------------------------------------
Finished export of Template : ARRAR_XX
----------------------------------------------------------------------------------------
#########################################################################################
Beginning export of Template : ARSTMT
#########################################################################################
 
=> ( 1 ) AR_STMT_CUSBD_H : Get History Record Counts

1 row created.


Commit complete.

..Get TableSpace, Index & Index TableSpace

1 row created.


Commit complete.

=> ( 2 ) AR_STMT_CUSDT_H : Get History Record Counts

1 row created.


Commit complete.

..Get TableSpace, Index & Index TableSpace

1 row created.


Commit complete.

=> ( 3 ) AR_STMT_CUST_H : Get History Record Counts

1 row created.


Commit complete.

..Get TableSpace, Index & Index TableSpace

2 rows created.


Commit complete.

=> ( 4 ) AR_STMT_CUS_H : Get History Record Counts

1 row created.


Commit complete.

..Get TableSpace, Index & Index TableSpace

1 row created.


Commit complete.


Export: Release 19.0.0.0.0 - Production on Fri Dec 12 00:24:27 2025
Version 19.27.0.0.0

Copyright (c) 1982, 2019, Oracle and/or its affiliates.  All rights reserved.

Connected to: Oracle Database 19c Enterprise Edition Release 19.0.0.0.0 - Production
FLASHBACK automatically enabled to preserve database integrity.
Starting "SYS"."SYS_EXPORT_TABLE_05":  userid="/******** AS SYSDBA" directory=ARSTMT_FS dumpfile=ARSTMT_11-12-2025_1995_2000_01-May-2023_01-Mar-2024_FS_%U.dmp logfile=ARSTMT_11-12-2025_1995_2000_01-May-2023_01-Mar-2024_FS.log parallel=18 EXCLUDE=statistics EXCLUDE=TRIGGER ENCRYPTION=ALL ENCRYPTION_MODE=DUAL ENCRYPTION_ALGORITHM=AES256 ENCRYPTION_PASSWORD=******** FILESIZE=10G COMPRESSION=ALL TABLES=SYSADM.PS_AR_STMT_CUSBD_H QUERY=SYSADM.PS_AR_STMT_CUSBD_H:"WHERE PSARCH_ID='ARSTMT' AND PSARCH_BATCHNUM||PSARCH_ID IN (SELECT PSARCH_BATCHNUM||PSARCH_ID FROM SYSADM.PSARCHBATCH WHERE PSARCH_DTTM >= '01-May-2023' AND PSARCH_DTTM < '01-Mar-2024')" TABLES=SYSADM.PS_AR_STMT_CUSDT_H QUERY=SYSADM.PS_AR_STMT_CUSDT_H:"WHERE PSARCH_ID='ARSTMT' AND PSARCH_BATCHNUM||PSARCH_ID IN (SELECT PSARCH_BATCHNUM||PSARCH_ID FROM SYSADM.PSARCHBATCH WHERE PSARCH_DTTM >= '01-May-2023' AND PSARCH_DTTM < '01-Mar-2024')" TABLES=SYSADM.PS_AR_STMT_CUST_H QUERY=SYSADM.PS_AR_STMT_CUST_H:"WHERE PSARCH_ID='ARSTMT' AND PSARCH_BATCHNUM||PSARCH_ID IN (SELECT PSARCH_BATCHNUM||PSARCH_ID FROM SYSADM.PSARCHBATCH WHERE PSARCH_DTTM >= '01-May-2023' AND PSARCH_DTTM < '01-Mar-2024')" TABLES=SYSADM.PS_AR_STMT_CUS_H QUERY=SYSADM.PS_AR_STMT_CUS_H:"WHERE PSARCH_ID='ARSTMT' AND PSARCH_BATCHNUM||PSARCH_ID IN (SELECT PSARCH_BATCHNUM||PSARCH_ID FROM SYSADM.PSARCHBATCH WHERE PSARCH_DTTM >= '01-May-2023' AND PSARCH_DTTM < '01-Mar-2024')" 
Processing object type TABLE_EXPORT/TABLE/PROCACT_INSTANCE
Processing object type TABLE_EXPORT/TABLE/TABLE
Processing object type TABLE_EXPORT/TABLE/GRANT/OWNER_GRANT/OBJECT_GRANT
Processing object type TABLE_EXPORT/TABLE/TABLE_DATA
. . exported "SYSADM"."PS_AR_STMT_CUS_H"                 54.84 KB    6428 rows
. . exported "SYSADM"."PS_AR_STMT_CUST_H"                24.08 KB    6460 rows
. . exported "SYSADM"."PS_AR_STMT_CUSBD_H"                   0 KB       0 rows
Processing object type TABLE_EXPORT/TABLE/INDEX/INDEX
. . exported "SYSADM"."PS_AR_STMT_CUSDT_H"               488.1 KB   87387 rows
Master table "SYS"."SYS_EXPORT_TABLE_05" successfully loaded/unloaded
******************************************************************************
Dump file set for SYS.SYS_EXPORT_TABLE_05 is:
  /backup/data_arch/ARSTMT/FS/ARSTMT_11-12-2025_1995_2000_01-May-2023_01-Mar-2024_FS_01.dmp
  /backup/data_arch/ARSTMT/FS/ARSTMT_11-12-2025_1995_2000_01-May-2023_01-Mar-2024_FS_02.dmp
  /backup/data_arch/ARSTMT/FS/ARSTMT_11-12-2025_1995_2000_01-May-2023_01-Mar-2024_FS_03.dmp
  /backup/data_arch/ARSTMT/FS/ARSTMT_11-12-2025_1995_2000_01-May-2023_01-Mar-2024_FS_04.dmp
  /backup/data_arch/ARSTMT/FS/ARSTMT_11-12-2025_1995_2000_01-May-2023_01-Mar-2024_FS_05.dmp
  /backup/data_arch/ARSTMT/FS/ARSTMT_11-12-2025_1995_2000_01-May-2023_01-Mar-2024_FS_06.dmp
  /backup/data_arch/ARSTMT/FS/ARSTMT_11-12-2025_1995_2000_01-May-2023_01-Mar-2024_FS_07.dmp
  /backup/data_arch/ARSTMT/FS/ARSTMT_11-12-2025_1995_2000_01-May-2023_01-Mar-2024_FS_08.dmp
  /backup/data_arch/ARSTMT/FS/ARSTMT_11-12-2025_1995_2000_01-May-2023_01-Mar-2024_FS_09.dmp
  /backup/data_arch/ARSTMT/FS/ARSTMT_11-12-2025_1995_2000_01-May-2023_01-Mar-2024_FS_10.dmp
  /backup/data_arch/ARSTMT/FS/ARSTMT_11-12-2025_1995_2000_01-May-2023_01-Mar-2024_FS_11.dmp
Job "SYS"."SYS_EXPORT_TABLE_05" successfully completed at Fri Dec 12 00:25:42 2025 elapsed 0 00:01:14

TEMPLATE_NAME:  ARSTMT
Error Count:  0
CURRENT DATE:  2025/12/12
Insert Data into PS_DATAMIN_EXPF_XX.

1 row created.


Commit complete.

Successful Export: Insert Done.
Template FSPRD-ARSTMT successfully Exported, started at  Fri Dec 12 00:24:27 EST 2025 and finished at Fri Dec 12 00:25:47 EST 2025
----------------------------------------------------------------------------------------
Finished export of Template : ARSTMT
----------------------------------------------------------------------------------------
#########################################################################################
Beginning export of Template : ARTAR_XX
#########################################################################################
 
=> ( 1 ) AR_FORMTAR_XX_H : Get History Record Counts

1 row created.


Commit complete.

..Get TableSpace, Index & Index TableSpace

1 row created.


Commit complete.

=> ( 2 ) AR_FRMTAR1_XX_H : Get History Record Counts

1 row created.


Commit complete.

..Get TableSpace, Index & Index TableSpace

1 row created.


Commit complete.


Export: Release 19.0.0.0.0 - Production on Fri Dec 12 00:25:48 2025
Version 19.27.0.0.0

Copyright (c) 1982, 2019, Oracle and/or its affiliates.  All rights reserved.

Connected to: Oracle Database 19c Enterprise Edition Release 19.0.0.0.0 - Production
FLASHBACK automatically enabled to preserve database integrity.
Starting "SYS"."SYS_EXPORT_TABLE_05":  userid="/******** AS SYSDBA" directory=ARTAR_XX_FS dumpfile=ARTAR_XX_11-12-2025_1995_2000_01-May-2023_01-Mar-2024_FS_%U.dmp logfile=ARTAR_XX_11-12-2025_1995_2000_01-May-2023_01-Mar-2024_FS.log parallel=18 EXCLUDE=statistics EXCLUDE=TRIGGER ENCRYPTION=ALL ENCRYPTION_MODE=DUAL ENCRYPTION_ALGORITHM=AES256 ENCRYPTION_PASSWORD=******** FILESIZE=10G COMPRESSION=ALL TABLES=SYSADM.PS_AR_FORMTAR_XX_H QUERY=SYSADM.PS_AR_FORMTAR_XX_H:"WHERE PSARCH_ID='ARTAR_XX' AND PSARCH_BATCHNUM||PSARCH_ID IN (SELECT PSARCH_BATCHNUM||PSARCH_ID FROM SYSADM.PSARCHBATCH WHERE PSARCH_DTTM >= '01-May-2023' AND PSARCH_DTTM < '01-Mar-2024')" TABLES=SYSADM.PS_AR_FRMTAR1_XX_H QUERY=SYSADM.PS_AR_FRMTAR1_XX_H:"WHERE PSARCH_ID='ARTAR_XX' AND PSARCH_BATCHNUM||PSARCH_ID IN (SELECT PSARCH_BATCHNUM||PSARCH_ID FROM SYSADM.PSARCHBATCH WHERE PSARCH_DTTM >= '01-May-2023' AND PSARCH_DTTM < '01-Mar-2024')" 
Processing object type TABLE_EXPORT/TABLE/PROCACT_INSTANCE
Processing object type TABLE_EXPORT/TABLE/TABLE
Processing object type TABLE_EXPORT/TABLE/GRANT/OWNER_GRANT/OBJECT_GRANT
Processing object type TABLE_EXPORT/TABLE/TABLE_DATA
. . exported "SYSADM"."PS_AR_FORMTAR_XX_H"               6.007 KB       4 rows
. . exported "SYSADM"."PS_AR_FRMTAR1_XX_H"               5.335 KB       1 rows
Processing object type TABLE_EXPORT/TABLE/INDEX/INDEX
Master table "SYS"."SYS_EXPORT_TABLE_05" successfully loaded/unloaded
******************************************************************************
Dump file set for SYS.SYS_EXPORT_TABLE_05 is:
  /backup/data_arch/ARTAR_XX/FS/ARTAR_XX_11-12-2025_1995_2000_01-May-2023_01-Mar-2024_FS_01.dmp
  /backup/data_arch/ARTAR_XX/FS/ARTAR_XX_11-12-2025_1995_2000_01-May-2023_01-Mar-2024_FS_02.dmp
  /backup/data_arch/ARTAR_XX/FS/ARTAR_XX_11-12-2025_1995_2000_01-May-2023_01-Mar-2024_FS_03.dmp
  /backup/data_arch/ARTAR_XX/FS/ARTAR_XX_11-12-2025_1995_2000_01-May-2023_01-Mar-2024_FS_04.dmp
  /backup/data_arch/ARTAR_XX/FS/ARTAR_XX_11-12-2025_1995_2000_01-May-2023_01-Mar-2024_FS_05.dmp
  /backup/data_arch/ARTAR_XX/FS/ARTAR_XX_11-12-2025_1995_2000_01-May-2023_01-Mar-2024_FS_06.dmp
  /backup/data_arch/ARTAR_XX/FS/ARTAR_XX_11-12-2025_1995_2000_01-May-2023_01-Mar-2024_FS_07.dmp
  /backup/data_arch/ARTAR_XX/FS/ARTAR_XX_11-12-2025_1995_2000_01-May-2023_01-Mar-2024_FS_08.dmp
  /backup/data_arch/ARTAR_XX/FS/ARTAR_XX_11-12-2025_1995_2000_01-May-2023_01-Mar-2024_FS_09.dmp
  /backup/data_arch/ARTAR_XX/FS/ARTAR_XX_11-12-2025_1995_2000_01-May-2023_01-Mar-2024_FS_10.dmp
Job "SYS"."SYS_EXPORT_TABLE_05" successfully completed at Fri Dec 12 00:26:44 2025 elapsed 0 00:00:56

TEMPLATE_NAME:  ARTAR_XX
Error Count:  0
CURRENT DATE:  2025/12/12
Insert Data into PS_DATAMIN_EXPF_XX.

1 row created.


Commit complete.

Successful Export: Insert Done.
Template FSPRD-ARTAR_XX successfully Exported, started at  Fri Dec 12 00:25:48 EST 2025 and finished at Fri Dec 12 00:26:48 EST 2025
----------------------------------------------------------------------------------------
Finished export of Template : ARTAR_XX
----------------------------------------------------------------------------------------
#########################################################################################
Beginning export of Template : ARXRF_XX
#########################################################################################
 
=> ( 1 ) AR_FRMXREF_XX_H : Get History Record Counts

1 row created.


Commit complete.

..Get TableSpace, Index & Index TableSpace

2 rows created.


Commit complete.


Export: Release 19.0.0.0.0 - Production on Fri Dec 12 00:26:48 2025
Version 19.27.0.0.0

Copyright (c) 1982, 2019, Oracle and/or its affiliates.  All rights reserved.

Connected to: Oracle Database 19c Enterprise Edition Release 19.0.0.0.0 - Production
FLASHBACK automatically enabled to preserve database integrity.
Starting "SYS"."SYS_EXPORT_TABLE_05":  userid="/******** AS SYSDBA" directory=ARXRF_XX_FS dumpfile=ARXRF_XX_11-12-2025_1995_2000_01-May-2023_01-Mar-2024_FS_%U.dmp logfile=ARXRF_XX_11-12-2025_1995_2000_01-May-2023_01-Mar-2024_FS.log parallel=18 EXCLUDE=statistics EXCLUDE=TRIGGER ENCRYPTION=ALL ENCRYPTION_MODE=DUAL ENCRYPTION_ALGORITHM=AES256 ENCRYPTION_PASSWORD=******** FILESIZE=10G COMPRESSION=ALL TABLES=SYSADM.PS_AR_FRMXREF_XX_H QUERY=SYSADM.PS_AR_FRMXREF_XX_H:"WHERE PSARCH_ID='ARXRF_XX' AND PSARCH_BATCHNUM||PSARCH_ID IN (SELECT PSARCH_BATCHNUM||PSARCH_ID FROM SYSADM.PSARCHBATCH WHERE PSARCH_DTTM >= '01-May-2023' AND PSARCH_DTTM < '01-Mar-2024')" 
Processing object type TABLE_EXPORT/TABLE/PROCACT_INSTANCE
Processing object type TABLE_EXPORT/TABLE/TABLE
Processing object type TABLE_EXPORT/TABLE/GRANT/OWNER_GRANT/OBJECT_GRANT
Processing object type TABLE_EXPORT/TABLE/TABLE_DATA
. . exported "SYSADM"."PS_AR_FRMXREF_XX_H"               6.304 KB       7 rows
Processing object type TABLE_EXPORT/TABLE/INDEX/INDEX
Master table "SYS"."SYS_EXPORT_TABLE_05" successfully loaded/unloaded
******************************************************************************
Dump file set for SYS.SYS_EXPORT_TABLE_05 is:
  /backup/data_arch/ARXRF_XX/FS/ARXRF_XX_11-12-2025_1995_2000_01-May-2023_01-Mar-2024_FS_01.dmp
  /backup/data_arch/ARXRF_XX/FS/ARXRF_XX_11-12-2025_1995_2000_01-May-2023_01-Mar-2024_FS_02.dmp
  /backup/data_arch/ARXRF_XX/FS/ARXRF_XX_11-12-2025_1995_2000_01-May-2023_01-Mar-2024_FS_03.dmp
  /backup/data_arch/ARXRF_XX/FS/ARXRF_XX_11-12-2025_1995_2000_01-May-2023_01-Mar-2024_FS_04.dmp
  /backup/data_arch/ARXRF_XX/FS/ARXRF_XX_11-12-2025_1995_2000_01-May-2023_01-Mar-2024_FS_05.dmp
  /backup/data_arch/ARXRF_XX/FS/ARXRF_XX_11-12-2025_1995_2000_01-May-2023_01-Mar-2024_FS_06.dmp
  /backup/data_arch/ARXRF_XX/FS/ARXRF_XX_11-12-2025_1995_2000_01-May-2023_01-Mar-2024_FS_07.dmp
  /backup/data_arch/ARXRF_XX/FS/ARXRF_XX_11-12-2025_1995_2000_01-May-2023_01-Mar-2024_FS_08.dmp
  /backup/data_arch/ARXRF_XX/FS/ARXRF_XX_11-12-2025_1995_2000_01-May-2023_01-Mar-2024_FS_09.dmp
  /backup/data_arch/ARXRF_XX/FS/ARXRF_XX_11-12-2025_1995_2000_01-May-2023_01-Mar-2024_FS_10.dmp
Job "SYS"."SYS_EXPORT_TABLE_05" successfully completed at Fri Dec 12 00:27:41 2025 elapsed 0 00:00:52

TEMPLATE_NAME:  ARXRF_XX
Error Count:  0
CURRENT DATE:  2025/12/12
Insert Data into PS_DATAMIN_EXPF_XX.

1 row created.


Commit complete.

Successful Export: Insert Done.
Template FSPRD-ARXRF_XX successfully Exported, started at  Fri Dec 12 00:26:48 EST 2025 and finished at Fri Dec 12 00:27:46 EST 2025
----------------------------------------------------------------------------------------
Finished export of Template : ARXRF_XX
----------------------------------------------------------------------------------------
#########################################################################################
Beginning export of Template : BIADJXX
#########################################################################################
 
=> ( 1 ) BIADJHSTX_H_XX : Get History Record Counts

1 row created.


Commit complete.

..Get TableSpace, Index & Index TableSpace

1 row created.


Commit complete.


Export: Release 19.0.0.0.0 - Production on Fri Dec 12 00:27:46 2025
Version 19.27.0.0.0

Copyright (c) 1982, 2019, Oracle and/or its affiliates.  All rights reserved.

Connected to: Oracle Database 19c Enterprise Edition Release 19.0.0.0.0 - Production
FLASHBACK automatically enabled to preserve database integrity.
Starting "SYS"."SYS_EXPORT_TABLE_05":  userid="/******** AS SYSDBA" directory=BIADJXX_FS dumpfile=BIADJXX_11-12-2025_1995_2000_01-May-2023_01-Mar-2024_FS_%U.dmp logfile=BIADJXX_11-12-2025_1995_2000_01-May-2023_01-Mar-2024_FS.log parallel=18 EXCLUDE=statistics EXCLUDE=TRIGGER ENCRYPTION=ALL ENCRYPTION_MODE=DUAL ENCRYPTION_ALGORITHM=AES256 ENCRYPTION_PASSWORD=******** FILESIZE=10G COMPRESSION=ALL TABLES=SYSADM.PS_BIADJHSTX_H_XX QUERY=SYSADM.PS_BIADJHSTX_H_XX:"WHERE PSARCH_ID='BIADJXX' AND PSARCH_BATCHNUM||PSARCH_ID IN (SELECT PSARCH_BATCHNUM||PSARCH_ID FROM SYSADM.PSARCHBATCH WHERE PSARCH_DTTM >= '01-May-2023' AND PSARCH_DTTM < '01-Mar-2024')" 
Processing object type TABLE_EXPORT/TABLE/PROCACT_INSTANCE
Processing object type TABLE_EXPORT/TABLE/TABLE
Processing object type TABLE_EXPORT/TABLE/GRANT/OWNER_GRANT/OBJECT_GRANT
Processing object type TABLE_EXPORT/TABLE/TABLE_DATA
. . exported "SYSADM"."PS_BIADJHSTX_H_XX"                17.19 KB     960 rows
Processing object type TABLE_EXPORT/TABLE/INDEX/INDEX
Master table "SYS"."SYS_EXPORT_TABLE_05" successfully loaded/unloaded
******************************************************************************
Dump file set for SYS.SYS_EXPORT_TABLE_05 is:
  /backup/data_arch/BIADJXX/FS/BIADJXX_11-12-2025_1995_2000_01-May-2023_01-Mar-2024_FS_01.dmp
  /backup/data_arch/BIADJXX/FS/BIADJXX_11-12-2025_1995_2000_01-May-2023_01-Mar-2024_FS_02.dmp
  /backup/data_arch/BIADJXX/FS/BIADJXX_11-12-2025_1995_2000_01-May-2023_01-Mar-2024_FS_03.dmp
  /backup/data_arch/BIADJXX/FS/BIADJXX_11-12-2025_1995_2000_01-May-2023_01-Mar-2024_FS_04.dmp
  /backup/data_arch/BIADJXX/FS/BIADJXX_11-12-2025_1995_2000_01-May-2023_01-Mar-2024_FS_05.dmp
  /backup/data_arch/BIADJXX/FS/BIADJXX_11-12-2025_1995_2000_01-May-2023_01-Mar-2024_FS_06.dmp
  /backup/data_arch/BIADJXX/FS/BIADJXX_11-12-2025_1995_2000_01-May-2023_01-Mar-2024_FS_07.dmp
  /backup/data_arch/BIADJXX/FS/BIADJXX_11-12-2025_1995_2000_01-May-2023_01-Mar-2024_FS_08.dmp
  /backup/data_arch/BIADJXX/FS/BIADJXX_11-12-2025_1995_2000_01-May-2023_01-Mar-2024_FS_09.dmp
  /backup/data_arch/BIADJXX/FS/BIADJXX_11-12-2025_1995_2000_01-May-2023_01-Mar-2024_FS_10.dmp
Job "SYS"."SYS_EXPORT_TABLE_05" successfully completed at Fri Dec 12 00:28:41 2025 elapsed 0 00:00:53

TEMPLATE_NAME:  BIADJXX
Error Count:  0
CURRENT DATE:  2025/12/12
Insert Data into PS_DATAMIN_EXPF_XX.

1 row created.


Commit complete.

Successful Export: Insert Done.
Template FSPRD-BIADJXX successfully Exported, started at  Fri Dec 12 00:27:46 EST 2025 and finished at Fri Dec 12 00:28:46 EST 2025
----------------------------------------------------------------------------------------
Finished export of Template : BIADJXX
----------------------------------------------------------------------------------------
#########################################################################################
Beginning export of Template : BICANXX
#########################################################################################
 
=> ( 1 ) BIALLTAXX_H_XX : Get History Record Counts

1 row created.


Commit complete.

..Get TableSpace, Index & Index TableSpace

1 row created.


Commit complete.

=> ( 2 ) BIHDRAR_H_XX : Get History Record Counts

1 row created.


Commit complete.

..Get TableSpace, Index & Index TableSpace

1 row created.


Commit complete.

=> ( 3 ) BIHDRCRCARD_HXX : Get History Record Counts

1 row created.


Commit complete.

..Get TableSpace, Index & Index TableSpace

5 rows created.


Commit complete.

=> ( 4 ) BIHDRNOTE_H_XX : Get History Record Counts

1 row created.


Commit complete.

..Get TableSpace, Index & Index TableSpace

1 row created.


Commit complete.

=> ( 5 ) BIHDRVAT_H_XX : Get History Record Counts

1 row created.


Commit complete.

..Get TableSpace, Index & Index TableSpace

1 row created.


Commit complete.

=> ( 6 ) BIHDRX_H_XX : Get History Record Counts

1 row created.


Commit complete.

..Get TableSpace, Index & Index TableSpace

1 row created.


Commit complete.

=> ( 7 ) BIHDR_H_XX : Get History Record Counts

1 row created.


Commit complete.

..Get TableSpace, Index & Index TableSpace

4 rows created.


Commit complete.

=> ( 8 ) BILINEX_H_XX : Get History Record Counts

1 row created.


Commit complete.

..Get TableSpace, Index & Index TableSpace

1 row created.


Commit complete.

=> ( 9 ) BILINE_H_XX : Get History Record Counts

1 row created.


Commit complete.

..Get TableSpace, Index & Index TableSpace

2 rows created.


Commit complete.

=> ( 10 ) BILNDSDFR_H_XX : Get History Record Counts

1 row created.


Commit complete.

..Get TableSpace, Index & Index TableSpace

1 row created.


Commit complete.

=> ( 11 ) BILNDSDTLX_H_XX : Get History Record Counts

1 row created.


Commit complete.

..Get TableSpace, Index & Index TableSpace

1 row created.


Commit complete.

=> ( 12 ) BILNDSDTL_H_XX : Get History Record Counts

1 row created.


Commit complete.

..Get TableSpace, Index & Index TableSpace

1 row created.


Commit complete.

=> ( 13 ) BILNDSLVL_H_XX : Get History Record Counts

1 row created.


Commit complete.

..Get TableSpace, Index & Index TableSpace

1 row created.


Commit complete.

=> ( 14 ) BILNDSTAR_H_XX : Get History Record Counts

1 row created.


Commit complete.

..Get TableSpace, Index & Index TableSpace

1 row created.


Commit complete.

=> ( 15 ) BILNDSTDFR_H_XX : Get History Record Counts

1 row created.


Commit complete.

..Get TableSpace, Index & Index TableSpace

1 row created.


Commit complete.

=> ( 16 ) BILNDSTUAR_H_XX : Get History Record Counts

1 row created.


Commit complete.

..Get TableSpace, Index & Index TableSpace

1 row created.


Commit complete.

=> ( 17 ) BILNDST_H_XX : Get History Record Counts

1 row created.


Commit complete.

..Get TableSpace, Index & Index TableSpace

1 row created.


Commit complete.

=> ( 18 ) BILNIUEXP_H_XX : Get History Record Counts

1 row created.


Commit complete.

..Get TableSpace, Index & Index TableSpace

1 row created.


Commit complete.

=> ( 19 ) BILNIUPAY_H_XX : Get History Record Counts

1 row created.


Commit complete.

..Get TableSpace, Index & Index TableSpace

1 row created.


Commit complete.

=> ( 20 ) BILNNOTE_H_XX : Get History Record Counts

1 row created.


Commit complete.

..Get TableSpace, Index & Index TableSpace

1 row created.


Commit complete.

=> ( 21 ) BILNTAXDTL_H_XX : Get History Record Counts

1 row created.


Commit complete.

..Get TableSpace, Index & Index TableSpace

1 row created.


Commit complete.

=> ( 22 ) BILNTAX_H_XX : Get History Record Counts

1 row created.


Commit complete.

..Get TableSpace, Index & Index TableSpace

1 row created.


Commit complete.

=> ( 23 ) BIX24DSTMPX_HXX : Get History Record Counts

1 row created.


Commit complete.

..Get TableSpace, Index & Index TableSpace

1 row created.


Commit complete.

=> ( 24 ) VMSACCTLNX_H_XX : Get History Record Counts

1 row created.


Commit complete.

..Get TableSpace, Index & Index TableSpace

1 row created.


Commit complete.


Export: Release 19.0.0.0.0 - Production on Fri Dec 12 00:34:28 2025
Version 19.27.0.0.0

Copyright (c) 1982, 2019, Oracle and/or its affiliates.  All rights reserved.

Connected to: Oracle Database 19c Enterprise Edition Release 19.0.0.0.0 - Production
FLASHBACK automatically enabled to preserve database integrity.
Starting "SYS"."SYS_EXPORT_TABLE_05":  userid="/******** AS SYSDBA" directory=BICANXX_FS dumpfile=BICANXX_11-12-2025_1995_2000_01-May-2023_01-Mar-2024_FS_%U.dmp logfile=BICANXX_11-12-2025_1995_2000_01-May-2023_01-Mar-2024_FS.log parallel=18 EXCLUDE=statistics EXCLUDE=TRIGGER ENCRYPTION=ALL ENCRYPTION_MODE=DUAL ENCRYPTION_ALGORITHM=AES256 ENCRYPTION_PASSWORD=******** FILESIZE=10G COMPRESSION=ALL TABLES=SYSADM.PS_BIALLTAXX_H_XX QUERY=SYSADM.PS_BIALLTAXX_H_XX:"WHERE PSARCH_ID='BICANXX' AND PSARCH_BATCHNUM||PSARCH_ID IN (SELECT PSARCH_BATCHNUM||PSARCH_ID FROM SYSADM.PSARCHBATCH WHERE PSARCH_DTTM >= '01-May-2023' AND PSARCH_DTTM < '01-Mar-2024')" TABLES=SYSADM.PS_BIHDRAR_H_XX QUERY=SYSADM.PS_BIHDRAR_H_XX:"WHERE PSARCH_ID='BICANXX' AND PSARCH_BATCHNUM||PSARCH_ID IN (SELECT PSARCH_BATCHNUM||PSARCH_ID FROM SYSADM.PSARCHBATCH WHERE PSARCH_DTTM >= '01-May-2023' AND PSARCH_DTTM < '01-Mar-2024')" TABLES=SYSADM.PS_BIHDRCRCARD_HXX QUERY=SYSADM.PS_BIHDRCRCARD_HXX:"WHERE PSARCH_ID='BICANXX' AND PSARCH_BATCHNUM||PSARCH_ID IN (SELECT PSARCH_BATCHNUM||PSARCH_ID FROM SYSADM.PSARCHBATCH WHERE PSARCH_DTTM >= '01-May-2023' AND PSARCH_DTTM < '01-Mar-2024')" TABLES=SYSADM.PS_BIHDRNOTE_H_XX QUERY=SYSADM.PS_BIHDRNOTE_H_XX:"WHERE PSARCH_ID='BICANXX' AND PSARCH_BATCHNUM||PSARCH_ID IN (SELECT PSARCH_BATCHNUM||PSARCH_ID FROM SYSADM.PSARCHBATCH WHERE PSARCH_DTTM >= '01-May-2023' AND PSARCH_DTTM < '01-Mar-2024')" TABLES=SYSADM.PS_BIHDRVAT_H_XX QUERY=SYSADM.PS_BIHDRVAT_H_XX:"WHERE PSARCH_ID='BICANXX' AND PSARCH_BATCHNUM||PSARCH_ID IN (SELECT PSARCH_BATCHNUM||PSARCH_ID FROM SYSADM.PSARCHBATCH WHERE PSARCH_DTTM >= '01-May-2023' AND PSARCH_DTTM < '01-Mar-2024')" TABLES=SYSADM.PS_BIHDRX_H_XX QUERY=SYSADM.PS_BIHDRX_H_XX:"WHERE PSARCH_ID='BICANXX' AND PSARCH_BATCHNUM||PSARCH_ID IN (SELECT PSARCH_BATCHNUM||PSARCH_ID FROM SYSADM.PSARCHBATCH WHERE PSARCH_DTTM >= '01-May-2023' AND PSARCH_DTTM < '01-Mar-2024')" TABLES=SYSADM.PS_BIHDR_H_XX QUERY=SYSADM.PS_BIHDR_H_XX:"WHERE PSARCH_ID='BICANXX' AND PS
Processing object type TABLE_EXPORT/TABLE/PROCACT_INSTANCE
Processing object type TABLE_EXPORT/TABLE/TABLE
Processing object type TABLE_EXPORT/TABLE/GRANT/OWNER_GRANT/OBJECT_GRANT
Processing object type TABLE_EXPORT/TABLE/TABLE_DATA
. . exported "SYSADM"."PS_BIHDR_H_XX"                    72.18 KB       0 rows
. . exported "SYSADM"."PS_BILINE_H_XX"                   232.9 KB       0 rows
. . exported "SYSADM"."PS_BILNDSDTLX_H_XX"               5.765 KB       0 rows
. . exported "SYSADM"."PS_BILNDSTUAR_H_XX"               6.960 KB       0 rows
. . exported "SYSADM"."PS_BILNTAX_H_XX"                  7.828 KB       0 rows
. . exported "SYSADM"."PS_BILNTAXDTL_H_XX"               6.210 KB       0 rows
Processing object type TABLE_EXPORT/TABLE/INDEX/INDEX
. . exported "SYSADM"."PS_BIHDRAR_H_XX"                  6.609 KB       0 rows
. . exported "SYSADM"."PS_BIHDRVAT_H_XX"                 6.632 KB       0 rows
. . exported "SYSADM"."PS_BIHDRCRCARD_HXX"               7.765 KB       0 rows
. . exported "SYSADM"."PS_BIHDRNOTE_H_XX"                5.632 KB       0 rows
. . exported "SYSADM"."PS_BILNDSTDFR_H_XX"               6.921 KB       0 rows
. . exported "SYSADM"."PS_BIX24DSTMPX_HXX"               5.585 KB       0 rows
. . exported "SYSADM"."PS_BILNNOTE_H_XX"                 5.695 KB       0 rows
. . exported "SYSADM"."PS_BILNDSDFR_H_XX"                6.632 KB       0 rows
. . exported "SYSADM"."PS_BIHDRX_H_XX"                       0 KB       0 rows
. . exported "SYSADM"."PS_BILINEX_H_XX"                      0 KB       0 rows
. . exported "SYSADM"."PS_BILNDSTAR_H_XX"                    0 KB       0 rows
. . exported "SYSADM"."PS_BILNIUEXP_H_XX"                    0 KB       0 rows
. . exported "SYSADM"."PS_BILNIUPAY_H_XX"                    0 KB       0 rows
. . exported "SYSADM"."PS_VMSACCTLNX_H_XX"                   0 KB       0 rows
. . exported "SYSADM"."PS_BILNDSLVL_H_XX"                6.164 KB       0 rows
. . exported "SYSADM"."PS_BIALLTAXX_H_XX"                7.054 KB       0 rows
. . exported "SYSADM"."PS_BILNDSDTL_H_XX"                7.640 KB       0 rows
. . exported "SYSADM"."PS_BILNDST_H_XX"                  20.95 KB       0 rows
Master table "SYS"."SYS_EXPORT_TABLE_05" successfully loaded/unloaded
******************************************************************************
Dump file set for SYS.SYS_EXPORT_TABLE_05 is:
  /backup/data_arch/BICANXX/FS/BICANXX_11-12-2025_1995_2000_01-May-2023_01-Mar-2024_FS_01.dmp
  /backup/data_arch/BICANXX/FS/BICANXX_11-12-2025_1995_2000_01-May-2023_01-Mar-2024_FS_02.dmp
  /backup/data_arch/BICANXX/FS/BICANXX_11-12-2025_1995_2000_01-May-2023_01-Mar-2024_FS_03.dmp
  /backup/data_arch/BICANXX/FS/BICANXX_11-12-2025_1995_2000_01-May-2023_01-Mar-2024_FS_04.dmp
  /backup/data_arch/BICANXX/FS/BICANXX_11-12-2025_1995_2000_01-May-2023_01-Mar-2024_FS_05.dmp
  /backup/data_arch/BICANXX/FS/BICANXX_11-12-2025_1995_2000_01-May-2023_01-Mar-2024_FS_06.dmp
  /backup/data_arch/BICANXX/FS/BICANXX_11-12-2025_1995_2000_01-May-2023_01-Mar-2024_FS_07.dmp
  /backup/data_arch/BICANXX/FS/BICANXX_11-12-2025_1995_2000_01-May-2023_01-Mar-2024_FS_08.dmp
  /backup/data_arch/BICANXX/FS/BICANXX_11-12-2025_1995_2000_01-May-2023_01-Mar-2024_FS_09.dmp
  /backup/data_arch/BICANXX/FS/BICANXX_11-12-2025_1995_2000_01-May-2023_01-Mar-2024_FS_10.dmp
  /backup/data_arch/BICANXX/FS/BICANXX_11-12-2025_1995_2000_01-May-2023_01-Mar-2024_FS_11.dmp
  /backup/data_arch/BICANXX/FS/BICANXX_11-12-2025_1995_2000_01-May-2023_01-Mar-2024_FS_12.dmp
  /backup/data_arch/BICANXX/FS/BICANXX_11-12-2025_1995_2000_01-May-2023_01-Mar-2024_FS_13.dmp
  /backup/data_arch/BICANXX/FS/BICANXX_11-12-2025_1995_2000_01-May-2023_01-Mar-2024_FS_14.dmp
  /backup/data_arch/BICANXX/FS/BICANXX_11-12-2025_1995_2000_01-May-2023_01-Mar-2024_FS_15.dmp
  /backup/data_arch/BICANXX/FS/BICANXX_11-12-2025_1995_2000_01-May-2023_01-Mar-2024_FS_16.dmp
  /backup/data_arch/BICANXX/FS/BICANXX_11-12-2025_1995_2000_01-May-2023_01-Mar-2024_FS_17.dmp
  /backup/data_arch/BICANXX/FS/BICANXX_11-12-2025_1995_2000_01-May-2023_01-Mar-2024_FS_18.dmp
  /backup/data_arch/BICANXX/FS/BICANXX_11-12-2025_1995_2000_01-May-2023_01-Mar-2024_FS_19.dmp
  /backup/data_arch/BICANXX/FS/BICANXX_11-12-2025_1995_2000_01-May-2023_01-Mar-2024_FS_20.dmp
  /backup/data_arch/BICANXX/FS/BICANXX_11-12-2025_1995_2000_01-May-2023_01-Mar-2024_FS_21.dmp
  /backup/data_arch/BICANXX/FS/BICANXX_11-12-2025_1995_2000_01-May-2023_01-Mar-2024_FS_22.dmp
  /backup/data_arch/BICANXX/FS/BICANXX_11-12-2025_1995_2000_01-May-2023_01-Mar-2024_FS_23.dmp
  /backup/data_arch/BICANXX/FS/BICANXX_11-12-2025_1995_2000_01-May-2023_01-Mar-2024_FS_24.dmp
Job "SYS"."SYS_EXPORT_TABLE_05" successfully completed at Fri Dec 12 00:40:23 2025 elapsed 0 00:05:55

TEMPLATE_NAME:  BICANXX
Error Count:  0
CURRENT DATE:  2025/12/12
Insert Data into PS_DATAMIN_EXPF_XX.

1 row created.


Commit complete.

Successful Export: Insert Done.
Template FSPRD-BICANXX successfully Exported, started at  Fri Dec 12 00:34:28 EST 2025 and finished at Fri Dec 12 00:40:28 EST 2025
----------------------------------------------------------------------------------------
Finished export of Template : BICANXX
----------------------------------------------------------------------------------------
#########################################################################################
Beginning export of Template : BICBINXX
#########################################################################################
 
=> ( 1 ) BICBIVCHDR_H_XX : Get History Record Counts

1 row created.


Commit complete.

..Get TableSpace, Index & Index TableSpace

1 row created.


Commit complete.

=> ( 2 ) BICBIVCLIN_H_XX : Get History Record Counts

1 row created.


Commit complete.

..Get TableSpace, Index & Index TableSpace

1 row created.


Commit complete.

=> ( 3 ) BIEXTCIIDS_H_XX : Get History Record Counts

1 row created.


Commit complete.

..Get TableSpace, Index & Index TableSpace

1 row created.


Commit complete.


Export: Release 19.0.0.0.0 - Production on Fri Dec 12 00:40:29 2025
Version 19.27.0.0.0

Copyright (c) 1982, 2019, Oracle and/or its affiliates.  All rights reserved.

Connected to: Oracle Database 19c Enterprise Edition Release 19.0.0.0.0 - Production
FLASHBACK automatically enabled to preserve database integrity.
Starting "SYS"."SYS_EXPORT_TABLE_05":  userid="/******** AS SYSDBA" directory=BICBINXX_FS dumpfile=BICBINXX_11-12-2025_1995_2000_01-May-2023_01-Mar-2024_FS_%U.dmp logfile=BICBINXX_11-12-2025_1995_2000_01-May-2023_01-Mar-2024_FS.log parallel=18 EXCLUDE=statistics EXCLUDE=TRIGGER ENCRYPTION=ALL ENCRYPTION_MODE=DUAL ENCRYPTION_ALGORITHM=AES256 ENCRYPTION_PASSWORD=******** FILESIZE=10G COMPRESSION=ALL TABLES=SYSADM.PS_BICBIVCHDR_H_XX QUERY=SYSADM.PS_BICBIVCHDR_H_XX:"WHERE PSARCH_ID='BICBINXX' AND PSARCH_BATCHNUM||PSARCH_ID IN (SELECT PSARCH_BATCHNUM||PSARCH_ID FROM SYSADM.PSARCHBATCH WHERE PSARCH_DTTM >= '01-May-2023' AND PSARCH_DTTM < '01-Mar-2024')" TABLES=SYSADM.PS_BICBIVCLIN_H_XX QUERY=SYSADM.PS_BICBIVCLIN_H_XX:"WHERE PSARCH_ID='BICBINXX' AND PSARCH_BATCHNUM||PSARCH_ID IN (SELECT PSARCH_BATCHNUM||PSARCH_ID FROM SYSADM.PSARCHBATCH WHERE PSARCH_DTTM >= '01-May-2023' AND PSARCH_DTTM < '01-Mar-2024')" TABLES=SYSADM.PS_BIEXTCIIDS_H_XX QUERY=SYSADM.PS_BIEXTCIIDS_H_XX:"WHERE PSARCH_ID='BICBINXX' AND PSARCH_BATCHNUM||PSARCH_ID IN (SELECT PSARCH_BATCHNUM||PSARCH_ID FROM SYSADM.PSARCHBATCH WHERE PSARCH_DTTM >= '01-May-2023' AND PSARCH_DTTM < '01-Mar-2024')" 
Processing object type TABLE_EXPORT/TABLE/PROCACT_INSTANCE
Processing object type TABLE_EXPORT/TABLE/TABLE
Processing object type TABLE_EXPORT/TABLE/GRANT/OWNER_GRANT/OBJECT_GRANT
Processing object type TABLE_EXPORT/TABLE/TABLE_DATA
. . exported "SYSADM"."PS_BICBIVCHDR_H_XX"                   0 KB       0 rows
. . exported "SYSADM"."PS_BICBIVCLIN_H_XX"                   0 KB       0 rows
. . exported "SYSADM"."PS_BIEXTCIIDS_H_XX"                   0 KB       0 rows
Processing object type TABLE_EXPORT/TABLE/INDEX/INDEX
Master table "SYS"."SYS_EXPORT_TABLE_05" successfully loaded/unloaded
******************************************************************************
Dump file set for SYS.SYS_EXPORT_TABLE_05 is:
  /backup/data_arch/BICBINXX/FS/BICBINXX_11-12-2025_1995_2000_01-May-2023_01-Mar-2024_FS_01.dmp
  /backup/data_arch/BICBINXX/FS/BICBINXX_11-12-2025_1995_2000_01-May-2023_01-Mar-2024_FS_02.dmp
  /backup/data_arch/BICBINXX/FS/BICBINXX_11-12-2025_1995_2000_01-May-2023_01-Mar-2024_FS_03.dmp
  /backup/data_arch/BICBINXX/FS/BICBINXX_11-12-2025_1995_2000_01-May-2023_01-Mar-2024_FS_04.dmp
  /backup/data_arch/BICBINXX/FS/BICBINXX_11-12-2025_1995_2000_01-May-2023_01-Mar-2024_FS_05.dmp
  /backup/data_arch/BICBINXX/FS/BICBINXX_11-12-2025_1995_2000_01-May-2023_01-Mar-2024_FS_06.dmp
  /backup/data_arch/BICBINXX/FS/BICBINXX_11-12-2025_1995_2000_01-May-2023_01-Mar-2024_FS_07.dmp
  /backup/data_arch/BICBINXX/FS/BICBINXX_11-12-2025_1995_2000_01-May-2023_01-Mar-2024_FS_08.dmp
  /backup/data_arch/BICBINXX/FS/BICBINXX_11-12-2025_1995_2000_01-May-2023_01-Mar-2024_FS_09.dmp
Job "SYS"."SYS_EXPORT_TABLE_05" successfully completed at Fri Dec 12 00:41:22 2025 elapsed 0 00:00:53

TEMPLATE_NAME:  BICBINXX
Error Count:  0
CURRENT DATE:  2025/12/12
Insert Data into PS_DATAMIN_EXPF_XX.

1 row created.


Commit complete.

Successful Export: Insert Done.
Template FSPRD-BICBINXX successfully Exported, started at  Fri Dec 12 00:40:29 EST 2025 and finished at Fri Dec 12 00:41:27 EST 2025
----------------------------------------------------------------------------------------
Finished export of Template : BICBINXX
----------------------------------------------------------------------------------------
#########################################################################################
Beginning export of Template : BIEIDXX
#########################################################################################
 
=> ( 1 ) EIDFILEINVX_HXX : Get History Record Counts

1 row created.


Commit complete.

..Get TableSpace, Index & Index TableSpace

1 row created.


Commit complete.


Export: Release 19.0.0.0.0 - Production on Fri Dec 12 00:41:27 2025
Version 19.27.0.0.0

Copyright (c) 1982, 2019, Oracle and/or its affiliates.  All rights reserved.

Connected to: Oracle Database 19c Enterprise Edition Release 19.0.0.0.0 - Production
FLASHBACK automatically enabled to preserve database integrity.
Starting "SYS"."SYS_EXPORT_TABLE_05":  userid="/******** AS SYSDBA" directory=BIEIDXX_FS dumpfile=BIEIDXX_11-12-2025_1995_2000_01-May-2023_01-Mar-2024_FS_%U.dmp logfile=BIEIDXX_11-12-2025_1995_2000_01-May-2023_01-Mar-2024_FS.log parallel=18 EXCLUDE=statistics EXCLUDE=TRIGGER ENCRYPTION=ALL ENCRYPTION_MODE=DUAL ENCRYPTION_ALGORITHM=AES256 ENCRYPTION_PASSWORD=******** FILESIZE=10G COMPRESSION=ALL TABLES=SYSADM.PS_EIDFILEINVX_HXX QUERY=SYSADM.PS_EIDFILEINVX_HXX:"WHERE PSARCH_ID='BIEIDXX' AND PSARCH_BATCHNUM||PSARCH_ID IN (SELECT PSARCH_BATCHNUM||PSARCH_ID FROM SYSADM.PSARCHBATCH WHERE PSARCH_DTTM >= '01-May-2023' AND PSARCH_DTTM < '01-Mar-2024')" 
Processing object type TABLE_EXPORT/TABLE/PROCACT_INSTANCE
Processing object type TABLE_EXPORT/TABLE/TABLE
Processing object type TABLE_EXPORT/TABLE/GRANT/OWNER_GRANT/OBJECT_GRANT
Processing object type TABLE_EXPORT/TABLE/TABLE_DATA
. . exported "SYSADM"."PS_EIDFILEINVX_HXX"               6.507 KB       0 rows
Processing object type TABLE_EXPORT/TABLE/INDEX/INDEX
Master table "SYS"."SYS_EXPORT_TABLE_05" successfully loaded/unloaded
******************************************************************************
Dump file set for SYS.SYS_EXPORT_TABLE_05 is:
  /backup/data_arch/BIEIDXX/FS/BIEIDXX_11-12-2025_1995_2000_01-May-2023_01-Mar-2024_FS_01.dmp
  /backup/data_arch/BIEIDXX/FS/BIEIDXX_11-12-2025_1995_2000_01-May-2023_01-Mar-2024_FS_02.dmp
  /backup/data_arch/BIEIDXX/FS/BIEIDXX_11-12-2025_1995_2000_01-May-2023_01-Mar-2024_FS_03.dmp
  /backup/data_arch/BIEIDXX/FS/BIEIDXX_11-12-2025_1995_2000_01-May-2023_01-Mar-2024_FS_04.dmp
  /backup/data_arch/BIEIDXX/FS/BIEIDXX_11-12-2025_1995_2000_01-May-2023_01-Mar-2024_FS_05.dmp
  /backup/data_arch/BIEIDXX/FS/BIEIDXX_11-12-2025_1995_2000_01-May-2023_01-Mar-2024_FS_06.dmp
  /backup/data_arch/BIEIDXX/FS/BIEIDXX_11-12-2025_1995_2000_01-May-2023_01-Mar-2024_FS_07.dmp
  /backup/data_arch/BIEIDXX/FS/BIEIDXX_11-12-2025_1995_2000_01-May-2023_01-Mar-2024_FS_08.dmp
  /backup/data_arch/BIEIDXX/FS/BIEIDXX_11-12-2025_1995_2000_01-May-2023_01-Mar-2024_FS_09.dmp
  /backup/data_arch/BIEIDXX/FS/BIEIDXX_11-12-2025_1995_2000_01-May-2023_01-Mar-2024_FS_10.dmp
Job "SYS"."SYS_EXPORT_TABLE_05" successfully completed at Fri Dec 12 00:42:19 2025 elapsed 0 00:00:52

TEMPLATE_NAME:  BIEIDXX
Error Count:  0
CURRENT DATE:  2025/12/12
Insert Data into PS_DATAMIN_EXPF_XX.

1 row created.


Commit complete.

Successful Export: Insert Done.
Template FSPRD-BIEIDXX successfully Exported, started at  Fri Dec 12 00:41:27 EST 2025 and finished at Fri Dec 12 00:42:21 EST 2025
----------------------------------------------------------------------------------------
Finished export of Template : BIEIDXX
----------------------------------------------------------------------------------------
#########################################################################################
Beginning export of Template : BIINFXX
#########################################################################################
 
=> ( 1 ) INTFCBICMP_H_XX : Get History Record Counts

1 row created.


Commit complete.

..Get TableSpace, Index & Index TableSpace

1 row created.


Commit complete.

=> ( 2 ) INTFCBINTCMPHXX : Get History Record Counts

1 row created.


Commit complete.

..Get TableSpace, Index & Index TableSpace

1 row created.


Commit complete.


Export: Release 19.0.0.0.0 - Production on Fri Dec 12 00:42:22 2025
Version 19.27.0.0.0

Copyright (c) 1982, 2019, Oracle and/or its affiliates.  All rights reserved.

Connected to: Oracle Database 19c Enterprise Edition Release 19.0.0.0.0 - Production
FLASHBACK automatically enabled to preserve database integrity.
Starting "SYS"."SYS_EXPORT_TABLE_05":  userid="/******** AS SYSDBA" directory=BIINFXX_FS dumpfile=BIINFXX_11-12-2025_1995_2000_01-May-2023_01-Mar-2024_FS_%U.dmp logfile=BIINFXX_11-12-2025_1995_2000_01-May-2023_01-Mar-2024_FS.log parallel=18 EXCLUDE=statistics EXCLUDE=TRIGGER ENCRYPTION=ALL ENCRYPTION_MODE=DUAL ENCRYPTION_ALGORITHM=AES256 ENCRYPTION_PASSWORD=******** FILESIZE=10G COMPRESSION=ALL TABLES=SYSADM.PS_INTFCBICMP_H_XX QUERY=SYSADM.PS_INTFCBICMP_H_XX:"WHERE PSARCH_ID='BIINFXX' AND PSARCH_BATCHNUM||PSARCH_ID IN (SELECT PSARCH_BATCHNUM||PSARCH_ID FROM SYSADM.PSARCHBATCH WHERE PSARCH_DTTM >= '01-May-2023' AND PSARCH_DTTM < '01-Mar-2024')" TABLES=SYSADM.PS_INTFCBINTCMPHXX QUERY=SYSADM.PS_INTFCBINTCMPHXX:"WHERE PSARCH_ID='BIINFXX' AND PSARCH_BATCHNUM||PSARCH_ID IN (SELECT PSARCH_BATCHNUM||PSARCH_ID FROM SYSADM.PSARCHBATCH WHERE PSARCH_DTTM >= '01-May-2023' AND PSARCH_DTTM < '01-Mar-2024')" 
Processing object type TABLE_EXPORT/TABLE/PROCACT_INSTANCE
Processing object type TABLE_EXPORT/TABLE/TABLE
Processing object type TABLE_EXPORT/TABLE/GRANT/OWNER_GRANT/OBJECT_GRANT
Processing object type TABLE_EXPORT/TABLE/TABLE_DATA
Processing object type TABLE_EXPORT/TABLE/INDEX/INDEX
. . exported "SYSADM"."PS_INTFCBINTCMPHXX"               5.468 KB       0 rows
. . exported "SYSADM"."PS_INTFCBICMP_H_XX"               314.6 KB       0 rows
Master table "SYS"."SYS_EXPORT_TABLE_05" successfully loaded/unloaded
******************************************************************************
Dump file set for SYS.SYS_EXPORT_TABLE_05 is:
  /backup/data_arch/BIINFXX/FS/BIINFXX_11-12-2025_1995_2000_01-May-2023_01-Mar-2024_FS_01.dmp
  /backup/data_arch/BIINFXX/FS/BIINFXX_11-12-2025_1995_2000_01-May-2023_01-Mar-2024_FS_02.dmp
  /backup/data_arch/BIINFXX/FS/BIINFXX_11-12-2025_1995_2000_01-May-2023_01-Mar-2024_FS_03.dmp
  /backup/data_arch/BIINFXX/FS/BIINFXX_11-12-2025_1995_2000_01-May-2023_01-Mar-2024_FS_04.dmp
  /backup/data_arch/BIINFXX/FS/BIINFXX_11-12-2025_1995_2000_01-May-2023_01-Mar-2024_FS_05.dmp
  /backup/data_arch/BIINFXX/FS/BIINFXX_11-12-2025_1995_2000_01-May-2023_01-Mar-2024_FS_06.dmp
  /backup/data_arch/BIINFXX/FS/BIINFXX_11-12-2025_1995_2000_01-May-2023_01-Mar-2024_FS_07.dmp
  /backup/data_arch/BIINFXX/FS/BIINFXX_11-12-2025_1995_2000_01-May-2023_01-Mar-2024_FS_08.dmp
  /backup/data_arch/BIINFXX/FS/BIINFXX_11-12-2025_1995_2000_01-May-2023_01-Mar-2024_FS_09.dmp
  /backup/data_arch/BIINFXX/FS/BIINFXX_11-12-2025_1995_2000_01-May-2023_01-Mar-2024_FS_10.dmp
  /backup/data_arch/BIINFXX/FS/BIINFXX_11-12-2025_1995_2000_01-May-2023_01-Mar-2024_FS_11.dmp
  /backup/data_arch/BIINFXX/FS/BIINFXX_11-12-2025_1995_2000_01-May-2023_01-Mar-2024_FS_12.dmp
  /backup/data_arch/BIINFXX/FS/BIINFXX_11-12-2025_1995_2000_01-May-2023_01-Mar-2024_FS_13.dmp
  /backup/data_arch/BIINFXX/FS/BIINFXX_11-12-2025_1995_2000_01-May-2023_01-Mar-2024_FS_14.dmp
  /backup/data_arch/BIINFXX/FS/BIINFXX_11-12-2025_1995_2000_01-May-2023_01-Mar-2024_FS_15.dmp
  /backup/data_arch/BIINFXX/FS/BIINFXX_11-12-2025_1995_2000_01-May-2023_01-Mar-2024_FS_16.dmp
  /backup/data_arch/BIINFXX/FS/BIINFXX_11-12-2025_1995_2000_01-May-2023_01-Mar-2024_FS_17.dmp
  /backup/data_arch/BIINFXX/FS/BIINFXX_11-12-2025_1995_2000_01-May-2023_01-Mar-2024_FS_18.dmp
  /backup/data_arch/BIINFXX/FS/BIINFXX_11-12-2025_1995_2000_01-May-2023_01-Mar-2024_FS_19.dmp
  /backup/data_arch/BIINFXX/FS/BIINFXX_11-12-2025_1995_2000_01-May-2023_01-Mar-2024_FS_20.dmp
  /backup/data_arch/BIINFXX/FS/BIINFXX_11-12-2025_1995_2000_01-May-2023_01-Mar-2024_FS_21.dmp
  /backup/data_arch/BIINFXX/FS/BIINFXX_11-12-2025_1995_2000_01-May-2023_01-Mar-2024_FS_22.dmp
  /backup/data_arch/BIINFXX/FS/BIINFXX_11-12-2025_1995_2000_01-May-2023_01-Mar-2024_FS_23.dmp
  /backup/data_arch/BIINFXX/FS/BIINFXX_11-12-2025_1995_2000_01-May-2023_01-Mar-2024_FS_24.dmp
  /backup/data_arch/BIINFXX/FS/BIINFXX_11-12-2025_1995_2000_01-May-2023_01-Mar-2024_FS_25.dmp
  /backup/data_arch/BIINFXX/FS/BIINFXX_11-12-2025_1995_2000_01-May-2023_01-Mar-2024_FS_26.dmp
Job "SYS"."SYS_EXPORT_TABLE_05" successfully completed at Fri Dec 12 00:43:37 2025 elapsed 0 00:01:15

TEMPLATE_NAME:  BIINFXX
Error Count:  0
CURRENT DATE:  2025/12/12
Insert Data into PS_DATAMIN_EXPF_XX.

1 row created.


Commit complete.

Successful Export: Insert Done.
Template FSPRD-BIINFXX successfully Exported, started at  Fri Dec 12 00:42:22 EST 2025 and finished at Fri Dec 12 00:43:41 EST 2025
----------------------------------------------------------------------------------------
Finished export of Template : BIINFXX
----------------------------------------------------------------------------------------
#########################################################################################
Beginning export of Template : BIINVXX
#########################################################################################
 
=> ( 1 ) BIACCTENTRY_HXX : Get History Record Counts

1 row created.


Commit complete.

..Get TableSpace, Index & Index TableSpace

2 rows created.


Commit complete.

=> ( 2 ) BIALLTAXX_H_XX : Get History Record Counts

1 row created.


Commit complete.

..Get TableSpace, Index & Index TableSpace

1 row created.


Commit complete.

=> ( 3 ) BIHDRAR_H_XX : Get History Record Counts

1 row created.


Commit complete.

..Get TableSpace, Index & Index TableSpace

1 row created.


Commit complete.

=> ( 4 ) BIHDRCRCARD_HXX : Get History Record Counts

1 row created.


Commit complete.

..Get TableSpace, Index & Index TableSpace

5 rows created.


Commit complete.

=> ( 5 ) BIHDRNOTE_H_XX : Get History Record Counts

1 row created.


Commit complete.

..Get TableSpace, Index & Index TableSpace

1 row created.


Commit complete.

=> ( 6 ) BIHDRVAT_H_XX : Get History Record Counts

1 row created.


Commit complete.

..Get TableSpace, Index & Index TableSpace

1 row created.


Commit complete.

=> ( 7 ) BIHDRX_H_XX : Get History Record Counts

1 row created.


Commit complete.

..Get TableSpace, Index & Index TableSpace

1 row created.


Commit complete.

=> ( 8 ) BIHDR_H_XX : Get History Record Counts

1 row created.


Commit complete.

..Get TableSpace, Index & Index TableSpace

4 rows created.


Commit complete.

=> ( 9 ) BILINEX_H_XX : Get History Record Counts

1 row created.


Commit complete.

..Get TableSpace, Index & Index TableSpace

1 row created.


Commit complete.

=> ( 10 ) BILINE_H_XX : Get History Record Counts

1 row created.


Commit complete.

..Get TableSpace, Index & Index TableSpace

2 rows created.


Commit complete.

=> ( 11 ) BILNDSDFR_H_XX : Get History Record Counts

1 row created.


Commit complete.

..Get TableSpace, Index & Index TableSpace

1 row created.


Commit complete.

=> ( 12 ) BILNDSDTLX_H_XX : Get History Record Counts

1 row created.


Commit complete.

..Get TableSpace, Index & Index TableSpace

1 row created.


Commit complete.

=> ( 13 ) BILNDSDTL_H_XX : Get History Record Counts

1 row created.


Commit complete.

..Get TableSpace, Index & Index TableSpace

1 row created.


Commit complete.

=> ( 14 ) BILNDSLVL_H_XX : Get History Record Counts

1 row created.


Commit complete.

..Get TableSpace, Index & Index TableSpace

1 row created.


Commit complete.

=> ( 15 ) BILNDSTAR_H_XX : Get History Record Counts

1 row created.


Commit complete.

..Get TableSpace, Index & Index TableSpace

1 row created.


Commit complete.

=> ( 16 ) BILNDSTDFR_H_XX : Get History Record Counts

1 row created.


Commit complete.

..Get TableSpace, Index & Index TableSpace

1 row created.


Commit complete.

=> ( 17 ) BILNDSTUAR_H_XX : Get History Record Counts

1 row created.


Commit complete.

..Get TableSpace, Index & Index TableSpace

1 row created.


Commit complete.

=> ( 18 ) BILNDST_H_XX : Get History Record Counts

1 row created.


Commit complete.

..Get TableSpace, Index & Index TableSpace

1 row created.


Commit complete.

=> ( 19 ) BILNIUEXP_H_XX : Get History Record Counts

1 row created.


Commit complete.

..Get TableSpace, Index & Index TableSpace

1 row created.


Commit complete.

=> ( 20 ) BILNIUPAY_H_XX : Get History Record Counts

1 row created.


Commit complete.

..Get TableSpace, Index & Index TableSpace

1 row created.


Commit complete.

=> ( 21 ) BILNNOTE_H_XX : Get History Record Counts

1 row created.


Commit complete.

..Get TableSpace, Index & Index TableSpace

1 row created.


Commit complete.

=> ( 22 ) BILNTAXDTL_H_XX : Get History Record Counts

1 row created.


Commit complete.

..Get TableSpace, Index & Index TableSpace

1 row created.


Commit complete.

=> ( 23 ) BILNTAX_H_XX : Get History Record Counts

1 row created.


Commit complete.

..Get TableSpace, Index & Index TableSpace

1 row created.


Commit complete.

=> ( 24 ) BIX24DSTMPX_HXX : Get History Record Counts

1 row created.


Commit complete.

..Get TableSpace, Index & Index TableSpace

1 row created.


Commit complete.

=> ( 25 ) VMSACCTLNX_H_XX : Get History Record Counts

1 row created.


Commit complete.

..Get TableSpace, Index & Index TableSpace

1 row created.


Commit complete.


Export: Release 19.0.0.0.0 - Production on Fri Dec 12 00:51:17 2025
Version 19.27.0.0.0

Copyright (c) 1982, 2019, Oracle and/or its affiliates.  All rights reserved.

Connected to: Oracle Database 19c Enterprise Edition Release 19.0.0.0.0 - Production
FLASHBACK automatically enabled to preserve database integrity.
Starting "SYS"."SYS_EXPORT_TABLE_05":  userid="/******** AS SYSDBA" directory=BIINVXX_FS dumpfile=BIINVXX_11-12-2025_1995_2000_01-May-2023_01-Mar-2024_FS_%U.dmp logfile=BIINVXX_11-12-2025_1995_2000_01-May-2023_01-Mar-2024_FS.log parallel=18 EXCLUDE=statistics EXCLUDE=TRIGGER ENCRYPTION=ALL ENCRYPTION_MODE=DUAL ENCRYPTION_ALGORITHM=AES256 ENCRYPTION_PASSWORD=******** FILESIZE=10G COMPRESSION=ALL TABLES=SYSADM.PS_BIACCTENTRY_HXX QUERY=SYSADM.PS_BIACCTENTRY_HXX:"WHERE PSARCH_ID='BIINVXX' AND PSARCH_BATCHNUM||PSARCH_ID IN (SELECT PSARCH_BATCHNUM||PSARCH_ID FROM SYSADM.PSARCHBATCH WHERE PSARCH_DTTM >= '01-May-2023' AND PSARCH_DTTM < '01-Mar-2024')" TABLES=SYSADM.PS_BIALLTAXX_H_XX QUERY=SYSADM.PS_BIALLTAXX_H_XX:"WHERE PSARCH_ID='BIINVXX' AND PSARCH_BATCHNUM||PSARCH_ID IN (SELECT PSARCH_BATCHNUM||PSARCH_ID FROM SYSADM.PSARCHBATCH WHERE PSARCH_DTTM >= '01-May-2023' AND PSARCH_DTTM < '01-Mar-2024')" TABLES=SYSADM.PS_BIHDRAR_H_XX QUERY=SYSADM.PS_BIHDRAR_H_XX:"WHERE PSARCH_ID='BIINVXX' AND PSARCH_BATCHNUM||PSARCH_ID IN (SELECT PSARCH_BATCHNUM||PSARCH_ID FROM SYSADM.PSARCHBATCH WHERE PSARCH_DTTM >= '01-May-2023' AND PSARCH_DTTM < '01-Mar-2024')" TABLES=SYSADM.PS_BIHDRCRCARD_HXX QUERY=SYSADM.PS_BIHDRCRCARD_HXX:"WHERE PSARCH_ID='BIINVXX' AND PSARCH_BATCHNUM||PSARCH_ID IN (SELECT PSARCH_BATCHNUM||PSARCH_ID FROM SYSADM.PSARCHBATCH WHERE PSARCH_DTTM >= '01-May-2023' AND PSARCH_DTTM < '01-Mar-2024')" TABLES=SYSADM.PS_BIHDRNOTE_H_XX QUERY=SYSADM.PS_BIHDRNOTE_H_XX:"WHERE PSARCH_ID='BIINVXX' AND PSARCH_BATCHNUM||PSARCH_ID IN (SELECT PSARCH_BATCHNUM||PSARCH_ID FROM SYSADM.PSARCHBATCH WHERE PSARCH_DTTM >= '01-May-2023' AND PSARCH_DTTM < '01-Mar-2024')" TABLES=SYSADM.PS_BIHDRVAT_H_XX QUERY=SYSADM.PS_BIHDRVAT_H_XX:"WHERE PSARCH_ID='BIINVXX' AND PSARCH_BATCHNUM||PSARCH_ID IN (SELECT PSARCH_BATCHNUM||PSARCH_ID FROM SYSADM.PSARCHBATCH WHERE PSARCH_DTTM >= '01-May-2023' AND PSARCH_DTTM < '01-Mar-2024')" TABLES=SYSADM.PS_BIHDRX_H_XX QUERY=SYSADM.PS_BIHDRX_H_XX:"WHERE PSARCH_ID='BIINV
Processing object type TABLE_EXPORT/TABLE/PROCACT_INSTANCE
Processing object type TABLE_EXPORT/TABLE/TABLE
Processing object type TABLE_EXPORT/TABLE/GRANT/OWNER_GRANT/OBJECT_GRANT
Processing object type TABLE_EXPORT/TABLE/TABLE_DATA
Processing object type TABLE_EXPORT/TABLE/INDEX/INDEX
. . exported "SYSADM"."PS_BIACCTENTRY_HXX"               365.9 MB 15179486 rows
. . exported "SYSADM"."PS_BILNDSLVL_H_XX"                6.164 KB       0 rows
. . exported "SYSADM"."PS_BILNTAXDTL_H_XX"               4.336 MB  598134 rows
. . exported "SYSADM"."PS_BILNDSDTL_H_XX"                7.640 KB       0 rows
. . exported "SYSADM"."PS_BILNDSTUAR_H_XX"               6.960 KB       0 rows
. . exported "SYSADM"."PS_BILINE_H_XX"                   1.164 GB 10583254 rows
. . exported "SYSADM"."PS_BILNDSDTLX_H_XX"               5.765 KB       0 rows
. . exported "SYSADM"."PS_BILNTAX_H_XX"                  7.828 KB       0 rows
. . exported "SYSADM"."PS_BIHDRVAT_H_XX"                 6.632 KB       0 rows
. . exported "SYSADM"."PS_BILNDSTDFR_H_XX"               6.921 KB       0 rows
. . exported "SYSADM"."PS_BILNNOTE_H_XX"                 5.695 KB       0 rows
. . exported "SYSADM"."PS_BIALLTAXX_H_XX"                7.054 KB       0 rows
. . exported "SYSADM"."PS_BIHDRCRCARD_HXX"               7.765 KB       0 rows
. . exported "SYSADM"."PS_BIHDRNOTE_H_XX"                5.632 KB       0 rows
. . exported "SYSADM"."PS_BIX24DSTMPX_HXX"               5.585 KB       0 rows
. . exported "SYSADM"."PS_BILNDSDFR_H_XX"                6.632 KB       0 rows
. . exported "SYSADM"."PS_BIHDRX_H_XX"                       0 KB       0 rows
. . exported "SYSADM"."PS_BILINEX_H_XX"                      0 KB       0 rows
. . exported "SYSADM"."PS_BILNDSTAR_H_XX"                    0 KB       0 rows
. . exported "SYSADM"."PS_BILNIUEXP_H_XX"                    0 KB       0 rows
. . exported "SYSADM"."PS_BILNIUPAY_H_XX"                    0 KB       0 rows
. . exported "SYSADM"."PS_VMSACCTLNX_H_XX"                   0 KB       0 rows
. . exported "SYSADM"."PS_BIHDRAR_H_XX"                  16.06 MB 3998098 rows
. . exported "SYSADM"."PS_BIHDR_H_XX"                    456.3 MB 3998098 rows
. . exported "SYSADM"."PS_BILNDST_H_XX"                  114.4 MB 10583254 rows
Master table "SYS"."SYS_EXPORT_TABLE_05" successfully loaded/unloaded
******************************************************************************
Dump file set for SYS.SYS_EXPORT_TABLE_05 is:
  /backup/data_arch/BIINVXX/FS/BIINVXX_11-12-2025_1995_2000_01-May-2023_01-Mar-2024_FS_01.dmp
  /backup/data_arch/BIINVXX/FS/BIINVXX_11-12-2025_1995_2000_01-May-2023_01-Mar-2024_FS_02.dmp
  /backup/data_arch/BIINVXX/FS/BIINVXX_11-12-2025_1995_2000_01-May-2023_01-Mar-2024_FS_03.dmp
  /backup/data_arch/BIINVXX/FS/BIINVXX_11-12-2025_1995_2000_01-May-2023_01-Mar-2024_FS_04.dmp
  /backup/data_arch/BIINVXX/FS/BIINVXX_11-12-2025_1995_2000_01-May-2023_01-Mar-2024_FS_05.dmp
  /backup/data_arch/BIINVXX/FS/BIINVXX_11-12-2025_1995_2000_01-May-2023_01-Mar-2024_FS_06.dmp
  /backup/data_arch/BIINVXX/FS/BIINVXX_11-12-2025_1995_2000_01-May-2023_01-Mar-2024_FS_07.dmp
  /backup/data_arch/BIINVXX/FS/BIINVXX_11-12-2025_1995_2000_01-May-2023_01-Mar-2024_FS_08.dmp
  /backup/data_arch/BIINVXX/FS/BIINVXX_11-12-2025_1995_2000_01-May-2023_01-Mar-2024_FS_09.dmp
  /backup/data_arch/BIINVXX/FS/BIINVXX_11-12-2025_1995_2000_01-May-2023_01-Mar-2024_FS_10.dmp
  /backup/data_arch/BIINVXX/FS/BIINVXX_11-12-2025_1995_2000_01-May-2023_01-Mar-2024_FS_11.dmp
  /backup/data_arch/BIINVXX/FS/BIINVXX_11-12-2025_1995_2000_01-May-2023_01-Mar-2024_FS_12.dmp
  /backup/data_arch/BIINVXX/FS/BIINVXX_11-12-2025_1995_2000_01-May-2023_01-Mar-2024_FS_13.dmp
  /backup/data_arch/BIINVXX/FS/BIINVXX_11-12-2025_1995_2000_01-May-2023_01-Mar-2024_FS_14.dmp
  /backup/data_arch/BIINVXX/FS/BIINVXX_11-12-2025_1995_2000_01-May-2023_01-Mar-2024_FS_15.dmp
  /backup/data_arch/BIINVXX/FS/BIINVXX_11-12-2025_1995_2000_01-May-2023_01-Mar-2024_FS_16.dmp
  /backup/data_arch/BIINVXX/FS/BIINVXX_11-12-2025_1995_2000_01-May-2023_01-Mar-2024_FS_17.dmp
  /backup/data_arch/BIINVXX/FS/BIINVXX_11-12-2025_1995_2000_01-May-2023_01-Mar-2024_FS_18.dmp
  /backup/data_arch/BIINVXX/FS/BIINVXX_11-12-2025_1995_2000_01-May-2023_01-Mar-2024_FS_19.dmp
  /backup/data_arch/BIINVXX/FS/BIINVXX_11-12-2025_1995_2000_01-May-2023_01-Mar-2024_FS_20.dmp
  /backup/data_arch/BIINVXX/FS/BIINVXX_11-12-2025_1995_2000_01-May-2023_01-Mar-2024_FS_21.dmp
  /backup/data_arch/BIINVXX/FS/BIINVXX_11-12-2025_1995_2000_01-May-2023_01-Mar-2024_FS_22.dmp
  /backup/data_arch/BIINVXX/FS/BIINVXX_11-12-2025_1995_2000_01-May-2023_01-Mar-2024_FS_23.dmp
  /backup/data_arch/BIINVXX/FS/BIINVXX_11-12-2025_1995_2000_01-May-2023_01-Mar-2024_FS_24.dmp
  /backup/data_arch/BIINVXX/FS/BIINVXX_11-12-2025_1995_2000_01-May-2023_01-Mar-2024_FS_25.dmp
Job "SYS"."SYS_EXPORT_TABLE_05" successfully completed at Fri Dec 12 01:16:02 2025 elapsed 0 00:24:45

TEMPLATE_NAME:  BIINVXX
Error Count:  0
CURRENT DATE:  2025/12/12
Insert Data into PS_DATAMIN_EXPF_XX.

1 row created.


Commit complete.

Successful Export: Insert Done.
Template FSPRD-BIINVXX successfully Exported, started at  Fri Dec 12 00:51:17 EST 2025 and finished at Fri Dec 12 01:16:07 EST 2025
----------------------------------------------------------------------------------------
Finished export of Template : BIINVXX
----------------------------------------------------------------------------------------
#########################################################################################
Beginning export of Template : BINFADXX
#########################################################################################
 
=> ( 1 ) INTFCBIADCMPHXX : Get History Record Counts

1 row created.


Commit complete.

..Get TableSpace, Index & Index TableSpace

1 row created.


Commit complete.


Export: Release 19.0.0.0.0 - Production on Fri Dec 12 01:16:07 2025
Version 19.27.0.0.0

Copyright (c) 1982, 2019, Oracle and/or its affiliates.  All rights reserved.

Connected to: Oracle Database 19c Enterprise Edition Release 19.0.0.0.0 - Production
FLASHBACK automatically enabled to preserve database integrity.
Starting "SYS"."SYS_EXPORT_TABLE_05":  userid="/******** AS SYSDBA" directory=BINFADXX_FS dumpfile=BINFADXX_11-12-2025_1995_2000_01-May-2023_01-Mar-2024_FS_%U.dmp logfile=BINFADXX_11-12-2025_1995_2000_01-May-2023_01-Mar-2024_FS.log parallel=18 EXCLUDE=statistics EXCLUDE=TRIGGER ENCRYPTION=ALL ENCRYPTION_MODE=DUAL ENCRYPTION_ALGORITHM=AES256 ENCRYPTION_PASSWORD=******** FILESIZE=10G COMPRESSION=ALL TABLES=SYSADM.PS_INTFCBIADCMPHXX QUERY=SYSADM.PS_INTFCBIADCMPHXX:"WHERE PSARCH_ID='BINFADXX' AND PSARCH_BATCHNUM||PSARCH_ID IN (SELECT PSARCH_BATCHNUM||PSARCH_ID FROM SYSADM.PSARCHBATCH WHERE PSARCH_DTTM >= '01-May-2023' AND PSARCH_DTTM < '01-Mar-2024')" 
Processing object type TABLE_EXPORT/TABLE/PROCACT_INSTANCE
Processing object type TABLE_EXPORT/TABLE/TABLE
Processing object type TABLE_EXPORT/TABLE/GRANT/OWNER_GRANT/OBJECT_GRANT
Processing object type TABLE_EXPORT/TABLE/TABLE_DATA
. . exported "SYSADM"."PS_INTFCBIADCMPHXX"               132.1 KB       0 rows
Processing object type TABLE_EXPORT/TABLE/INDEX/INDEX
Master table "SYS"."SYS_EXPORT_TABLE_05" successfully loaded/unloaded
******************************************************************************
Dump file set for SYS.SYS_EXPORT_TABLE_05 is:
  /backup/data_arch/BINFADXX/FS/BINFADXX_11-12-2025_1995_2000_01-May-2023_01-Mar-2024_FS_01.dmp
  /backup/data_arch/BINFADXX/FS/BINFADXX_11-12-2025_1995_2000_01-May-2023_01-Mar-2024_FS_02.dmp
  /backup/data_arch/BINFADXX/FS/BINFADXX_11-12-2025_1995_2000_01-May-2023_01-Mar-2024_FS_03.dmp
  /backup/data_arch/BINFADXX/FS/BINFADXX_11-12-2025_1995_2000_01-May-2023_01-Mar-2024_FS_04.dmp
  /backup/data_arch/BINFADXX/FS/BINFADXX_11-12-2025_1995_2000_01-May-2023_01-Mar-2024_FS_05.dmp
  /backup/data_arch/BINFADXX/FS/BINFADXX_11-12-2025_1995_2000_01-May-2023_01-Mar-2024_FS_06.dmp
  /backup/data_arch/BINFADXX/FS/BINFADXX_11-12-2025_1995_2000_01-May-2023_01-Mar-2024_FS_07.dmp
  /backup/data_arch/BINFADXX/FS/BINFADXX_11-12-2025_1995_2000_01-May-2023_01-Mar-2024_FS_08.dmp
  /backup/data_arch/BINFADXX/FS/BINFADXX_11-12-2025_1995_2000_01-May-2023_01-Mar-2024_FS_09.dmp
  /backup/data_arch/BINFADXX/FS/BINFADXX_11-12-2025_1995_2000_01-May-2023_01-Mar-2024_FS_10.dmp
  /backup/data_arch/BINFADXX/FS/BINFADXX_11-12-2025_1995_2000_01-May-2023_01-Mar-2024_FS_11.dmp
  /backup/data_arch/BINFADXX/FS/BINFADXX_11-12-2025_1995_2000_01-May-2023_01-Mar-2024_FS_12.dmp
  /backup/data_arch/BINFADXX/FS/BINFADXX_11-12-2025_1995_2000_01-May-2023_01-Mar-2024_FS_13.dmp
  /backup/data_arch/BINFADXX/FS/BINFADXX_11-12-2025_1995_2000_01-May-2023_01-Mar-2024_FS_14.dmp
  /backup/data_arch/BINFADXX/FS/BINFADXX_11-12-2025_1995_2000_01-May-2023_01-Mar-2024_FS_15.dmp
  /backup/data_arch/BINFADXX/FS/BINFADXX_11-12-2025_1995_2000_01-May-2023_01-Mar-2024_FS_16.dmp
  /backup/data_arch/BINFADXX/FS/BINFADXX_11-12-2025_1995_2000_01-May-2023_01-Mar-2024_FS_17.dmp
  /backup/data_arch/BINFADXX/FS/BINFADXX_11-12-2025_1995_2000_01-May-2023_01-Mar-2024_FS_18.dmp
  /backup/data_arch/BINFADXX/FS/BINFADXX_11-12-2025_1995_2000_01-May-2023_01-Mar-2024_FS_19.dmp
  /backup/data_arch/BINFADXX/FS/BINFADXX_11-12-2025_1995_2000_01-May-2023_01-Mar-2024_FS_20.dmp
  /backup/data_arch/BINFADXX/FS/BINFADXX_11-12-2025_1995_2000_01-May-2023_01-Mar-2024_FS_21.dmp
  /backup/data_arch/BINFADXX/FS/BINFADXX_11-12-2025_1995_2000_01-May-2023_01-Mar-2024_FS_22.dmp
  /backup/data_arch/BINFADXX/FS/BINFADXX_11-12-2025_1995_2000_01-May-2023_01-Mar-2024_FS_23.dmp
  /backup/data_arch/BINFADXX/FS/BINFADXX_11-12-2025_1995_2000_01-May-2023_01-Mar-2024_FS_24.dmp
  /backup/data_arch/BINFADXX/FS/BINFADXX_11-12-2025_1995_2000_01-May-2023_01-Mar-2024_FS_25.dmp
Job "SYS"."SYS_EXPORT_TABLE_05" successfully completed at Fri Dec 12 01:17:04 2025 elapsed 0 00:00:55

TEMPLATE_NAME:  BINFADXX
Error Count:  0
CURRENT DATE:  2025/12/12
Insert Data into PS_DATAMIN_EXPF_XX.

1 row created.


Commit complete.

Successful Export: Insert Done.
Template FSPRD-BINFADXX successfully Exported, started at  Fri Dec 12 01:16:07 EST 2025 and finished at Fri Dec 12 01:17:07 EST 2025
----------------------------------------------------------------------------------------
Finished export of Template : BINFADXX
----------------------------------------------------------------------------------------
#########################################################################################
Beginning export of Template : BIPCIXX
#########################################################################################
 
=> ( 1 ) BIPCITRCKX_H_XX : Get History Record Counts

1 row created.


Commit complete.

..Get TableSpace, Index & Index TableSpace

1 row created.


Commit complete.


Export: Release 19.0.0.0.0 - Production on Fri Dec 12 01:17:08 2025
Version 19.27.0.0.0

Copyright (c) 1982, 2019, Oracle and/or its affiliates.  All rights reserved.

Connected to: Oracle Database 19c Enterprise Edition Release 19.0.0.0.0 - Production
FLASHBACK automatically enabled to preserve database integrity.
Starting "SYS"."SYS_EXPORT_TABLE_05":  userid="/******** AS SYSDBA" directory=BIPCIXX_FS dumpfile=BIPCIXX_11-12-2025_1995_2000_01-May-2023_01-Mar-2024_FS_%U.dmp logfile=BIPCIXX_11-12-2025_1995_2000_01-May-2023_01-Mar-2024_FS.log parallel=18 EXCLUDE=statistics EXCLUDE=TRIGGER ENCRYPTION=ALL ENCRYPTION_MODE=DUAL ENCRYPTION_ALGORITHM=AES256 ENCRYPTION_PASSWORD=******** FILESIZE=10G COMPRESSION=ALL TABLES=SYSADM.PS_BIPCITRCKX_H_XX QUERY=SYSADM.PS_BIPCITRCKX_H_XX:"WHERE PSARCH_ID='BIPCIXX' AND PSARCH_BATCHNUM||PSARCH_ID IN (SELECT PSARCH_BATCHNUM||PSARCH_ID FROM SYSADM.PSARCHBATCH WHERE PSARCH_DTTM >= '01-May-2023' AND PSARCH_DTTM < '01-Mar-2024')" 
Processing object type TABLE_EXPORT/TABLE/PROCACT_INSTANCE
Processing object type TABLE_EXPORT/TABLE/TABLE
Processing object type TABLE_EXPORT/TABLE/GRANT/OWNER_GRANT/OBJECT_GRANT
Processing object type TABLE_EXPORT/TABLE/TABLE_DATA
. . exported "SYSADM"."PS_BIPCITRCKX_H_XX"                   0 KB       0 rows
Processing object type TABLE_EXPORT/TABLE/INDEX/INDEX
Master table "SYS"."SYS_EXPORT_TABLE_05" successfully loaded/unloaded
******************************************************************************
Dump file set for SYS.SYS_EXPORT_TABLE_05 is:
  /backup/data_arch/BIPCIXX/FS/BIPCIXX_11-12-2025_1995_2000_01-May-2023_01-Mar-2024_FS_01.dmp
  /backup/data_arch/BIPCIXX/FS/BIPCIXX_11-12-2025_1995_2000_01-May-2023_01-Mar-2024_FS_02.dmp
  /backup/data_arch/BIPCIXX/FS/BIPCIXX_11-12-2025_1995_2000_01-May-2023_01-Mar-2024_FS_03.dmp
  /backup/data_arch/BIPCIXX/FS/BIPCIXX_11-12-2025_1995_2000_01-May-2023_01-Mar-2024_FS_04.dmp
  /backup/data_arch/BIPCIXX/FS/BIPCIXX_11-12-2025_1995_2000_01-May-2023_01-Mar-2024_FS_05.dmp
  /backup/data_arch/BIPCIXX/FS/BIPCIXX_11-12-2025_1995_2000_01-May-2023_01-Mar-2024_FS_06.dmp
  /backup/data_arch/BIPCIXX/FS/BIPCIXX_11-12-2025_1995_2000_01-May-2023_01-Mar-2024_FS_07.dmp
  /backup/data_arch/BIPCIXX/FS/BIPCIXX_11-12-2025_1995_2000_01-May-2023_01-Mar-2024_FS_08.dmp
  /backup/data_arch/BIPCIXX/FS/BIPCIXX_11-12-2025_1995_2000_01-May-2023_01-Mar-2024_FS_09.dmp
Job "SYS"."SYS_EXPORT_TABLE_05" successfully completed at Fri Dec 12 01:18:01 2025 elapsed 0 00:00:52

TEMPLATE_NAME:  BIPCIXX
Error Count:  0
CURRENT DATE:  2025/12/12
Insert Data into PS_DATAMIN_EXPF_XX.

1 row created.


Commit complete.

Successful Export: Insert Done.
Template FSPRD-BIPCIXX successfully Exported, started at  Fri Dec 12 01:17:08 EST 2025 and finished at Fri Dec 12 01:18:07 EST 2025
----------------------------------------------------------------------------------------
Finished export of Template : BIPCIXX
----------------------------------------------------------------------------------------
#########################################################################################
Beginning export of Template : BIRELXX
#########################################################################################
 
=> ( 1 ) BIRELCMPX_H_XX : Get History Record Counts

1 row created.


Commit complete.

..Get TableSpace, Index & Index TableSpace

1 row created.


Commit complete.


Export: Release 19.0.0.0.0 - Production on Fri Dec 12 01:18:07 2025
Version 19.27.0.0.0

Copyright (c) 1982, 2019, Oracle and/or its affiliates.  All rights reserved.

Connected to: Oracle Database 19c Enterprise Edition Release 19.0.0.0.0 - Production
FLASHBACK automatically enabled to preserve database integrity.
Starting "SYS"."SYS_EXPORT_TABLE_05":  userid="/******** AS SYSDBA" directory=BIRELXX_FS dumpfile=BIRELXX_11-12-2025_1995_2000_01-May-2023_01-Mar-2024_FS_%U.dmp logfile=BIRELXX_11-12-2025_1995_2000_01-May-2023_01-Mar-2024_FS.log parallel=18 EXCLUDE=statistics EXCLUDE=TRIGGER ENCRYPTION=ALL ENCRYPTION_MODE=DUAL ENCRYPTION_ALGORITHM=AES256 ENCRYPTION_PASSWORD=******** FILESIZE=10G COMPRESSION=ALL TABLES=SYSADM.PS_BIRELCMPX_H_XX QUERY=SYSADM.PS_BIRELCMPX_H_XX:"WHERE PSARCH_ID='BIRELXX' AND PSARCH_BATCHNUM||PSARCH_ID IN (SELECT PSARCH_BATCHNUM||PSARCH_ID FROM SYSADM.PSARCHBATCH WHERE PSARCH_DTTM >= '01-May-2023' AND PSARCH_DTTM < '01-Mar-2024')" 
Processing object type TABLE_EXPORT/TABLE/PROCACT_INSTANCE
Processing object type TABLE_EXPORT/TABLE/TABLE
Processing object type TABLE_EXPORT/TABLE/GRANT/OWNER_GRANT/OBJECT_GRANT
Processing object type TABLE_EXPORT/TABLE/TABLE_DATA
. . exported "SYSADM"."PS_BIRELCMPX_H_XX"                150.1 KB       2 rows
Processing object type TABLE_EXPORT/TABLE/INDEX/INDEX
Master table "SYS"."SYS_EXPORT_TABLE_05" successfully loaded/unloaded
******************************************************************************
Dump file set for SYS.SYS_EXPORT_TABLE_05 is:
  /backup/data_arch/BIRELXX/FS/BIRELXX_11-12-2025_1995_2000_01-May-2023_01-Mar-2024_FS_01.dmp
  /backup/data_arch/BIRELXX/FS/BIRELXX_11-12-2025_1995_2000_01-May-2023_01-Mar-2024_FS_02.dmp
  /backup/data_arch/BIRELXX/FS/BIRELXX_11-12-2025_1995_2000_01-May-2023_01-Mar-2024_FS_03.dmp
  /backup/data_arch/BIRELXX/FS/BIRELXX_11-12-2025_1995_2000_01-May-2023_01-Mar-2024_FS_04.dmp
  /backup/data_arch/BIRELXX/FS/BIRELXX_11-12-2025_1995_2000_01-May-2023_01-Mar-2024_FS_05.dmp
  /backup/data_arch/BIRELXX/FS/BIRELXX_11-12-2025_1995_2000_01-May-2023_01-Mar-2024_FS_06.dmp
  /backup/data_arch/BIRELXX/FS/BIRELXX_11-12-2025_1995_2000_01-May-2023_01-Mar-2024_FS_07.dmp
  /backup/data_arch/BIRELXX/FS/BIRELXX_11-12-2025_1995_2000_01-May-2023_01-Mar-2024_FS_08.dmp
  /backup/data_arch/BIRELXX/FS/BIRELXX_11-12-2025_1995_2000_01-May-2023_01-Mar-2024_FS_09.dmp
  /backup/data_arch/BIRELXX/FS/BIRELXX_11-12-2025_1995_2000_01-May-2023_01-Mar-2024_FS_10.dmp
  /backup/data_arch/BIRELXX/FS/BIRELXX_11-12-2025_1995_2000_01-May-2023_01-Mar-2024_FS_11.dmp
  /backup/data_arch/BIRELXX/FS/BIRELXX_11-12-2025_1995_2000_01-May-2023_01-Mar-2024_FS_12.dmp
  /backup/data_arch/BIRELXX/FS/BIRELXX_11-12-2025_1995_2000_01-May-2023_01-Mar-2024_FS_13.dmp
  /backup/data_arch/BIRELXX/FS/BIRELXX_11-12-2025_1995_2000_01-May-2023_01-Mar-2024_FS_14.dmp
  /backup/data_arch/BIRELXX/FS/BIRELXX_11-12-2025_1995_2000_01-May-2023_01-Mar-2024_FS_15.dmp
  /backup/data_arch/BIRELXX/FS/BIRELXX_11-12-2025_1995_2000_01-May-2023_01-Mar-2024_FS_16.dmp
  /backup/data_arch/BIRELXX/FS/BIRELXX_11-12-2025_1995_2000_01-May-2023_01-Mar-2024_FS_17.dmp
  /backup/data_arch/BIRELXX/FS/BIRELXX_11-12-2025_1995_2000_01-May-2023_01-Mar-2024_FS_18.dmp
  /backup/data_arch/BIRELXX/FS/BIRELXX_11-12-2025_1995_2000_01-May-2023_01-Mar-2024_FS_19.dmp
  /backup/data_arch/BIRELXX/FS/BIRELXX_11-12-2025_1995_2000_01-May-2023_01-Mar-2024_FS_20.dmp
  /backup/data_arch/BIRELXX/FS/BIRELXX_11-12-2025_1995_2000_01-May-2023_01-Mar-2024_FS_21.dmp
  /backup/data_arch/BIRELXX/FS/BIRELXX_11-12-2025_1995_2000_01-May-2023_01-Mar-2024_FS_22.dmp
  /backup/data_arch/BIRELXX/FS/BIRELXX_11-12-2025_1995_2000_01-May-2023_01-Mar-2024_FS_23.dmp
  /backup/data_arch/BIRELXX/FS/BIRELXX_11-12-2025_1995_2000_01-May-2023_01-Mar-2024_FS_24.dmp
  /backup/data_arch/BIRELXX/FS/BIRELXX_11-12-2025_1995_2000_01-May-2023_01-Mar-2024_FS_25.dmp
Job "SYS"."SYS_EXPORT_TABLE_05" successfully completed at Fri Dec 12 01:18:59 2025 elapsed 0 00:00:52

TEMPLATE_NAME:  BIRELXX
Error Count:  0
CURRENT DATE:  2025/12/12
Insert Data into PS_DATAMIN_EXPF_XX.

1 row created.


Commit complete.

Successful Export: Insert Done.
Template FSPRD-BIRELXX successfully Exported, started at  Fri Dec 12 01:18:07 EST 2025 and finished at Fri Dec 12 01:19:05 EST 2025
----------------------------------------------------------------------------------------
Finished export of Template : BIRELXX
----------------------------------------------------------------------------------------
#########################################################################################
Beginning export of Template : CA_001
#########################################################################################
 
=> ( 1 ) BI_HDR_TMP_XX_H : Get History Record Counts

1 row created.


Commit complete.

..Get TableSpace, Index & Index TableSpace

4 rows created.


Commit complete.

=> ( 2 ) BI_LN_TMP_XX_H : Get History Record Counts

1 row created.


Commit complete.

..Get TableSpace, Index & Index TableSpace

2 rows created.


Commit complete.

=> ( 3 ) CA_ACCTG_LINE_H : Get History Record Counts

1 row created.


Commit complete.

..Get TableSpace, Index & Index TableSpace

1 row created.


Commit complete.

=> ( 4 ) CA_ACCTG_LN_P_H : Get History Record Counts

1 row created.


Commit complete.

..Get TableSpace, Index & Index TableSpace

1 row created.


Commit complete.

=> ( 5 ) CA_ACCTG_LN_T_H : Get History Record Counts

1 row created.


Commit complete.

..Get TableSpace, Index & Index TableSpace

1 row created.


Commit complete.

=> ( 6 ) CA_ACCTPLAN_H : Get History Record Counts

1 row created.


Commit complete.

..Get TableSpace, Index & Index TableSpace

1 row created.


Commit complete.

=> ( 7 ) CA_ACCTPLN_LA_H : Get History Record Counts

1 row created.


Commit complete.

..Get TableSpace, Index & Index TableSpace

1 row created.


Commit complete.

=> ( 8 ) CA_AP_DFR_H : Get History Record Counts

1 row created.


Commit complete.

..Get TableSpace, Index & Index TableSpace

1 row created.


Commit complete.

=> ( 9 ) CA_AP_DST_H : Get History Record Counts

1 row created.


Commit complete.

..Get TableSpace, Index & Index TableSpace

1 row created.


Commit complete.

=> ( 10 ) CA_AP_EVENT_D_H : Get History Record Counts

1 row created.


Commit complete.

..Get TableSpace, Index & Index TableSpace

1 row created.


Commit complete.

=> ( 11 ) CA_AP_EVENT_H : Get History Record Counts

1 row created.


Commit complete.

..Get TableSpace, Index & Index TableSpace

1 row created.


Commit complete.

=> ( 12 ) CA_AP_EVT_CHG_H : Get History Record Counts

1 row created.


Commit complete.

..Get TableSpace, Index & Index TableSpace

1 row created.


Commit complete.

=> ( 13 ) CA_AP_FEE_ADJ_H : Get History Record Counts

1 row created.


Commit complete.

..Get TableSpace, Index & Index TableSpace

1 row created.


Commit complete.

=> ( 14 ) CA_AP_FEE_WS_H : Get History Record Counts

1 row created.


Commit complete.

..Get TableSpace, Index & Index TableSpace

1 row created.


Commit complete.

=> ( 15 ) CA_AP_PC_DFR_H : Get History Record Counts

1 row created.


Commit complete.

..Get TableSpace, Index & Index TableSpace

1 row created.


Commit complete.

=> ( 16 ) CA_AP_PC_DST_H : Get History Record Counts

1 row created.


Commit complete.

..Get TableSpace, Index & Index TableSpace

1 row created.


Commit complete.

=> ( 17 ) CA_AP_PC_UAR_H : Get History Record Counts

1 row created.


Commit complete.

..Get TableSpace, Index & Index TableSpace

1 row created.


Commit complete.

=> ( 18 ) CA_AP_SCHEDUL_H : Get History Record Counts

1 row created.


Commit complete.

..Get TableSpace, Index & Index TableSpace

1 row created.


Commit complete.

=> ( 19 ) CA_AP_TXN_DST_H : Get History Record Counts

1 row created.


Commit complete.

..Get TableSpace, Index & Index TableSpace

1 row created.


Commit complete.

=> ( 20 ) CA_AP_TXN_UAR_H : Get History Record Counts

1 row created.


Commit complete.

..Get TableSpace, Index & Index TableSpace

1 row created.


Commit complete.

=> ( 21 ) CA_AP_UAR_H : Get History Record Counts

1 row created.


Commit complete.

..Get TableSpace, Index & Index TableSpace

1 row created.


Commit complete.

=> ( 22 ) CA_ATTACHMENT_H : Get History Record Counts

1 row created.


Commit complete.

..Get TableSpace, Index & Index TableSpace

1 row created.


Commit complete.

=> ( 23 ) CA_BILLPLN_LA_H : Get History Record Counts

1 row created.


Commit complete.

..Get TableSpace, Index & Index TableSpace

1 row created.


Commit complete.

=> ( 24 ) CA_BILL_PLAN_H : Get History Record Counts

1 row created.


Commit complete.

..Get TableSpace, Index & Index TableSpace

1 row created.


Commit complete.

=> ( 25 ) CA_BIL_PLN_XX_H : Get History Record Counts

1 row created.


Commit complete.

..Get TableSpace, Index & Index TableSpace

1 row created.


Commit complete.

=> ( 26 ) CA_BONUS_PENL_H : Get History Record Counts

1 row created.


Commit complete.

..Get TableSpace, Index & Index TableSpace

2 rows created.


Commit complete.

=> ( 27 ) CA_BP_CDATAXX_H : Get History Record Counts

1 row created.


Commit complete.

..Get TableSpace, Index & Index TableSpace

1 row created.


Commit complete.

=> ( 28 ) CA_BP_EVENTS_H : Get History Record Counts

1 row created.


Commit complete.

..Get TableSpace, Index & Index TableSpace

1 row created.


Commit complete.

=> ( 29 ) CA_BP_EVT_CHG_H : Get History Record Counts

1 row created.


Commit complete.

..Get TableSpace, Index & Index TableSpace

1 row created.


Commit complete.

=> ( 30 ) CA_BP_EVT_LN_H : Get History Record Counts

1 row created.


Commit complete.

..Get TableSpace, Index & Index TableSpace

1 row created.


Commit complete.

=> ( 31 ) CA_BP_EV_AMXX_H : Get History Record Counts

1 row created.


Commit complete.

..Get TableSpace, Index & Index TableSpace

1 row created.


Commit complete.

=> ( 32 ) CA_BP_FEE_ADJ_H : Get History Record Counts

1 row created.


Commit complete.

..Get TableSpace, Index & Index TableSpace

1 row created.


Commit complete.

=> ( 33 ) CA_BP_FEE_WS_H : Get History Record Counts

1 row created.


Commit complete.

..Get TableSpace, Index & Index TableSpace

1 row created.


Commit complete.

=> ( 34 ) CA_BP_LINES_H : Get History Record Counts

1 row created.


Commit complete.

..Get TableSpace, Index & Index TableSpace

1 row created.


Commit complete.

=> ( 35 ) CA_BP_NOTE_H : Get History Record Counts

1 row created.


Commit complete.

..Get TableSpace, Index & Index TableSpace

1 row created.


Commit complete.

=> ( 36 ) CA_BP_SCHEDUL_H : Get History Record Counts

1 row created.


Commit complete.

..Get TableSpace, Index & Index TableSpace

1 row created.


Commit complete.

=> ( 37 ) CA_BP_XREF_H : Get History Record Counts

1 row created.


Commit complete.

..Get TableSpace, Index & Index TableSpace

4 rows created.


Commit complete.

=> ( 38 ) CA_CHG_DTL_H : Get History Record Counts

1 row created.


Commit complete.

..Get TableSpace, Index & Index TableSpace

1 row created.


Commit complete.

=> ( 39 ) CA_CHG_HDR_H : Get History Record Counts

1 row created.


Commit complete.

..Get TableSpace, Index & Index TableSpace

2 rows created.


Commit complete.

=> ( 40 ) CA_CONTR_HDR_H : Get History Record Counts

1 row created.


Commit complete.

..Get TableSpace, Index & Index TableSpace

6 rows created.


Commit complete.

=> ( 41 ) CA_DETAIL_APP_H : Get History Record Counts

1 row created.


Commit complete.

..Get TableSpace, Index & Index TableSpace

1 row created.


Commit complete.

=> ( 42 ) CA_DETAIL_DC_H : Get History Record Counts

1 row created.


Commit complete.

..Get TableSpace, Index & Index TableSpace

1 row created.


Commit complete.

=> ( 43 ) CA_DETAIL_DFR_H : Get History Record Counts

1 row created.


Commit complete.

..Get TableSpace, Index & Index TableSpace

1 row created.


Commit complete.

=> ( 44 ) CA_DETAIL_DST_H : Get History Record Counts

1 row created.


Commit complete.

..Get TableSpace, Index & Index TableSpace

1 row created.


Commit complete.

=> ( 45 ) CA_DETAIL_H : Get History Record Counts

1 row created.


Commit complete.

..Get TableSpace, Index & Index TableSpace

2 rows created.


Commit complete.

=> ( 46 ) CA_DETAIL_LAN_H : Get History Record Counts

1 row created.


Commit complete.

..Get TableSpace, Index & Index TableSpace

1 row created.


Commit complete.

=> ( 47 ) CA_DETAIL_PRI_H : Get History Record Counts

1 row created.


Commit complete.

..Get TableSpace, Index & Index TableSpace

1 row created.


Commit complete.

=> ( 48 ) CA_DETAIL_PRO_H : Get History Record Counts

1 row created.


Commit complete.

..Get TableSpace, Index & Index TableSpace

1 row created.


Commit complete.

=> ( 49 ) CA_DETAIL_RED_H : Get History Record Counts

1 row created.


Commit complete.

..Get TableSpace, Index & Index TableSpace

1 row created.


Commit complete.

=> ( 50 ) CA_DETAIL_UAR_H : Get History Record Counts

1 row created.


Commit complete.

..Get TableSpace, Index & Index TableSpace

1 row created.


Commit complete.

=> ( 51 ) CA_DST_ERR_H : Get History Record Counts

1 row created.


Commit complete.

..Get TableSpace, Index & Index TableSpace

1 row created.


Commit complete.

=> ( 52 ) CA_DTL_DST_DA_H : Get History Record Counts

1 row created.


Commit complete.

..Get TableSpace, Index & Index TableSpace

1 row created.


Commit complete.

=> ( 53 ) CA_DTL_RED_DA_H : Get History Record Counts

1 row created.


Commit complete.

..Get TableSpace, Index & Index TableSpace

1 row created.


Commit complete.

=> ( 54 ) CA_EARLY_OPTI_H : Get History Record Counts

1 row created.


Commit complete.

..Get TableSpace, Index & Index TableSpace

2 rows created.


Commit complete.

=> ( 55 ) CA_EMAIL_CON2_H : Get History Record Counts

1 row created.


Commit complete.

..Get TableSpace, Index & Index TableSpace

1 row created.


Commit complete.

=> ( 56 ) CA_EMAIL_CONT_H : Get History Record Counts

1 row created.


Commit complete.

..Get TableSpace, Index & Index TableSpace

1 row created.


Commit complete.

=> ( 57 ) CA_FC_MAIN_H : Get History Record Counts

1 row created.


Commit complete.

..Get TableSpace, Index & Index TableSpace

1 row created.


Commit complete.

=> ( 58 ) CA_FC_STG_RUN_H : Get History Record Counts

1 row created.


Commit complete.

..Get TableSpace, Index & Index TableSpace

1 row created.


Commit complete.

=> ( 59 ) CA_HDREV_RED_H : Get History Record Counts

1 row created.


Commit complete.

..Get TableSpace, Index & Index TableSpace

1 row created.


Commit complete.

=> ( 60 ) CA_HDRRED_LAN_H : Get History Record Counts

1 row created.


Commit complete.

..Get TableSpace, Index & Index TableSpace

1 row created.


Commit complete.

=> ( 61 ) CA_HDR_AE_ACC_H : Get History Record Counts

1 row created.


Commit complete.

..Get TableSpace, Index & Index TableSpace

1 row created.


Commit complete.

=> ( 62 ) CA_HDR_COMM_H : Get History Record Counts

1 row created.


Commit complete.

..Get TableSpace, Index & Index TableSpace

1 row created.


Commit complete.

=> ( 63 ) CA_HDR_DC_H : Get History Record Counts

1 row created.


Commit complete.

..Get TableSpace, Index & Index TableSpace

1 row created.


Commit complete.

=> ( 64 ) CA_HDR_REDUCT_H : Get History Record Counts

1 row created.


Commit complete.

..Get TableSpace, Index & Index TableSpace

1 row created.


Commit complete.

=> ( 65 ) CA_HREVRED_LG_H : Get History Record Counts

1 row created.


Commit complete.

..Get TableSpace, Index & Index TableSpace

1 row created.


Commit complete.

=> ( 66 ) CA_INVTRKH_XX_H : Get History Record Counts

1 row created.


Commit complete.

..Get TableSpace, Index & Index TableSpace

1 row created.


Commit complete.

=> ( 67 ) CA_INVTRKL_XX_H : Get History Record Counts

1 row created.


Commit complete.

..Get TableSpace, Index & Index TableSpace

1 row created.


Commit complete.

=> ( 68 ) CA_IVC_PRT_XX_H : Get History Record Counts

1 row created.


Commit complete.

..Get TableSpace, Index & Index TableSpace

1 row created.


Commit complete.

=> ( 69 ) CA_LMT_FEE_DT_H : Get History Record Counts

1 row created.


Commit complete.

..Get TableSpace, Index & Index TableSpace

1 row created.


Commit complete.

=> ( 70 ) CA_LMT_TXN_H : Get History Record Counts

1 row created.


Commit complete.

..Get TableSpace, Index & Index TableSpace

1 row created.


Commit complete.

=> ( 71 ) CA_LMT_TXN_LG_H : Get History Record Counts

1 row created.


Commit complete.

..Get TableSpace, Index & Index TableSpace

1 row created.


Commit complete.

=> ( 72 ) CA_LNRED_LANG_H : Get History Record Counts

1 row created.


Commit complete.

..Get TableSpace, Index & Index TableSpace

1 row created.


Commit complete.

=> ( 73 ) CA_LNREV_RED_H : Get History Record Counts

1 row created.


Commit complete.

..Get TableSpace, Index & Index TableSpace

1 row created.


Commit complete.

=> ( 74 ) CA_LN_REDUCTS_H : Get History Record Counts

1 row created.


Commit complete.

..Get TableSpace, Index & Index TableSpace

1 row created.


Commit complete.

=> ( 75 ) CA_LREVRED_LG_H : Get History Record Counts

1 row created.


Commit complete.

..Get TableSpace, Index & Index TableSpace

1 row created.


Commit complete.

=> ( 76 ) CA_MILESTONE_H : Get History Record Counts

1 row created.


Commit complete.

..Get TableSpace, Index & Index TableSpace

2 rows created.


Commit complete.

=> ( 77 ) CA_MS_COND_H : Get History Record Counts

1 row created.


Commit complete.

..Get TableSpace, Index & Index TableSpace

2 rows created.


Commit complete.

=> ( 78 ) CA_NOTE_DETAI_H : Get History Record Counts

1 row created.


Commit complete.

..Get TableSpace, Index & Index TableSpace

1 row created.


Commit complete.

=> ( 79 ) CA_NOTE_H : Get History Record Counts

1 row created.


Commit complete.

..Get TableSpace, Index & Index TableSpace

3 rows created.


Commit complete.

=> ( 80 ) CA_NOTE_TRANS_H : Get History Record Counts

1 row created.


Commit complete.

..Get TableSpace, Index & Index TableSpace

1 row created.


Commit complete.

=> ( 81 ) CA_OPP_TYP_XX_H : Get History Record Counts

1 row created.


Commit complete.

..Get TableSpace, Index & Index TableSpace

1 row created.


Commit complete.

=> ( 82 ) CA_OPRID_CONT_H : Get History Record Counts

1 row created.


Commit complete.

..Get TableSpace, Index & Index TableSpace

1 row created.


Commit complete.

=> ( 83 ) CA_PGP_COSTS_H : Get History Record Counts

1 row created.


Commit complete.

..Get TableSpace, Index & Index TableSpace

1 row created.


Commit complete.

=> ( 84 ) CA_PGP_PROJ_H : Get History Record Counts

1 row created.


Commit complete.

..Get TableSpace, Index & Index TableSpace

1 row created.


Commit complete.

=> ( 85 ) CA_PGP_TERMS_H : Get History Record Counts

1 row created.


Commit complete.

..Get TableSpace, Index & Index TableSpace

1 row created.


Commit complete.

=> ( 86 ) CA_PGP_WKS_H : Get History Record Counts

1 row created.


Commit complete.

..Get TableSpace, Index & Index TableSpace

1 row created.


Commit complete.

=> ( 87 ) CA_PREPAID_AU_H : Get History Record Counts

1 row created.


Commit complete.

..Get TableSpace, Index & Index TableSpace

1 row created.


Commit complete.

=> ( 88 ) CA_PREPAID_PR_H : Get History Record Counts

1 row created.


Commit complete.

..Get TableSpace, Index & Index TableSpace

1 row created.


Commit complete.

=> ( 89 ) CA_PREPAID_TB_H : Get History Record Counts

1 row created.


Commit complete.

..Get TableSpace, Index & Index TableSpace

1 row created.


Commit complete.

=> ( 90 ) CA_PROJ_SUMMA_H : Get History Record Counts

1 row created.


Commit complete.

..Get TableSpace, Index & Index TableSpace

1 row created.


Commit complete.

=> ( 91 ) CA_RATE_H : Get History Record Counts

1 row created.


Commit complete.

..Get TableSpace, Index & Index TableSpace

1 row created.


Commit complete.

=> ( 92 ) CA_RECON_BI_H : Get History Record Counts

1 row created.


Commit complete.

..Get TableSpace, Index & Index TableSpace

1 row created.


Commit complete.

=> ( 93 ) CA_RECON_REV_H : Get History Record Counts

1 row created.


Commit complete.

..Get TableSpace, Index & Index TableSpace

1 row created.


Commit complete.

=> ( 94 ) CA_RECON_SUM_H : Get History Record Counts

1 row created.


Commit complete.

..Get TableSpace, Index & Index TableSpace

1 row created.


Commit complete.

=> ( 95 ) CA_RNWLNRE_LG_H : Get History Record Counts

1 row created.


Commit complete.

..Get TableSpace, Index & Index TableSpace

1 row created.


Commit complete.

=> ( 96 ) CA_RNWLNRR_LG_H : Get History Record Counts

1 row created.


Commit complete.

..Get TableSpace, Index & Index TableSpace

1 row created.


Commit complete.

=> ( 97 ) CA_RNW_APPLIE_H : Get History Record Counts

1 row created.


Commit complete.

..Get TableSpace, Index & Index TableSpace

1 row created.


Commit complete.

=> ( 98 ) CA_RNW_LN_LIN_H : Get History Record Counts

1 row created.


Commit complete.

..Get TableSpace, Index & Index TableSpace

1 row created.


Commit complete.

=> ( 99 ) CA_RNW_LN_RDS_H : Get History Record Counts

1 row created.


Commit complete.

..Get TableSpace, Index & Index TableSpace

1 row created.


Commit complete.

=> ( 100 ) CA_RNW_LN_RED_H : Get History Record Counts

1 row created.


Commit complete.

..Get TableSpace, Index & Index TableSpace

1 row created.


Commit complete.

=> ( 101 ) CA_SUPPORT_TE_H : Get History Record Counts

1 row created.


Commit complete.

..Get TableSpace, Index & Index TableSpace

1 row created.


Commit complete.

=> ( 102 ) CA_WTH_RELEAS_H : Get History Record Counts

1 row created.


Commit complete.

..Get TableSpace, Index & Index TableSpace

1 row created.


Commit complete.

=> ( 103 ) CA_WTH_REL_LA_H : Get History Record Counts

1 row created.


Commit complete.

..Get TableSpace, Index & Index TableSpace

1 row created.


Commit complete.

=> ( 104 ) CA_WTH_TERMS_H : Get History Record Counts

1 row created.


Commit complete.

..Get TableSpace, Index & Index TableSpace

1 row created.


Commit complete.

=> ( 105 ) CA_WTH_TRM_LA_H : Get History Record Counts

1 row created.


Commit complete.

..Get TableSpace, Index & Index TableSpace

1 row created.


Commit complete.


Export: Release 19.0.0.0.0 - Production on Fri Dec 12 01:19:50 2025
Version 19.27.0.0.0

Copyright (c) 1982, 2019, Oracle and/or its affiliates.  All rights reserved.

Connected to: Oracle Database 19c Enterprise Edition Release 19.0.0.0.0 - Production
FLASHBACK automatically enabled to preserve database integrity.
Starting "SYS"."SYS_EXPORT_TABLE_05":  userid="/******** AS SYSDBA" directory=CA_001_FS dumpfile=CA_001_11-12-2025_1995_2000_01-May-2023_01-Mar-2024_FS_%U.dmp logfile=CA_001_11-12-2025_1995_2000_01-May-2023_01-Mar-2024_FS.log parallel=18 EXCLUDE=statistics EXCLUDE=TRIGGER ENCRYPTION=ALL ENCRYPTION_MODE=DUAL ENCRYPTION_ALGORITHM=AES256 ENCRYPTION_PASSWORD=******** FILESIZE=10G COMPRESSION=ALL TABLES=SYSADM.PS_BI_HDR_TMP_XX_H QUERY=SYSADM.PS_BI_HDR_TMP_XX_H:"WHERE PSARCH_ID='CA_001' AND PSARCH_BATCHNUM||PSARCH_ID IN (SELECT PSARCH_BATCHNUM||PSARCH_ID FROM SYSADM.PSARCHBATCH WHERE PSARCH_DTTM >= '01-May-2023' AND PSARCH_DTTM < '01-Mar-2024')" TABLES=SYSADM.PS_BI_LN_TMP_XX_H QUERY=SYSADM.PS_BI_LN_TMP_XX_H:"WHERE PSARCH_ID='CA_001' AND PSARCH_BATCHNUM||PSARCH_ID IN (SELECT PSARCH_BATCHNUM||PSARCH_ID FROM SYSADM.PSARCHBATCH WHERE PSARCH_DTTM >= '01-May-2023' AND PSARCH_DTTM < '01-Mar-2024')" TABLES=SYSADM.PS_CA_ACCTG_LINE_H QUERY=SYSADM.PS_CA_ACCTG_LINE_H:"WHERE PSARCH_ID='CA_001' AND PSARCH_BATCHNUM||PSARCH_ID IN (SELECT PSARCH_BATCHNUM||PSARCH_ID FROM SYSADM.PSARCHBATCH WHERE PSARCH_DTTM >= '01-May-2023' AND PSARCH_DTTM < '01-Mar-2024')" TABLES=SYSADM.PS_CA_ACCTG_LN_P_H QUERY=SYSADM.PS_CA_ACCTG_LN_P_H:"WHERE PSARCH_ID='CA_001' AND PSARCH_BATCHNUM||PSARCH_ID IN (SELECT PSARCH_BATCHNUM||PSARCH_ID FROM SYSADM.PSARCHBATCH WHERE PSARCH_DTTM >= '01-May-2023' AND PSARCH_DTTM < '01-Mar-2024')" TABLES=SYSADM.PS_CA_ACCTG_LN_T_H QUERY=SYSADM.PS_CA_ACCTG_LN_T_H:"WHERE PSARCH_ID='CA_001' AND PSARCH_BATCHNUM||PSARCH_ID IN (SELECT PSARCH_BATCHNUM||PSARCH_ID FROM SYSADM.PSARCHBATCH WHERE PSARCH_DTTM >= '01-May-2023' AND PSARCH_DTTM < '01-Mar-2024')" TABLES=SYSADM.PS_CA_ACCTPLAN_H QUERY=SYSADM.PS_CA_ACCTPLAN_H:"WHERE PSARCH_ID='CA_001' AND PSARCH_BATCHNUM||PSARCH_ID IN (SELECT PSARCH_BATCHNUM||PSARCH_ID FROM SYSADM.PSARCHBATCH WHERE PSARCH_DTTM >= '01-May-2023' AND PSARCH_DTTM < '01-Mar-2024')" TABLES=SYSADM.PS_CA_ACCTPLN_LA_H QUERY=SYSADM.PS_CA_ACCTPLN_LA_H:"WHERE PSARCH_ID
Processing object type TABLE_EXPORT/TABLE/PROCACT_INSTANCE
Processing object type TABLE_EXPORT/TABLE/TABLE
Processing object type TABLE_EXPORT/TABLE/INDEX/FUNCTIONAL_INDEX/INDEX
Processing object type TABLE_EXPORT/TABLE/GRANT/OWNER_GRANT/OBJECT_GRANT
Processing object type TABLE_EXPORT/TABLE/TABLE_DATA
Processing object type TABLE_EXPORT/TABLE/INDEX/INDEX
. . exported "SYSADM"."PS_CA_INVTRKL_XX_H"               9.648 KB     177 rows
. . exported "SYSADM"."PS_BI_HDR_TMP_XX_H"               7.566 MB   66206 rows
. . exported "SYSADM"."PS_CA_BP_XREF_H"                  9.367 KB      94 rows
. . exported "SYSADM"."PS_CA_INVTRKH_XX_H"               6.132 KB     116 rows
. . exported "SYSADM"."PS_CA_ACCTG_LINE_H"                8.25 KB       0 rows
. . exported "SYSADM"."PS_CA_AP_SCHEDUL_H"               6.648 KB       0 rows
. . exported "SYSADM"."PS_CA_DETAIL_PRO_H"               5.945 KB       4 rows
. . exported "SYSADM"."PS_CA_DETAIL_H"                    10.5 KB       2 rows
. . exported "SYSADM"."PS_CA_BP_SCHEDUL_H"               5.835 KB       0 rows
. . exported "SYSADM"."PS_CA_AP_UAR_H"                   6.945 KB       0 rows
. . exported "SYSADM"."PS_CA_AP_PC_DST_H"                10.60 KB     141 rows
. . exported "SYSADM"."PS_CA_AP_DST_H"                   6.960 KB       0 rows
. . exported "SYSADM"."PS_CA_CONTR_HDR_H"                9.343 KB       2 rows
. . exported "SYSADM"."PS_CA_BILL_PLAN_H"                7.882 KB       2 rows
. . exported "SYSADM"."PS_CA_AP_EVENT_H"                 6.507 KB       0 rows
. . exported "SYSADM"."PS_CA_MS_COND_H"                  6.117 KB       0 rows
. . exported "SYSADM"."PS_CA_BP_EVENTS_H"                6.390 KB       0 rows
. . exported "SYSADM"."PS_CA_DETAIL_UAR_H"               6.796 KB       3 rows
. . exported "SYSADM"."PS_CA_CHG_HDR_H"                  7.039 KB       2 rows
. . exported "SYSADM"."PS_CA_MILESTONE_H"                5.710 KB       0 rows
. . exported "SYSADM"."PS_CA_DETAIL_DST_H"               6.625 KB       0 rows
. . exported "SYSADM"."PS_CA_ACCTPLAN_H"                 6.671 KB       2 rows
. . exported "SYSADM"."PS_CA_LMT_FEE_DT_H"               6.789 KB       1 rows
. . exported "SYSADM"."PS_CA_CHG_DTL_H"                  6.835 KB       0 rows
. . exported "SYSADM"."PS_CA_BIL_PLN_XX_H"               5.867 KB       2 rows
. . exported "SYSADM"."PS_CA_BP_LINES_H"                 6.734 KB       0 rows
. . exported "SYSADM"."PS_CA_DTL_DST_DA_H"               5.304 KB       2 rows
. . exported "SYSADM"."PS_CA_AP_PC_UAR_H"                10.53 KB     141 rows
. . exported "SYSADM"."PS_CA_RATE_H"                     5.656 KB       2 rows
. . exported "SYSADM"."PS_CA_HDR_REDUCT_H"               5.609 KB       2 rows
. . exported "SYSADM"."PS_CA_HDREV_RED_H"                5.632 KB       2 rows
. . exported "SYSADM"."PS_CA_DETAIL_RED_H"               6.671 KB       0 rows
. . exported "SYSADM"."PS_CA_AP_EVENT_D_H"               5.640 KB       0 rows
. . exported "SYSADM"."PS_CA_IVC_PRT_XX_H"               5.507 KB       1 rows
. . exported "SYSADM"."PS_CA_LNREV_RED_H"                5.648 KB       0 rows
. . exported "SYSADM"."PS_CA_LN_REDUCTS_H"               5.664 KB       0 rows
. . exported "SYSADM"."PS_CA_DTL_RED_DA_H"               5.257 KB       0 rows
. . exported "SYSADM"."PS_CA_PREPAID_TB_H"               7.601 KB       0 rows
. . exported "SYSADM"."PS_CA_RECON_REV_H"                6.828 KB       0 rows
. . exported "SYSADM"."PS_CA_NOTE_H"                     6.031 KB       0 rows
. . exported "SYSADM"."PS_CA_RECON_BI_H"                 5.984 KB       0 rows
. . exported "SYSADM"."PS_CA_WTH_TERMS_H"                6.007 KB       0 rows
. . exported "SYSADM"."PS_CA_PREPAID_PR_H"               5.820 KB       0 rows
. . exported "SYSADM"."PS_CA_AP_EVT_CHG_H"               5.421 KB       0 rows
. . exported "SYSADM"."PS_CA_BP_EVT_CHG_H"               5.445 KB       0 rows
. . exported "SYSADM"."PS_CA_BP_NOTE_H"                  5.195 KB       0 rows
. . exported "SYSADM"."PS_CA_ATTACHMENT_H"               5.468 KB       0 rows
. . exported "SYSADM"."PS_CA_OPP_TYP_XX_H"               5.156 KB       0 rows
. . exported "SYSADM"."PS_CA_OPRID_CONT_H"               4.945 KB       0 rows
. . exported "SYSADM"."PS_CA_ACCTG_LN_T_H"                   0 KB       0 rows
. . exported "SYSADM"."PS_CA_ACCTPLN_LA_H"                   0 KB       0 rows
. . exported "SYSADM"."PS_CA_AP_DFR_H"                       0 KB       0 rows
. . exported "SYSADM"."PS_CA_AP_FEE_ADJ_H"                   0 KB       0 rows
. . exported "SYSADM"."PS_CA_AP_FEE_WS_H"                    0 KB       0 rows
. . exported "SYSADM"."PS_CA_AP_PC_DFR_H"                    0 KB       0 rows
. . exported "SYSADM"."PS_CA_AP_TXN_DST_H"                   0 KB       0 rows
. . exported "SYSADM"."PS_CA_AP_TXN_UAR_H"                   0 KB       0 rows
. . exported "SYSADM"."PS_CA_BILLPLN_LA_H"                   0 KB       0 rows
. . exported "SYSADM"."PS_CA_BONUS_PENL_H"                   0 KB       0 rows
. . exported "SYSADM"."PS_CA_BP_CDATAXX_H"                   0 KB       0 rows
. . exported "SYSADM"."PS_CA_BP_EVT_LN_H"                    0 KB       0 rows
. . exported "SYSADM"."PS_CA_BP_EV_AMXX_H"                   0 KB       0 rows
. . exported "SYSADM"."PS_CA_BP_FEE_ADJ_H"                   0 KB       0 rows
. . exported "SYSADM"."PS_CA_BP_FEE_WS_H"                    0 KB       0 rows
. . exported "SYSADM"."PS_CA_DETAIL_APP_H"                   0 KB       0 rows
. . exported "SYSADM"."PS_CA_DETAIL_DC_H"                    0 KB       0 rows
. . exported "SYSADM"."PS_CA_DETAIL_DFR_H"                   0 KB       0 rows
. . exported "SYSADM"."PS_CA_DETAIL_LAN_H"                   0 KB       0 rows
. . exported "SYSADM"."PS_CA_DETAIL_PRI_H"                   0 KB       0 rows
. . exported "SYSADM"."PS_CA_DST_ERR_H"                      0 KB       0 rows
. . exported "SYSADM"."PS_CA_EARLY_OPTI_H"                   0 KB       0 rows
. . exported "SYSADM"."PS_CA_EMAIL_CON2_H"                   0 KB       0 rows
. . exported "SYSADM"."PS_CA_EMAIL_CONT_H"                   0 KB       0 rows
. . exported "SYSADM"."PS_CA_FC_MAIN_H"                      0 KB       0 rows
. . exported "SYSADM"."PS_CA_FC_STG_RUN_H"                   0 KB       0 rows
. . exported "SYSADM"."PS_CA_HDRRED_LAN_H"                   0 KB       0 rows
. . exported "SYSADM"."PS_CA_HDR_AE_ACC_H"                   0 KB       0 rows
. . exported "SYSADM"."PS_CA_HDR_COMM_H"                     0 KB       0 rows
. . exported "SYSADM"."PS_CA_HDR_DC_H"                       0 KB       0 rows
. . exported "SYSADM"."PS_CA_HREVRED_LG_H"                   0 KB       0 rows
. . exported "SYSADM"."PS_CA_LMT_TXN_H"                      0 KB       0 rows
. . exported "SYSADM"."PS_CA_LMT_TXN_LG_H"                   0 KB       0 rows
. . exported "SYSADM"."PS_CA_LNRED_LANG_H"                   0 KB       0 rows
. . exported "SYSADM"."PS_CA_LREVRED_LG_H"                   0 KB       0 rows
. . exported "SYSADM"."PS_CA_NOTE_DETAI_H"                   0 KB       0 rows
. . exported "SYSADM"."PS_CA_NOTE_TRANS_H"                   0 KB       0 rows
. . exported "SYSADM"."PS_CA_PGP_COSTS_H"                    0 KB       0 rows
. . exported "SYSADM"."PS_CA_PGP_PROJ_H"                     0 KB       0 rows
. . exported "SYSADM"."PS_CA_PGP_TERMS_H"                    0 KB       0 rows
. . exported "SYSADM"."PS_CA_PGP_WKS_H"                      0 KB       0 rows
. . exported "SYSADM"."PS_CA_PREPAID_AU_H"                   0 KB       0 rows
. . exported "SYSADM"."PS_CA_PROJ_SUMMA_H"                   0 KB       0 rows
. . exported "SYSADM"."PS_CA_RECON_SUM_H"                    0 KB       0 rows
. . exported "SYSADM"."PS_CA_RNWLNRE_LG_H"                   0 KB       0 rows
. . exported "SYSADM"."PS_CA_RNWLNRR_LG_H"                   0 KB       0 rows
. . exported "SYSADM"."PS_CA_RNW_APPLIE_H"                   0 KB       0 rows
. . exported "SYSADM"."PS_CA_RNW_LN_LIN_H"                   0 KB       0 rows
. . exported "SYSADM"."PS_CA_RNW_LN_RDS_H"                   0 KB       0 rows
. . exported "SYSADM"."PS_CA_RNW_LN_RED_H"                   0 KB       0 rows
. . exported "SYSADM"."PS_CA_SUPPORT_TE_H"                   0 KB       0 rows
. . exported "SYSADM"."PS_CA_WTH_RELEAS_H"                   0 KB       0 rows
. . exported "SYSADM"."PS_CA_WTH_REL_LA_H"                   0 KB       0 rows
. . exported "SYSADM"."PS_CA_WTH_TRM_LA_H"                   0 KB       0 rows
. . exported "SYSADM"."PS_CA_ACCTG_LN_P_H"               104.0 KB     282 rows
. . exported "SYSADM"."PS_BI_LN_TMP_XX_H"                113.1 MB 1043431 rows
Master table "SYS"."SYS_EXPORT_TABLE_05" successfully loaded/unloaded
******************************************************************************
Dump file set for SYS.SYS_EXPORT_TABLE_05 is:
  /backup/data_arch/CA_001/FS/CA_001_11-12-2025_1995_2000_01-May-2023_01-Mar-2024_FS_01.dmp
  /backup/data_arch/CA_001/FS/CA_001_11-12-2025_1995_2000_01-May-2023_01-Mar-2024_FS_02.dmp
  /backup/data_arch/CA_001/FS/CA_001_11-12-2025_1995_2000_01-May-2023_01-Mar-2024_FS_03.dmp
  /backup/data_arch/CA_001/FS/CA_001_11-12-2025_1995_2000_01-May-2023_01-Mar-2024_FS_04.dmp
  /backup/data_arch/CA_001/FS/CA_001_11-12-2025_1995_2000_01-May-2023_01-Mar-2024_FS_05.dmp
  /backup/data_arch/CA_001/FS/CA_001_11-12-2025_1995_2000_01-May-2023_01-Mar-2024_FS_06.dmp
  /backup/data_arch/CA_001/FS/CA_001_11-12-2025_1995_2000_01-May-2023_01-Mar-2024_FS_07.dmp
  /backup/data_arch/CA_001/FS/CA_001_11-12-2025_1995_2000_01-May-2023_01-Mar-2024_FS_08.dmp
  /backup/data_arch/CA_001/FS/CA_001_11-12-2025_1995_2000_01-May-2023_01-Mar-2024_FS_09.dmp
  /backup/data_arch/CA_001/FS/CA_001_11-12-2025_1995_2000_01-May-2023_01-Mar-2024_FS_10.dmp
  /backup/data_arch/CA_001/FS/CA_001_11-12-2025_1995_2000_01-May-2023_01-Mar-2024_FS_11.dmp
  /backup/data_arch/CA_001/FS/CA_001_11-12-2025_1995_2000_01-May-2023_01-Mar-2024_FS_12.dmp
  /backup/data_arch/CA_001/FS/CA_001_11-12-2025_1995_2000_01-May-2023_01-Mar-2024_FS_13.dmp
  /backup/data_arch/CA_001/FS/CA_001_11-12-2025_1995_2000_01-May-2023_01-Mar-2024_FS_14.dmp
  /backup/data_arch/CA_001/FS/CA_001_11-12-2025_1995_2000_01-May-2023_01-Mar-2024_FS_15.dmp
  /backup/data_arch/CA_001/FS/CA_001_11-12-2025_1995_2000_01-May-2023_01-Mar-2024_FS_16.dmp
  /backup/data_arch/CA_001/FS/CA_001_11-12-2025_1995_2000_01-May-2023_01-Mar-2024_FS_17.dmp
  /backup/data_arch/CA_001/FS/CA_001_11-12-2025_1995_2000_01-May-2023_01-Mar-2024_FS_18.dmp
  /backup/data_arch/CA_001/FS/CA_001_11-12-2025_1995_2000_01-May-2023_01-Mar-2024_FS_19.dmp
  /backup/data_arch/CA_001/FS/CA_001_11-12-2025_1995_2000_01-May-2023_01-Mar-2024_FS_20.dmp
  /backup/data_arch/CA_001/FS/CA_001_11-12-2025_1995_2000_01-May-2023_01-Mar-2024_FS_21.dmp
  /backup/data_arch/CA_001/FS/CA_001_11-12-2025_1995_2000_01-May-2023_01-Mar-2024_FS_22.dmp
  /backup/data_arch/CA_001/FS/CA_001_11-12-2025_1995_2000_01-May-2023_01-Mar-2024_FS_23.dmp
  /backup/data_arch/CA_001/FS/CA_001_11-12-2025_1995_2000_01-May-2023_01-Mar-2024_FS_24.dmp
  /backup/data_arch/CA_001/FS/CA_001_11-12-2025_1995_2000_01-May-2023_01-Mar-2024_FS_25.dmp
Job "SYS"."SYS_EXPORT_TABLE_05" successfully completed at Fri Dec 12 01:24:06 2025 elapsed 0 00:04:15

TEMPLATE_NAME:  CA_001
Error Count:  0
CURRENT DATE:  2025/12/12
Insert Data into PS_DATAMIN_EXPF_XX.

1 row created.


Commit complete.

Successful Export: Insert Done.
Template FSPRD-CA_001 successfully Exported, started at  Fri Dec 12 01:19:50 EST 2025 and finished at Fri Dec 12 01:24:11 EST 2025
----------------------------------------------------------------------------------------
Finished export of Template : CA_001
----------------------------------------------------------------------------------------
#########################################################################################
Beginning export of Template : CA_PD_XX
#########################################################################################
 
=> ( 1 ) CA_DETAIL_PRO_H : Get History Record Counts

1 row created.


Commit complete.

..Get TableSpace, Index & Index TableSpace

1 row created.


Commit complete.


Export: Release 19.0.0.0.0 - Production on Fri Dec 12 01:24:11 2025
Version 19.27.0.0.0

Copyright (c) 1982, 2019, Oracle and/or its affiliates.  All rights reserved.

Connected to: Oracle Database 19c Enterprise Edition Release 19.0.0.0.0 - Production
FLASHBACK automatically enabled to preserve database integrity.
Starting "SYS"."SYS_EXPORT_TABLE_05":  userid="/******** AS SYSDBA" directory=CA_PD_XX_FS dumpfile=CA_PD_XX_11-12-2025_1995_2000_01-May-2023_01-Mar-2024_FS_%U.dmp logfile=CA_PD_XX_11-12-2025_1995_2000_01-May-2023_01-Mar-2024_FS.log parallel=18 EXCLUDE=statistics EXCLUDE=TRIGGER ENCRYPTION=ALL ENCRYPTION_MODE=DUAL ENCRYPTION_ALGORITHM=AES256 ENCRYPTION_PASSWORD=******** FILESIZE=10G COMPRESSION=ALL TABLES=SYSADM.PS_CA_DETAIL_PRO_H QUERY=SYSADM.PS_CA_DETAIL_PRO_H:"WHERE PSARCH_ID='CA_PD_XX' AND PSARCH_BATCHNUM||PSARCH_ID IN (SELECT PSARCH_BATCHNUM||PSARCH_ID FROM SYSADM.PSARCHBATCH WHERE PSARCH_DTTM >= '01-May-2023' AND PSARCH_DTTM < '01-Mar-2024')" 
Processing object type TABLE_EXPORT/TABLE/PROCACT_INSTANCE
Processing object type TABLE_EXPORT/TABLE/TABLE
Processing object type TABLE_EXPORT/TABLE/GRANT/OWNER_GRANT/OBJECT_GRANT
Processing object type TABLE_EXPORT/TABLE/TABLE_DATA
. . exported "SYSADM"."PS_CA_DETAIL_PRO_H"               5.695 KB       0 rows
Processing object type TABLE_EXPORT/TABLE/INDEX/INDEX
Master table "SYS"."SYS_EXPORT_TABLE_05" successfully loaded/unloaded
******************************************************************************
Dump file set for SYS.SYS_EXPORT_TABLE_05 is:
  /backup/data_arch/CA_PD_XX/FS/CA_PD_XX_11-12-2025_1995_2000_01-May-2023_01-Mar-2024_FS_01.dmp
  /backup/data_arch/CA_PD_XX/FS/CA_PD_XX_11-12-2025_1995_2000_01-May-2023_01-Mar-2024_FS_02.dmp
  /backup/data_arch/CA_PD_XX/FS/CA_PD_XX_11-12-2025_1995_2000_01-May-2023_01-Mar-2024_FS_03.dmp
  /backup/data_arch/CA_PD_XX/FS/CA_PD_XX_11-12-2025_1995_2000_01-May-2023_01-Mar-2024_FS_04.dmp
  /backup/data_arch/CA_PD_XX/FS/CA_PD_XX_11-12-2025_1995_2000_01-May-2023_01-Mar-2024_FS_05.dmp
  /backup/data_arch/CA_PD_XX/FS/CA_PD_XX_11-12-2025_1995_2000_01-May-2023_01-Mar-2024_FS_06.dmp
  /backup/data_arch/CA_PD_XX/FS/CA_PD_XX_11-12-2025_1995_2000_01-May-2023_01-Mar-2024_FS_07.dmp
  /backup/data_arch/CA_PD_XX/FS/CA_PD_XX_11-12-2025_1995_2000_01-May-2023_01-Mar-2024_FS_08.dmp
  /backup/data_arch/CA_PD_XX/FS/CA_PD_XX_11-12-2025_1995_2000_01-May-2023_01-Mar-2024_FS_09.dmp
  /backup/data_arch/CA_PD_XX/FS/CA_PD_XX_11-12-2025_1995_2000_01-May-2023_01-Mar-2024_FS_10.dmp
Job "SYS"."SYS_EXPORT_TABLE_05" successfully completed at Fri Dec 12 01:25:05 2025 elapsed 0 00:00:53

TEMPLATE_NAME:  CA_PD_XX
Error Count:  0
CURRENT DATE:  2025/12/12
Insert Data into PS_DATAMIN_EXPF_XX.

1 row created.


Commit complete.

Successful Export: Insert Done.
Template FSPRD-CA_PD_XX successfully Exported, started at  Fri Dec 12 01:24:11 EST 2025 and finished at Fri Dec 12 01:25:10 EST 2025
----------------------------------------------------------------------------------------
Finished export of Template : CA_PD_XX
----------------------------------------------------------------------------------------
#########################################################################################
Beginning export of Template : CM_AS_XX
#########################################################################################
 
=> ( 1 ) TR_ATTACH_H_XX : Get History Record Counts

1 row created.


Commit complete.

..Get TableSpace, Index & Index TableSpace

2 rows created.


Commit complete.


Export: Release 19.0.0.0.0 - Production on Fri Dec 12 01:25:10 2025
Version 19.27.0.0.0

Copyright (c) 1982, 2019, Oracle and/or its affiliates.  All rights reserved.

Connected to: Oracle Database 19c Enterprise Edition Release 19.0.0.0.0 - Production
FLASHBACK automatically enabled to preserve database integrity.
Starting "SYS"."SYS_EXPORT_TABLE_05":  userid="/******** AS SYSDBA" directory=CM_AS_XX_FS dumpfile=CM_AS_XX_11-12-2025_1995_2000_01-May-2023_01-Mar-2024_FS_%U.dmp logfile=CM_AS_XX_11-12-2025_1995_2000_01-May-2023_01-Mar-2024_FS.log parallel=18 EXCLUDE=statistics EXCLUDE=TRIGGER ENCRYPTION=ALL ENCRYPTION_MODE=DUAL ENCRYPTION_ALGORITHM=AES256 ENCRYPTION_PASSWORD=******** FILESIZE=10G COMPRESSION=ALL TABLES=SYSADM.PS_TR_ATTACH_H_XX QUERY=SYSADM.PS_TR_ATTACH_H_XX:"WHERE PSARCH_ID='CM_AS_XX' AND PSARCH_BATCHNUM||PSARCH_ID IN (SELECT PSARCH_BATCHNUM||PSARCH_ID FROM SYSADM.PSARCHBATCH WHERE PSARCH_DTTM >= '01-May-2023' AND PSARCH_DTTM < '01-Mar-2024')" 
Processing object type TABLE_EXPORT/TABLE/PROCACT_INSTANCE
Processing object type TABLE_EXPORT/TABLE/TABLE
Processing object type TABLE_EXPORT/TABLE/GRANT/OWNER_GRANT/OBJECT_GRANT
Processing object type TABLE_EXPORT/TABLE/TABLE_DATA
. . exported "SYSADM"."PS_TR_ATTACH_H_XX"                5.375 KB       0 rows
Processing object type TABLE_EXPORT/TABLE/INDEX/INDEX
Master table "SYS"."SYS_EXPORT_TABLE_05" successfully loaded/unloaded
******************************************************************************
Dump file set for SYS.SYS_EXPORT_TABLE_05 is:
  /backup/data_arch/CM_AS_XX/FS/CM_AS_XX_11-12-2025_1995_2000_01-May-2023_01-Mar-2024_FS_01.dmp
  /backup/data_arch/CM_AS_XX/FS/CM_AS_XX_11-12-2025_1995_2000_01-May-2023_01-Mar-2024_FS_02.dmp
  /backup/data_arch/CM_AS_XX/FS/CM_AS_XX_11-12-2025_1995_2000_01-May-2023_01-Mar-2024_FS_03.dmp
  /backup/data_arch/CM_AS_XX/FS/CM_AS_XX_11-12-2025_1995_2000_01-May-2023_01-Mar-2024_FS_04.dmp
  /backup/data_arch/CM_AS_XX/FS/CM_AS_XX_11-12-2025_1995_2000_01-May-2023_01-Mar-2024_FS_05.dmp
  /backup/data_arch/CM_AS_XX/FS/CM_AS_XX_11-12-2025_1995_2000_01-May-2023_01-Mar-2024_FS_06.dmp
  /backup/data_arch/CM_AS_XX/FS/CM_AS_XX_11-12-2025_1995_2000_01-May-2023_01-Mar-2024_FS_07.dmp
  /backup/data_arch/CM_AS_XX/FS/CM_AS_XX_11-12-2025_1995_2000_01-May-2023_01-Mar-2024_FS_08.dmp
  /backup/data_arch/CM_AS_XX/FS/CM_AS_XX_11-12-2025_1995_2000_01-May-2023_01-Mar-2024_FS_09.dmp
  /backup/data_arch/CM_AS_XX/FS/CM_AS_XX_11-12-2025_1995_2000_01-May-2023_01-Mar-2024_FS_10.dmp
Job "SYS"."SYS_EXPORT_TABLE_05" successfully completed at Fri Dec 12 01:26:02 2025 elapsed 0 00:00:51

TEMPLATE_NAME:  CM_AS_XX
Error Count:  0
CURRENT DATE:  2025/12/12
Insert Data into PS_DATAMIN_EXPF_XX.

1 row created.


Commit complete.

Successful Export: Insert Done.
Template FSPRD-CM_AS_XX successfully Exported, started at  Fri Dec 12 01:25:10 EST 2025 and finished at Fri Dec 12 01:26:04 EST 2025
----------------------------------------------------------------------------------------
Finished export of Template : CM_AS_XX
----------------------------------------------------------------------------------------
#########################################################################################
Beginning export of Template : CM_BS_XX
#########################################################################################
 
=> ( 1 ) BANK_BAL_H_XX : Get History Record Counts

1 row created.


Commit complete.

..Get TableSpace, Index & Index TableSpace

1 row created.


Commit complete.


Export: Release 19.0.0.0.0 - Production on Fri Dec 12 01:26:04 2025
Version 19.27.0.0.0

Copyright (c) 1982, 2019, Oracle and/or its affiliates.  All rights reserved.

Connected to: Oracle Database 19c Enterprise Edition Release 19.0.0.0.0 - Production
FLASHBACK automatically enabled to preserve database integrity.
Starting "SYS"."SYS_EXPORT_TABLE_05":  userid="/******** AS SYSDBA" directory=CM_BS_XX_FS dumpfile=CM_BS_XX_11-12-2025_1995_2000_01-May-2023_01-Mar-2024_FS_%U.dmp logfile=CM_BS_XX_11-12-2025_1995_2000_01-May-2023_01-Mar-2024_FS.log parallel=18 EXCLUDE=statistics EXCLUDE=TRIGGER ENCRYPTION=ALL ENCRYPTION_MODE=DUAL ENCRYPTION_ALGORITHM=AES256 ENCRYPTION_PASSWORD=******** FILESIZE=10G COMPRESSION=ALL TABLES=SYSADM.PS_BANK_BAL_H_XX QUERY=SYSADM.PS_BANK_BAL_H_XX:"WHERE PSARCH_ID='CM_BS_XX' AND PSARCH_BATCHNUM||PSARCH_ID IN (SELECT PSARCH_BATCHNUM||PSARCH_ID FROM SYSADM.PSARCHBATCH WHERE PSARCH_DTTM >= '01-May-2023' AND PSARCH_DTTM < '01-Mar-2024')" 
Processing object type TABLE_EXPORT/TABLE/PROCACT_INSTANCE
Processing object type TABLE_EXPORT/TABLE/TABLE
Processing object type TABLE_EXPORT/TABLE/GRANT/OWNER_GRANT/OBJECT_GRANT
Processing object type TABLE_EXPORT/TABLE/TABLE_DATA
. . exported "SYSADM"."PS_BANK_BAL_H_XX"                 5.804 KB       0 rows
Processing object type TABLE_EXPORT/TABLE/INDEX/INDEX
Master table "SYS"."SYS_EXPORT_TABLE_05" successfully loaded/unloaded
******************************************************************************
Dump file set for SYS.SYS_EXPORT_TABLE_05 is:
  /backup/data_arch/CM_BS_XX/FS/CM_BS_XX_11-12-2025_1995_2000_01-May-2023_01-Mar-2024_FS_01.dmp
  /backup/data_arch/CM_BS_XX/FS/CM_BS_XX_11-12-2025_1995_2000_01-May-2023_01-Mar-2024_FS_02.dmp
  /backup/data_arch/CM_BS_XX/FS/CM_BS_XX_11-12-2025_1995_2000_01-May-2023_01-Mar-2024_FS_03.dmp
  /backup/data_arch/CM_BS_XX/FS/CM_BS_XX_11-12-2025_1995_2000_01-May-2023_01-Mar-2024_FS_04.dmp
  /backup/data_arch/CM_BS_XX/FS/CM_BS_XX_11-12-2025_1995_2000_01-May-2023_01-Mar-2024_FS_05.dmp
  /backup/data_arch/CM_BS_XX/FS/CM_BS_XX_11-12-2025_1995_2000_01-May-2023_01-Mar-2024_FS_06.dmp
  /backup/data_arch/CM_BS_XX/FS/CM_BS_XX_11-12-2025_1995_2000_01-May-2023_01-Mar-2024_FS_07.dmp
  /backup/data_arch/CM_BS_XX/FS/CM_BS_XX_11-12-2025_1995_2000_01-May-2023_01-Mar-2024_FS_08.dmp
  /backup/data_arch/CM_BS_XX/FS/CM_BS_XX_11-12-2025_1995_2000_01-May-2023_01-Mar-2024_FS_09.dmp
  /backup/data_arch/CM_BS_XX/FS/CM_BS_XX_11-12-2025_1995_2000_01-May-2023_01-Mar-2024_FS_10.dmp
Job "SYS"."SYS_EXPORT_TABLE_05" successfully completed at Fri Dec 12 01:26:58 2025 elapsed 0 00:00:53

TEMPLATE_NAME:  CM_BS_XX
Error Count:  0
CURRENT DATE:  2025/12/12
Insert Data into PS_DATAMIN_EXPF_XX.

1 row created.


Commit complete.

Successful Export: Insert Done.
Template FSPRD-CM_BS_XX successfully Exported, started at  Fri Dec 12 01:26:04 EST 2025 and finished at Fri Dec 12 01:27:04 EST 2025
----------------------------------------------------------------------------------------
Finished export of Template : CM_BS_XX
----------------------------------------------------------------------------------------
#########################################################################################
Beginning export of Template : CM_EP_XX
#########################################################################################
 
=> ( 1 ) BNK_EXCP_H_XX : Get History Record Counts

1 row created.


Commit complete.

..Get TableSpace, Index & Index TableSpace

1 row created.


Commit complete.


Export: Release 19.0.0.0.0 - Production on Fri Dec 12 01:27:04 2025
Version 19.27.0.0.0

Copyright (c) 1982, 2019, Oracle and/or its affiliates.  All rights reserved.

Connected to: Oracle Database 19c Enterprise Edition Release 19.0.0.0.0 - Production
FLASHBACK automatically enabled to preserve database integrity.
Starting "SYS"."SYS_EXPORT_TABLE_05":  userid="/******** AS SYSDBA" directory=CM_EP_XX_FS dumpfile=CM_EP_XX_11-12-2025_1995_2000_01-May-2023_01-Mar-2024_FS_%U.dmp logfile=CM_EP_XX_11-12-2025_1995_2000_01-May-2023_01-Mar-2024_FS.log parallel=18 EXCLUDE=statistics EXCLUDE=TRIGGER ENCRYPTION=ALL ENCRYPTION_MODE=DUAL ENCRYPTION_ALGORITHM=AES256 ENCRYPTION_PASSWORD=******** FILESIZE=10G COMPRESSION=ALL TABLES=SYSADM.PS_BNK_EXCP_H_XX QUERY=SYSADM.PS_BNK_EXCP_H_XX:"WHERE PSARCH_ID='CM_EP_XX' AND PSARCH_BATCHNUM||PSARCH_ID IN (SELECT PSARCH_BATCHNUM||PSARCH_ID FROM SYSADM.PSARCHBATCH WHERE PSARCH_DTTM >= '01-May-2023' AND PSARCH_DTTM < '01-Mar-2024')" 
Processing object type TABLE_EXPORT/TABLE/PROCACT_INSTANCE
Processing object type TABLE_EXPORT/TABLE/TABLE
Processing object type TABLE_EXPORT/TABLE/GRANT/OWNER_GRANT/OBJECT_GRANT
Processing object type TABLE_EXPORT/TABLE/TABLE_DATA
. . exported "SYSADM"."PS_BNK_EXCP_H_XX"                 185.8 KB   14725 rows
Processing object type TABLE_EXPORT/TABLE/INDEX/INDEX
Master table "SYS"."SYS_EXPORT_TABLE_05" successfully loaded/unloaded
******************************************************************************
Dump file set for SYS.SYS_EXPORT_TABLE_05 is:
  /backup/data_arch/CM_EP_XX/FS/CM_EP_XX_11-12-2025_1995_2000_01-May-2023_01-Mar-2024_FS_01.dmp
  /backup/data_arch/CM_EP_XX/FS/CM_EP_XX_11-12-2025_1995_2000_01-May-2023_01-Mar-2024_FS_02.dmp
  /backup/data_arch/CM_EP_XX/FS/CM_EP_XX_11-12-2025_1995_2000_01-May-2023_01-Mar-2024_FS_03.dmp
  /backup/data_arch/CM_EP_XX/FS/CM_EP_XX_11-12-2025_1995_2000_01-May-2023_01-Mar-2024_FS_04.dmp
  /backup/data_arch/CM_EP_XX/FS/CM_EP_XX_11-12-2025_1995_2000_01-May-2023_01-Mar-2024_FS_05.dmp
  /backup/data_arch/CM_EP_XX/FS/CM_EP_XX_11-12-2025_1995_2000_01-May-2023_01-Mar-2024_FS_06.dmp
  /backup/data_arch/CM_EP_XX/FS/CM_EP_XX_11-12-2025_1995_2000_01-May-2023_01-Mar-2024_FS_07.dmp
  /backup/data_arch/CM_EP_XX/FS/CM_EP_XX_11-12-2025_1995_2000_01-May-2023_01-Mar-2024_FS_08.dmp
  /backup/data_arch/CM_EP_XX/FS/CM_EP_XX_11-12-2025_1995_2000_01-May-2023_01-Mar-2024_FS_09.dmp
  /backup/data_arch/CM_EP_XX/FS/CM_EP_XX_11-12-2025_1995_2000_01-May-2023_01-Mar-2024_FS_10.dmp
Job "SYS"."SYS_EXPORT_TABLE_05" successfully completed at Fri Dec 12 01:27:59 2025 elapsed 0 00:00:54

TEMPLATE_NAME:  CM_EP_XX
Error Count:  0
CURRENT DATE:  2025/12/12
Insert Data into PS_DATAMIN_EXPF_XX.

1 row created.


Commit complete.

Successful Export: Insert Done.
Template FSPRD-CM_EP_XX successfully Exported, started at  Fri Dec 12 01:27:04 EST 2025 and finished at Fri Dec 12 01:28:04 EST 2025
----------------------------------------------------------------------------------------
Finished export of Template : CM_EP_XX
----------------------------------------------------------------------------------------
#########################################################################################
Beginning export of Template : CM_FD_XX
#########################################################################################
 
=> ( 1 ) CSH_CST_DTL_HXX : Get History Record Counts

1 row created.


Commit complete.

..Get TableSpace, Index & Index TableSpace

1 row created.


Commit complete.


Export: Release 19.0.0.0.0 - Production on Fri Dec 12 01:28:06 2025
Version 19.27.0.0.0

Copyright (c) 1982, 2019, Oracle and/or its affiliates.  All rights reserved.

Connected to: Oracle Database 19c Enterprise Edition Release 19.0.0.0.0 - Production
FLASHBACK automatically enabled to preserve database integrity.
Starting "SYS"."SYS_EXPORT_TABLE_05":  userid="/******** AS SYSDBA" directory=CM_FD_XX_FS dumpfile=CM_FD_XX_11-12-2025_1995_2000_01-May-2023_01-Mar-2024_FS_%U.dmp logfile=CM_FD_XX_11-12-2025_1995_2000_01-May-2023_01-Mar-2024_FS.log parallel=18 EXCLUDE=statistics EXCLUDE=TRIGGER ENCRYPTION=ALL ENCRYPTION_MODE=DUAL ENCRYPTION_ALGORITHM=AES256 ENCRYPTION_PASSWORD=******** FILESIZE=10G COMPRESSION=ALL TABLES=SYSADM.PS_CSH_CST_DTL_HXX QUERY=SYSADM.PS_CSH_CST_DTL_HXX:"WHERE PSARCH_ID='CM_FD_XX' AND PSARCH_BATCHNUM||PSARCH_ID IN (SELECT PSARCH_BATCHNUM||PSARCH_ID FROM SYSADM.PSARCHBATCH WHERE PSARCH_DTTM >= '01-May-2023' AND PSARCH_DTTM < '01-Mar-2024')" 
Processing object type TABLE_EXPORT/TABLE/PROCACT_INSTANCE
Processing object type TABLE_EXPORT/TABLE/TABLE
Processing object type TABLE_EXPORT/TABLE/GRANT/OWNER_GRANT/OBJECT_GRANT
Processing object type TABLE_EXPORT/TABLE/TABLE_DATA
. . exported "SYSADM"."PS_CSH_CST_DTL_HXX"                   0 KB       0 rows
Processing object type TABLE_EXPORT/TABLE/INDEX/INDEX
Master table "SYS"."SYS_EXPORT_TABLE_05" successfully loaded/unloaded
******************************************************************************
Dump file set for SYS.SYS_EXPORT_TABLE_05 is:
  /backup/data_arch/CM_FD_XX/FS/CM_FD_XX_11-12-2025_1995_2000_01-May-2023_01-Mar-2024_FS_01.dmp
  /backup/data_arch/CM_FD_XX/FS/CM_FD_XX_11-12-2025_1995_2000_01-May-2023_01-Mar-2024_FS_02.dmp
  /backup/data_arch/CM_FD_XX/FS/CM_FD_XX_11-12-2025_1995_2000_01-May-2023_01-Mar-2024_FS_03.dmp
  /backup/data_arch/CM_FD_XX/FS/CM_FD_XX_11-12-2025_1995_2000_01-May-2023_01-Mar-2024_FS_04.dmp
  /backup/data_arch/CM_FD_XX/FS/CM_FD_XX_11-12-2025_1995_2000_01-May-2023_01-Mar-2024_FS_05.dmp
  /backup/data_arch/CM_FD_XX/FS/CM_FD_XX_11-12-2025_1995_2000_01-May-2023_01-Mar-2024_FS_06.dmp
  /backup/data_arch/CM_FD_XX/FS/CM_FD_XX_11-12-2025_1995_2000_01-May-2023_01-Mar-2024_FS_07.dmp
  /backup/data_arch/CM_FD_XX/FS/CM_FD_XX_11-12-2025_1995_2000_01-May-2023_01-Mar-2024_FS_08.dmp
  /backup/data_arch/CM_FD_XX/FS/CM_FD_XX_11-12-2025_1995_2000_01-May-2023_01-Mar-2024_FS_09.dmp
Job "SYS"."SYS_EXPORT_TABLE_05" successfully completed at Fri Dec 12 01:29:00 2025 elapsed 0 00:00:54

TEMPLATE_NAME:  CM_FD_XX
Error Count:  0
CURRENT DATE:  2025/12/12
Insert Data into PS_DATAMIN_EXPF_XX.

1 row created.


Commit complete.

Successful Export: Insert Done.
Template FSPRD-CM_FD_XX successfully Exported, started at  Fri Dec 12 01:28:06 EST 2025 and finished at Fri Dec 12 01:29:05 EST 2025
----------------------------------------------------------------------------------------
Finished export of Template : CM_FD_XX
----------------------------------------------------------------------------------------
#########################################################################################
Beginning export of Template : CM_FS_XX
#########################################################################################
 
=> ( 1 ) CSH_CST_SUM_HXX : Get History Record Counts

1 row created.


Commit complete.

..Get TableSpace, Index & Index TableSpace

1 row created.


Commit complete.


Export: Release 19.0.0.0.0 - Production on Fri Dec 12 01:29:05 2025
Version 19.27.0.0.0

Copyright (c) 1982, 2019, Oracle and/or its affiliates.  All rights reserved.

Connected to: Oracle Database 19c Enterprise Edition Release 19.0.0.0.0 - Production
FLASHBACK automatically enabled to preserve database integrity.
Starting "SYS"."SYS_EXPORT_TABLE_05":  userid="/******** AS SYSDBA" directory=CM_FS_XX_FS dumpfile=CM_FS_XX_11-12-2025_1995_2000_01-May-2023_01-Mar-2024_FS_%U.dmp logfile=CM_FS_XX_11-12-2025_1995_2000_01-May-2023_01-Mar-2024_FS.log parallel=18 EXCLUDE=statistics EXCLUDE=TRIGGER ENCRYPTION=ALL ENCRYPTION_MODE=DUAL ENCRYPTION_ALGORITHM=AES256 ENCRYPTION_PASSWORD=******** FILESIZE=10G COMPRESSION=ALL TABLES=SYSADM.PS_CSH_CST_SUM_HXX QUERY=SYSADM.PS_CSH_CST_SUM_HXX:"WHERE PSARCH_ID='CM_FS_XX' AND PSARCH_BATCHNUM||PSARCH_ID IN (SELECT PSARCH_BATCHNUM||PSARCH_ID FROM SYSADM.PSARCHBATCH WHERE PSARCH_DTTM >= '01-May-2023' AND PSARCH_DTTM < '01-Mar-2024')" 
Processing object type TABLE_EXPORT/TABLE/PROCACT_INSTANCE
Processing object type TABLE_EXPORT/TABLE/TABLE
Processing object type TABLE_EXPORT/TABLE/GRANT/OWNER_GRANT/OBJECT_GRANT
Processing object type TABLE_EXPORT/TABLE/TABLE_DATA
. . exported "SYSADM"."PS_CSH_CST_SUM_HXX"                   0 KB       0 rows
Processing object type TABLE_EXPORT/TABLE/INDEX/INDEX
Master table "SYS"."SYS_EXPORT_TABLE_05" successfully loaded/unloaded
******************************************************************************
Dump file set for SYS.SYS_EXPORT_TABLE_05 is:
  /backup/data_arch/CM_FS_XX/FS/CM_FS_XX_11-12-2025_1995_2000_01-May-2023_01-Mar-2024_FS_01.dmp
  /backup/data_arch/CM_FS_XX/FS/CM_FS_XX_11-12-2025_1995_2000_01-May-2023_01-Mar-2024_FS_02.dmp
  /backup/data_arch/CM_FS_XX/FS/CM_FS_XX_11-12-2025_1995_2000_01-May-2023_01-Mar-2024_FS_03.dmp
  /backup/data_arch/CM_FS_XX/FS/CM_FS_XX_11-12-2025_1995_2000_01-May-2023_01-Mar-2024_FS_04.dmp
  /backup/data_arch/CM_FS_XX/FS/CM_FS_XX_11-12-2025_1995_2000_01-May-2023_01-Mar-2024_FS_05.dmp
  /backup/data_arch/CM_FS_XX/FS/CM_FS_XX_11-12-2025_1995_2000_01-May-2023_01-Mar-2024_FS_06.dmp
  /backup/data_arch/CM_FS_XX/FS/CM_FS_XX_11-12-2025_1995_2000_01-May-2023_01-Mar-2024_FS_07.dmp
  /backup/data_arch/CM_FS_XX/FS/CM_FS_XX_11-12-2025_1995_2000_01-May-2023_01-Mar-2024_FS_08.dmp
  /backup/data_arch/CM_FS_XX/FS/CM_FS_XX_11-12-2025_1995_2000_01-May-2023_01-Mar-2024_FS_09.dmp
Job "SYS"."SYS_EXPORT_TABLE_05" successfully completed at Fri Dec 12 01:29:58 2025 elapsed 0 00:00:52

TEMPLATE_NAME:  CM_FS_XX
Error Count:  0
CURRENT DATE:  2025/12/12
Insert Data into PS_DATAMIN_EXPF_XX.

1 row created.


Commit complete.

Successful Export: Insert Done.
Template FSPRD-CM_FS_XX successfully Exported, started at  Fri Dec 12 01:29:05 EST 2025 and finished at Fri Dec 12 01:30:04 EST 2025
----------------------------------------------------------------------------------------
Finished export of Template : CM_FS_XX
----------------------------------------------------------------------------------------
#########################################################################################
Beginning export of Template : CM_FW_XX
#########################################################################################
 
=> ( 1 ) CASH_FLW_TR_HXX : Get History Record Counts

1 row created.


Commit complete.

..Get TableSpace, Index & Index TableSpace

1 row created.


Commit complete.


Export: Release 19.0.0.0.0 - Production on Fri Dec 12 01:30:05 2025
Version 19.27.0.0.0

Copyright (c) 1982, 2019, Oracle and/or its affiliates.  All rights reserved.

Connected to: Oracle Database 19c Enterprise Edition Release 19.0.0.0.0 - Production
FLASHBACK automatically enabled to preserve database integrity.
Starting "SYS"."SYS_EXPORT_TABLE_05":  userid="/******** AS SYSDBA" directory=CM_FW_XX_FS dumpfile=CM_FW_XX_11-12-2025_1995_2000_01-May-2023_01-Mar-2024_FS_%U.dmp logfile=CM_FW_XX_11-12-2025_1995_2000_01-May-2023_01-Mar-2024_FS.log parallel=18 EXCLUDE=statistics EXCLUDE=TRIGGER ENCRYPTION=ALL ENCRYPTION_MODE=DUAL ENCRYPTION_ALGORITHM=AES256 ENCRYPTION_PASSWORD=******** FILESIZE=10G COMPRESSION=ALL TABLES=SYSADM.PS_CASH_FLW_TR_HXX QUERY=SYSADM.PS_CASH_FLW_TR_HXX:"WHERE PSARCH_ID='CM_FW_XX' AND PSARCH_BATCHNUM||PSARCH_ID IN (SELECT PSARCH_BATCHNUM||PSARCH_ID FROM SYSADM.PSARCHBATCH WHERE PSARCH_DTTM >= '01-May-2023' AND PSARCH_DTTM < '01-Mar-2024')" 
Processing object type TABLE_EXPORT/TABLE/PROCACT_INSTANCE
Processing object type TABLE_EXPORT/TABLE/TABLE
Processing object type TABLE_EXPORT/TABLE/GRANT/OWNER_GRANT/OBJECT_GRANT
Processing object type TABLE_EXPORT/TABLE/TABLE_DATA
. . exported "SYSADM"."PS_CASH_FLW_TR_HXX"                   0 KB       0 rows
Processing object type TABLE_EXPORT/TABLE/INDEX/INDEX
Master table "SYS"."SYS_EXPORT_TABLE_05" successfully loaded/unloaded
******************************************************************************
Dump file set for SYS.SYS_EXPORT_TABLE_05 is:
  /backup/data_arch/CM_FW_XX/FS/CM_FW_XX_11-12-2025_1995_2000_01-May-2023_01-Mar-2024_FS_01.dmp
  /backup/data_arch/CM_FW_XX/FS/CM_FW_XX_11-12-2025_1995_2000_01-May-2023_01-Mar-2024_FS_02.dmp
  /backup/data_arch/CM_FW_XX/FS/CM_FW_XX_11-12-2025_1995_2000_01-May-2023_01-Mar-2024_FS_03.dmp
  /backup/data_arch/CM_FW_XX/FS/CM_FW_XX_11-12-2025_1995_2000_01-May-2023_01-Mar-2024_FS_04.dmp
  /backup/data_arch/CM_FW_XX/FS/CM_FW_XX_11-12-2025_1995_2000_01-May-2023_01-Mar-2024_FS_05.dmp
  /backup/data_arch/CM_FW_XX/FS/CM_FW_XX_11-12-2025_1995_2000_01-May-2023_01-Mar-2024_FS_06.dmp
  /backup/data_arch/CM_FW_XX/FS/CM_FW_XX_11-12-2025_1995_2000_01-May-2023_01-Mar-2024_FS_07.dmp
  /backup/data_arch/CM_FW_XX/FS/CM_FW_XX_11-12-2025_1995_2000_01-May-2023_01-Mar-2024_FS_08.dmp
  /backup/data_arch/CM_FW_XX/FS/CM_FW_XX_11-12-2025_1995_2000_01-May-2023_01-Mar-2024_FS_09.dmp
Job "SYS"."SYS_EXPORT_TABLE_05" successfully completed at Fri Dec 12 01:31:01 2025 elapsed 0 00:00:54

TEMPLATE_NAME:  CM_FW_XX
Error Count:  0
CURRENT DATE:  2025/12/12
Insert Data into PS_DATAMIN_EXPF_XX.

1 row created.


Commit complete.

Successful Export: Insert Done.
Template FSPRD-CM_FW_XX successfully Exported, started at  Fri Dec 12 01:30:05 EST 2025 and finished at Fri Dec 12 01:31:05 EST 2025
----------------------------------------------------------------------------------------
Finished export of Template : CM_FW_XX
----------------------------------------------------------------------------------------
#########################################################################################
Beginning export of Template : CM_NP_XX
#########################################################################################
 
=> ( 1 ) BANK_NON_PD_HXX : Get History Record Counts

1 row created.


Commit complete.

..Get TableSpace, Index & Index TableSpace

1 row created.


Commit complete.


Export: Release 19.0.0.0.0 - Production on Fri Dec 12 01:31:05 2025
Version 19.27.0.0.0

Copyright (c) 1982, 2019, Oracle and/or its affiliates.  All rights reserved.

Connected to: Oracle Database 19c Enterprise Edition Release 19.0.0.0.0 - Production
FLASHBACK automatically enabled to preserve database integrity.
Starting "SYS"."SYS_EXPORT_TABLE_05":  userid="/******** AS SYSDBA" directory=CM_NP_XX_FS dumpfile=CM_NP_XX_11-12-2025_1995_2000_01-May-2023_01-Mar-2024_FS_%U.dmp logfile=CM_NP_XX_11-12-2025_1995_2000_01-May-2023_01-Mar-2024_FS.log parallel=18 EXCLUDE=statistics EXCLUDE=TRIGGER ENCRYPTION=ALL ENCRYPTION_MODE=DUAL ENCRYPTION_ALGORITHM=AES256 ENCRYPTION_PASSWORD=******** FILESIZE=10G COMPRESSION=ALL TABLES=SYSADM.PS_BANK_NON_PD_HXX QUERY=SYSADM.PS_BANK_NON_PD_HXX:"WHERE PSARCH_ID='CM_NP_XX' AND PSARCH_BATCHNUM||PSARCH_ID IN (SELECT PSARCH_BATCHNUM||PSARCH_ID FROM SYSADM.PSARCHBATCH WHERE PSARCH_DTTM >= '01-May-2023' AND PSARCH_DTTM < '01-Mar-2024')" 
Processing object type TABLE_EXPORT/TABLE/PROCACT_INSTANCE
Processing object type TABLE_EXPORT/TABLE/TABLE
Processing object type TABLE_EXPORT/TABLE/GRANT/OWNER_GRANT/OBJECT_GRANT
Processing object type TABLE_EXPORT/TABLE/TABLE_DATA
. . exported "SYSADM"."PS_BANK_NON_PD_HXX"                   0 KB       0 rows
Processing object type TABLE_EXPORT/TABLE/INDEX/INDEX
Master table "SYS"."SYS_EXPORT_TABLE_05" successfully loaded/unloaded
******************************************************************************
Dump file set for SYS.SYS_EXPORT_TABLE_05 is:
  /backup/data_arch/CM_NP_XX/FS/CM_NP_XX_11-12-2025_1995_2000_01-May-2023_01-Mar-2024_FS_01.dmp
  /backup/data_arch/CM_NP_XX/FS/CM_NP_XX_11-12-2025_1995_2000_01-May-2023_01-Mar-2024_FS_02.dmp
  /backup/data_arch/CM_NP_XX/FS/CM_NP_XX_11-12-2025_1995_2000_01-May-2023_01-Mar-2024_FS_03.dmp
  /backup/data_arch/CM_NP_XX/FS/CM_NP_XX_11-12-2025_1995_2000_01-May-2023_01-Mar-2024_FS_04.dmp
  /backup/data_arch/CM_NP_XX/FS/CM_NP_XX_11-12-2025_1995_2000_01-May-2023_01-Mar-2024_FS_05.dmp
  /backup/data_arch/CM_NP_XX/FS/CM_NP_XX_11-12-2025_1995_2000_01-May-2023_01-Mar-2024_FS_06.dmp
  /backup/data_arch/CM_NP_XX/FS/CM_NP_XX_11-12-2025_1995_2000_01-May-2023_01-Mar-2024_FS_07.dmp
  /backup/data_arch/CM_NP_XX/FS/CM_NP_XX_11-12-2025_1995_2000_01-May-2023_01-Mar-2024_FS_08.dmp
  /backup/data_arch/CM_NP_XX/FS/CM_NP_XX_11-12-2025_1995_2000_01-May-2023_01-Mar-2024_FS_09.dmp
Job "SYS"."SYS_EXPORT_TABLE_05" successfully completed at Fri Dec 12 01:31:57 2025 elapsed 0 00:00:51

TEMPLATE_NAME:  CM_NP_XX
Error Count:  0
CURRENT DATE:  2025/12/12
Insert Data into PS_DATAMIN_EXPF_XX.

1 row created.


Commit complete.

Successful Export: Insert Done.
Template FSPRD-CM_NP_XX successfully Exported, started at  Fri Dec 12 01:31:05 EST 2025 and finished at Fri Dec 12 01:32:00 EST 2025
----------------------------------------------------------------------------------------
Finished export of Template : CM_NP_XX
----------------------------------------------------------------------------------------
#########################################################################################
Beginning export of Template : CM_SD_XX
#########################################################################################
 
=> ( 1 ) BANK_SDSTMT_HXX : Get History Record Counts

1 row created.


Commit complete.

..Get TableSpace, Index & Index TableSpace

2 rows created.


Commit complete.


Export: Release 19.0.0.0.0 - Production on Fri Dec 12 01:32:00 2025
Version 19.27.0.0.0

Copyright (c) 1982, 2019, Oracle and/or its affiliates.  All rights reserved.

Connected to: Oracle Database 19c Enterprise Edition Release 19.0.0.0.0 - Production
FLASHBACK automatically enabled to preserve database integrity.
Starting "SYS"."SYS_EXPORT_TABLE_05":  userid="/******** AS SYSDBA" directory=CM_SD_XX_FS dumpfile=CM_SD_XX_11-12-2025_1995_2000_01-May-2023_01-Mar-2024_FS_%U.dmp logfile=CM_SD_XX_11-12-2025_1995_2000_01-May-2023_01-Mar-2024_FS.log parallel=18 EXCLUDE=statistics EXCLUDE=TRIGGER ENCRYPTION=ALL ENCRYPTION_MODE=DUAL ENCRYPTION_ALGORITHM=AES256 ENCRYPTION_PASSWORD=******** FILESIZE=10G COMPRESSION=ALL TABLES=SYSADM.PS_BANK_SDSTMT_HXX QUERY=SYSADM.PS_BANK_SDSTMT_HXX:"WHERE PSARCH_ID='CM_SD_XX' AND PSARCH_BATCHNUM||PSARCH_ID IN (SELECT PSARCH_BATCHNUM||PSARCH_ID FROM SYSADM.PSARCHBATCH WHERE PSARCH_DTTM >= '01-May-2023' AND PSARCH_DTTM < '01-Mar-2024')" 
Processing object type TABLE_EXPORT/TABLE/PROCACT_INSTANCE
Processing object type TABLE_EXPORT/TABLE/TABLE
Processing object type TABLE_EXPORT/TABLE/GRANT/OWNER_GRANT/OBJECT_GRANT
Processing object type TABLE_EXPORT/TABLE/TABLE_DATA
. . exported "SYSADM"."PS_BANK_SDSTMT_HXX"                   0 KB       0 rows
Processing object type TABLE_EXPORT/TABLE/INDEX/INDEX
Master table "SYS"."SYS_EXPORT_TABLE_05" successfully loaded/unloaded
******************************************************************************
Dump file set for SYS.SYS_EXPORT_TABLE_05 is:
  /backup/data_arch/CM_SD_XX/FS/CM_SD_XX_11-12-2025_1995_2000_01-May-2023_01-Mar-2024_FS_01.dmp
  /backup/data_arch/CM_SD_XX/FS/CM_SD_XX_11-12-2025_1995_2000_01-May-2023_01-Mar-2024_FS_02.dmp
  /backup/data_arch/CM_SD_XX/FS/CM_SD_XX_11-12-2025_1995_2000_01-May-2023_01-Mar-2024_FS_03.dmp
  /backup/data_arch/CM_SD_XX/FS/CM_SD_XX_11-12-2025_1995_2000_01-May-2023_01-Mar-2024_FS_04.dmp
  /backup/data_arch/CM_SD_XX/FS/CM_SD_XX_11-12-2025_1995_2000_01-May-2023_01-Mar-2024_FS_05.dmp
  /backup/data_arch/CM_SD_XX/FS/CM_SD_XX_11-12-2025_1995_2000_01-May-2023_01-Mar-2024_FS_06.dmp
  /backup/data_arch/CM_SD_XX/FS/CM_SD_XX_11-12-2025_1995_2000_01-May-2023_01-Mar-2024_FS_07.dmp
  /backup/data_arch/CM_SD_XX/FS/CM_SD_XX_11-12-2025_1995_2000_01-May-2023_01-Mar-2024_FS_08.dmp
  /backup/data_arch/CM_SD_XX/FS/CM_SD_XX_11-12-2025_1995_2000_01-May-2023_01-Mar-2024_FS_09.dmp
Job "SYS"."SYS_EXPORT_TABLE_05" successfully completed at Fri Dec 12 01:32:53 2025 elapsed 0 00:00:52

TEMPLATE_NAME:  CM_SD_XX
Error Count:  0
CURRENT DATE:  2025/12/12
Insert Data into PS_DATAMIN_EXPF_XX.

1 row created.


Commit complete.

Successful Export: Insert Done.
Template FSPRD-CM_SD_XX successfully Exported, started at  Fri Dec 12 01:32:00 EST 2025 and finished at Fri Dec 12 01:32:59 EST 2025
----------------------------------------------------------------------------------------
Finished export of Template : CM_SD_XX
----------------------------------------------------------------------------------------
#########################################################################################
Beginning export of Template : CM_SH_XX
#########################################################################################
 
=> ( 1 ) BNK_SMT_HDR_HXX : Get History Record Counts

1 row created.


Commit complete.

..Get TableSpace, Index & Index TableSpace

1 row created.


Commit complete.


Export: Release 19.0.0.0.0 - Production on Fri Dec 12 01:32:59 2025
Version 19.27.0.0.0

Copyright (c) 1982, 2019, Oracle and/or its affiliates.  All rights reserved.

Connected to: Oracle Database 19c Enterprise Edition Release 19.0.0.0.0 - Production
FLASHBACK automatically enabled to preserve database integrity.
Starting "SYS"."SYS_EXPORT_TABLE_05":  userid="/******** AS SYSDBA" directory=CM_SH_XX_FS dumpfile=CM_SH_XX_11-12-2025_1995_2000_01-May-2023_01-Mar-2024_FS_%U.dmp logfile=CM_SH_XX_11-12-2025_1995_2000_01-May-2023_01-Mar-2024_FS.log parallel=18 EXCLUDE=statistics EXCLUDE=TRIGGER ENCRYPTION=ALL ENCRYPTION_MODE=DUAL ENCRYPTION_ALGORITHM=AES256 ENCRYPTION_PASSWORD=******** FILESIZE=10G COMPRESSION=ALL TABLES=SYSADM.PS_BNK_SMT_HDR_HXX QUERY=SYSADM.PS_BNK_SMT_HDR_HXX:"WHERE PSARCH_ID='CM_SH_XX' AND PSARCH_BATCHNUM||PSARCH_ID IN (SELECT PSARCH_BATCHNUM||PSARCH_ID FROM SYSADM.PSARCHBATCH WHERE PSARCH_DTTM >= '01-May-2023' AND PSARCH_DTTM < '01-Mar-2024')" 
Processing object type TABLE_EXPORT/TABLE/PROCACT_INSTANCE
Processing object type TABLE_EXPORT/TABLE/TABLE
Processing object type TABLE_EXPORT/TABLE/GRANT/OWNER_GRANT/OBJECT_GRANT
Processing object type TABLE_EXPORT/TABLE/TABLE_DATA
. . exported "SYSADM"."PS_BNK_SMT_HDR_HXX"               7.328 KB      59 rows
Processing object type TABLE_EXPORT/TABLE/INDEX/INDEX
Master table "SYS"."SYS_EXPORT_TABLE_05" successfully loaded/unloaded
******************************************************************************
Dump file set for SYS.SYS_EXPORT_TABLE_05 is:
  /backup/data_arch/CM_SH_XX/FS/CM_SH_XX_11-12-2025_1995_2000_01-May-2023_01-Mar-2024_FS_01.dmp
  /backup/data_arch/CM_SH_XX/FS/CM_SH_XX_11-12-2025_1995_2000_01-May-2023_01-Mar-2024_FS_02.dmp
  /backup/data_arch/CM_SH_XX/FS/CM_SH_XX_11-12-2025_1995_2000_01-May-2023_01-Mar-2024_FS_03.dmp
  /backup/data_arch/CM_SH_XX/FS/CM_SH_XX_11-12-2025_1995_2000_01-May-2023_01-Mar-2024_FS_04.dmp
  /backup/data_arch/CM_SH_XX/FS/CM_SH_XX_11-12-2025_1995_2000_01-May-2023_01-Mar-2024_FS_05.dmp
  /backup/data_arch/CM_SH_XX/FS/CM_SH_XX_11-12-2025_1995_2000_01-May-2023_01-Mar-2024_FS_06.dmp
  /backup/data_arch/CM_SH_XX/FS/CM_SH_XX_11-12-2025_1995_2000_01-May-2023_01-Mar-2024_FS_07.dmp
  /backup/data_arch/CM_SH_XX/FS/CM_SH_XX_11-12-2025_1995_2000_01-May-2023_01-Mar-2024_FS_08.dmp
  /backup/data_arch/CM_SH_XX/FS/CM_SH_XX_11-12-2025_1995_2000_01-May-2023_01-Mar-2024_FS_09.dmp
  /backup/data_arch/CM_SH_XX/FS/CM_SH_XX_11-12-2025_1995_2000_01-May-2023_01-Mar-2024_FS_10.dmp
Job "SYS"."SYS_EXPORT_TABLE_05" successfully completed at Fri Dec 12 01:33:50 2025 elapsed 0 00:00:51

TEMPLATE_NAME:  CM_SH_XX
Error Count:  0
CURRENT DATE:  2025/12/12
Insert Data into PS_DATAMIN_EXPF_XX.

1 row created.


Commit complete.

Successful Export: Insert Done.
Template FSPRD-CM_SH_XX successfully Exported, started at  Fri Dec 12 01:32:59 EST 2025 and finished at Fri Dec 12 01:33:54 EST 2025
----------------------------------------------------------------------------------------
Finished export of Template : CM_SH_XX
----------------------------------------------------------------------------------------
#########################################################################################
Beginning export of Template : CM_SL_XX
#########################################################################################
 
=> ( 1 ) BNK_SDBAL_H_XX : Get History Record Counts

1 row created.


Commit complete.

..Get TableSpace, Index & Index TableSpace

1 row created.


Commit complete.


Export: Release 19.0.0.0.0 - Production on Fri Dec 12 01:33:55 2025
Version 19.27.0.0.0

Copyright (c) 1982, 2019, Oracle and/or its affiliates.  All rights reserved.

Connected to: Oracle Database 19c Enterprise Edition Release 19.0.0.0.0 - Production
FLASHBACK automatically enabled to preserve database integrity.
Starting "SYS"."SYS_EXPORT_TABLE_05":  userid="/******** AS SYSDBA" directory=CM_SL_XX_FS dumpfile=CM_SL_XX_11-12-2025_1995_2000_01-May-2023_01-Mar-2024_FS_%U.dmp logfile=CM_SL_XX_11-12-2025_1995_2000_01-May-2023_01-Mar-2024_FS.log parallel=18 EXCLUDE=statistics EXCLUDE=TRIGGER ENCRYPTION=ALL ENCRYPTION_MODE=DUAL ENCRYPTION_ALGORITHM=AES256 ENCRYPTION_PASSWORD=******** FILESIZE=10G COMPRESSION=ALL TABLES=SYSADM.PS_BNK_SDBAL_H_XX QUERY=SYSADM.PS_BNK_SDBAL_H_XX:"WHERE PSARCH_ID='CM_SL_XX' AND PSARCH_BATCHNUM||PSARCH_ID IN (SELECT PSARCH_BATCHNUM||PSARCH_ID FROM SYSADM.PSARCHBATCH WHERE PSARCH_DTTM >= '01-May-2023' AND PSARCH_DTTM < '01-Mar-2024')" 
Processing object type TABLE_EXPORT/TABLE/PROCACT_INSTANCE
Processing object type TABLE_EXPORT/TABLE/TABLE
Processing object type TABLE_EXPORT/TABLE/GRANT/OWNER_GRANT/OBJECT_GRANT
Processing object type TABLE_EXPORT/TABLE/TABLE_DATA
. . exported "SYSADM"."PS_BNK_SDBAL_H_XX"                    0 KB       0 rows
Processing object type TABLE_EXPORT/TABLE/INDEX/INDEX
Master table "SYS"."SYS_EXPORT_TABLE_05" successfully loaded/unloaded
******************************************************************************
Dump file set for SYS.SYS_EXPORT_TABLE_05 is:
  /backup/data_arch/CM_SL_XX/FS/CM_SL_XX_11-12-2025_1995_2000_01-May-2023_01-Mar-2024_FS_01.dmp
  /backup/data_arch/CM_SL_XX/FS/CM_SL_XX_11-12-2025_1995_2000_01-May-2023_01-Mar-2024_FS_02.dmp
  /backup/data_arch/CM_SL_XX/FS/CM_SL_XX_11-12-2025_1995_2000_01-May-2023_01-Mar-2024_FS_03.dmp
  /backup/data_arch/CM_SL_XX/FS/CM_SL_XX_11-12-2025_1995_2000_01-May-2023_01-Mar-2024_FS_04.dmp
  /backup/data_arch/CM_SL_XX/FS/CM_SL_XX_11-12-2025_1995_2000_01-May-2023_01-Mar-2024_FS_05.dmp
  /backup/data_arch/CM_SL_XX/FS/CM_SL_XX_11-12-2025_1995_2000_01-May-2023_01-Mar-2024_FS_06.dmp
  /backup/data_arch/CM_SL_XX/FS/CM_SL_XX_11-12-2025_1995_2000_01-May-2023_01-Mar-2024_FS_07.dmp
  /backup/data_arch/CM_SL_XX/FS/CM_SL_XX_11-12-2025_1995_2000_01-May-2023_01-Mar-2024_FS_08.dmp
  /backup/data_arch/CM_SL_XX/FS/CM_SL_XX_11-12-2025_1995_2000_01-May-2023_01-Mar-2024_FS_09.dmp
Job "SYS"."SYS_EXPORT_TABLE_05" successfully completed at Fri Dec 12 01:34:46 2025 elapsed 0 00:00:51

TEMPLATE_NAME:  CM_SL_XX
Error Count:  0
CURRENT DATE:  2025/12/12
Insert Data into PS_DATAMIN_EXPF_XX.

1 row created.


Commit complete.

Successful Export: Insert Done.
Template FSPRD-CM_SL_XX successfully Exported, started at  Fri Dec 12 01:33:55 EST 2025 and finished at Fri Dec 12 01:34:49 EST 2025
----------------------------------------------------------------------------------------
Finished export of Template : CM_SL_XX
----------------------------------------------------------------------------------------
#########################################################################################
Beginning export of Template : CM_ST_XX
#########################################################################################
 
=> ( 1 ) BANK_STMT_H_XX : Get History Record Counts

1 row created.


Commit complete.

..Get TableSpace, Index & Index TableSpace

2 rows created.


Commit complete.


Export: Release 19.0.0.0.0 - Production on Fri Dec 12 01:34:50 2025
Version 19.27.0.0.0

Copyright (c) 1982, 2019, Oracle and/or its affiliates.  All rights reserved.

Connected to: Oracle Database 19c Enterprise Edition Release 19.0.0.0.0 - Production
FLASHBACK automatically enabled to preserve database integrity.
Starting "SYS"."SYS_EXPORT_TABLE_05":  userid="/******** AS SYSDBA" directory=CM_ST_XX_FS dumpfile=CM_ST_XX_11-12-2025_1995_2000_01-May-2023_01-Mar-2024_FS_%U.dmp logfile=CM_ST_XX_11-12-2025_1995_2000_01-May-2023_01-Mar-2024_FS.log parallel=18 EXCLUDE=statistics EXCLUDE=TRIGGER ENCRYPTION=ALL ENCRYPTION_MODE=DUAL ENCRYPTION_ALGORITHM=AES256 ENCRYPTION_PASSWORD=******** FILESIZE=10G COMPRESSION=ALL TABLES=SYSADM.PS_BANK_STMT_H_XX QUERY=SYSADM.PS_BANK_STMT_H_XX:"WHERE PSARCH_ID='CM_ST_XX' AND PSARCH_BATCHNUM||PSARCH_ID IN (SELECT PSARCH_BATCHNUM||PSARCH_ID FROM SYSADM.PSARCHBATCH WHERE PSARCH_DTTM >= '01-May-2023' AND PSARCH_DTTM < '01-Mar-2024')" 
Processing object type TABLE_EXPORT/TABLE/PROCACT_INSTANCE
Processing object type TABLE_EXPORT/TABLE/TABLE
Processing object type TABLE_EXPORT/TABLE/GRANT/OWNER_GRANT/OBJECT_GRANT
Processing object type TABLE_EXPORT/TABLE/TABLE_DATA
Processing object type TABLE_EXPORT/TABLE/INDEX/INDEX
. . exported "SYSADM"."PS_BANK_STMT_H_XX"                2.830 MB  263763 rows
Master table "SYS"."SYS_EXPORT_TABLE_05" successfully loaded/unloaded
******************************************************************************
Dump file set for SYS.SYS_EXPORT_TABLE_05 is:
  /backup/data_arch/CM_ST_XX/FS/CM_ST_XX_11-12-2025_1995_2000_01-May-2023_01-Mar-2024_FS_01.dmp
  /backup/data_arch/CM_ST_XX/FS/CM_ST_XX_11-12-2025_1995_2000_01-May-2023_01-Mar-2024_FS_02.dmp
  /backup/data_arch/CM_ST_XX/FS/CM_ST_XX_11-12-2025_1995_2000_01-May-2023_01-Mar-2024_FS_03.dmp
  /backup/data_arch/CM_ST_XX/FS/CM_ST_XX_11-12-2025_1995_2000_01-May-2023_01-Mar-2024_FS_04.dmp
  /backup/data_arch/CM_ST_XX/FS/CM_ST_XX_11-12-2025_1995_2000_01-May-2023_01-Mar-2024_FS_05.dmp
  /backup/data_arch/CM_ST_XX/FS/CM_ST_XX_11-12-2025_1995_2000_01-May-2023_01-Mar-2024_FS_06.dmp
  /backup/data_arch/CM_ST_XX/FS/CM_ST_XX_11-12-2025_1995_2000_01-May-2023_01-Mar-2024_FS_07.dmp
  /backup/data_arch/CM_ST_XX/FS/CM_ST_XX_11-12-2025_1995_2000_01-May-2023_01-Mar-2024_FS_08.dmp
  /backup/data_arch/CM_ST_XX/FS/CM_ST_XX_11-12-2025_1995_2000_01-May-2023_01-Mar-2024_FS_09.dmp
  /backup/data_arch/CM_ST_XX/FS/CM_ST_XX_11-12-2025_1995_2000_01-May-2023_01-Mar-2024_FS_10.dmp
Job "SYS"."SYS_EXPORT_TABLE_05" successfully completed at Fri Dec 12 01:36:03 2025 elapsed 0 00:01:12

TEMPLATE_NAME:  CM_ST_XX
Error Count:  0
CURRENT DATE:  2025/12/12
Insert Data into PS_DATAMIN_EXPF_XX.

1 row created.


Commit complete.

Successful Export: Insert Done.
Template FSPRD-CM_ST_XX successfully Exported, started at  Fri Dec 12 01:34:50 EST 2025 and finished at Fri Dec 12 01:36:08 EST 2025
----------------------------------------------------------------------------------------
Finished export of Template : CM_ST_XX
----------------------------------------------------------------------------------------
#########################################################################################
Beginning export of Template : CM_WH_XX
#########################################################################################
 
=> ( 1 ) TR_WR_DTL_H_XX : Get History Record Counts

1 row created.


Commit complete.

..Get TableSpace, Index & Index TableSpace

2 rows created.


Commit complete.

=> ( 2 ) TR_WR_HDR_H_XX : Get History Record Counts

1 row created.


Commit complete.

..Get TableSpace, Index & Index TableSpace

2 rows created.


Commit complete.


Export: Release 19.0.0.0.0 - Production on Fri Dec 12 01:36:09 2025
Version 19.27.0.0.0

Copyright (c) 1982, 2019, Oracle and/or its affiliates.  All rights reserved.

Connected to: Oracle Database 19c Enterprise Edition Release 19.0.0.0.0 - Production
FLASHBACK automatically enabled to preserve database integrity.
Starting "SYS"."SYS_EXPORT_TABLE_05":  userid="/******** AS SYSDBA" directory=CM_WH_XX_FS dumpfile=CM_WH_XX_11-12-2025_1995_2000_01-May-2023_01-Mar-2024_FS_%U.dmp logfile=CM_WH_XX_11-12-2025_1995_2000_01-May-2023_01-Mar-2024_FS.log parallel=18 EXCLUDE=statistics EXCLUDE=TRIGGER ENCRYPTION=ALL ENCRYPTION_MODE=DUAL ENCRYPTION_ALGORITHM=AES256 ENCRYPTION_PASSWORD=******** FILESIZE=10G COMPRESSION=ALL TABLES=SYSADM.PS_TR_WR_DTL_H_XX QUERY=SYSADM.PS_TR_WR_DTL_H_XX:"WHERE PSARCH_ID='CM_WH_XX' AND PSARCH_BATCHNUM||PSARCH_ID IN (SELECT PSARCH_BATCHNUM||PSARCH_ID FROM SYSADM.PSARCHBATCH WHERE PSARCH_DTTM >= '01-May-2023' AND PSARCH_DTTM < '01-Mar-2024')" TABLES=SYSADM.PS_TR_WR_HDR_H_XX QUERY=SYSADM.PS_TR_WR_HDR_H_XX:"WHERE PSARCH_ID='CM_WH_XX' AND PSARCH_BATCHNUM||PSARCH_ID IN (SELECT PSARCH_BATCHNUM||PSARCH_ID FROM SYSADM.PSARCHBATCH WHERE PSARCH_DTTM >= '01-May-2023' AND PSARCH_DTTM < '01-Mar-2024')" 
Processing object type TABLE_EXPORT/TABLE/PROCACT_INSTANCE
Processing object type TABLE_EXPORT/TABLE/TABLE
Processing object type TABLE_EXPORT/TABLE/GRANT/OWNER_GRANT/OBJECT_GRANT
Processing object type TABLE_EXPORT/TABLE/TABLE_DATA
. . exported "SYSADM"."PS_TR_WR_DTL_H_XX"                    0 KB       0 rows
. . exported "SYSADM"."PS_TR_WR_HDR_H_XX"                    0 KB       0 rows
Processing object type TABLE_EXPORT/TABLE/INDEX/INDEX
Master table "SYS"."SYS_EXPORT_TABLE_05" successfully loaded/unloaded
******************************************************************************
Dump file set for SYS.SYS_EXPORT_TABLE_05 is:
  /backup/data_arch/CM_WH_XX/FS/CM_WH_XX_11-12-2025_1995_2000_01-May-2023_01-Mar-2024_FS_01.dmp
  /backup/data_arch/CM_WH_XX/FS/CM_WH_XX_11-12-2025_1995_2000_01-May-2023_01-Mar-2024_FS_02.dmp
  /backup/data_arch/CM_WH_XX/FS/CM_WH_XX_11-12-2025_1995_2000_01-May-2023_01-Mar-2024_FS_03.dmp
  /backup/data_arch/CM_WH_XX/FS/CM_WH_XX_11-12-2025_1995_2000_01-May-2023_01-Mar-2024_FS_04.dmp
  /backup/data_arch/CM_WH_XX/FS/CM_WH_XX_11-12-2025_1995_2000_01-May-2023_01-Mar-2024_FS_05.dmp
  /backup/data_arch/CM_WH_XX/FS/CM_WH_XX_11-12-2025_1995_2000_01-May-2023_01-Mar-2024_FS_06.dmp
  /backup/data_arch/CM_WH_XX/FS/CM_WH_XX_11-12-2025_1995_2000_01-May-2023_01-Mar-2024_FS_07.dmp
  /backup/data_arch/CM_WH_XX/FS/CM_WH_XX_11-12-2025_1995_2000_01-May-2023_01-Mar-2024_FS_08.dmp
  /backup/data_arch/CM_WH_XX/FS/CM_WH_XX_11-12-2025_1995_2000_01-May-2023_01-Mar-2024_FS_09.dmp
Job "SYS"."SYS_EXPORT_TABLE_05" successfully completed at Fri Dec 12 01:37:01 2025 elapsed 0 00:00:52

TEMPLATE_NAME:  CM_WH_XX
Error Count:  0
CURRENT DATE:  2025/12/12
Insert Data into PS_DATAMIN_EXPF_XX.

1 row created.


Commit complete.

Successful Export: Insert Done.
Template FSPRD-CM_WH_XX successfully Exported, started at  Fri Dec 12 01:36:09 EST 2025 and finished at Fri Dec 12 01:37:04 EST 2025
----------------------------------------------------------------------------------------
Finished export of Template : CM_WH_XX
----------------------------------------------------------------------------------------
#########################################################################################
Beginning export of Template : CM_XF_XX
#########################################################################################
 
=> ( 1 ) TR_AF_STL_H_XX : Get History Record Counts

1 row created.


Commit complete.

..Get TableSpace, Index & Index TableSpace

2 rows created.


Commit complete.


Export: Release 19.0.0.0.0 - Production on Fri Dec 12 01:37:04 2025
Version 19.27.0.0.0

Copyright (c) 1982, 2019, Oracle and/or its affiliates.  All rights reserved.

Connected to: Oracle Database 19c Enterprise Edition Release 19.0.0.0.0 - Production
FLASHBACK automatically enabled to preserve database integrity.
Starting "SYS"."SYS_EXPORT_TABLE_05":  userid="/******** AS SYSDBA" directory=CM_XF_XX_FS dumpfile=CM_XF_XX_11-12-2025_1995_2000_01-May-2023_01-Mar-2024_FS_%U.dmp logfile=CM_XF_XX_11-12-2025_1995_2000_01-May-2023_01-Mar-2024_FS.log parallel=18 EXCLUDE=statistics EXCLUDE=TRIGGER ENCRYPTION=ALL ENCRYPTION_MODE=DUAL ENCRYPTION_ALGORITHM=AES256 ENCRYPTION_PASSWORD=******** FILESIZE=10G COMPRESSION=ALL TABLES=SYSADM.PS_TR_AF_STL_H_XX QUERY=SYSADM.PS_TR_AF_STL_H_XX:"WHERE PSARCH_ID='CM_XF_XX' AND PSARCH_BATCHNUM||PSARCH_ID IN (SELECT PSARCH_BATCHNUM||PSARCH_ID FROM SYSADM.PSARCHBATCH WHERE PSARCH_DTTM >= '01-May-2023' AND PSARCH_DTTM < '01-Mar-2024')" 
Processing object type TABLE_EXPORT/TABLE/PROCACT_INSTANCE
Processing object type TABLE_EXPORT/TABLE/TABLE
Processing object type TABLE_EXPORT/TABLE/GRANT/OWNER_GRANT/OBJECT_GRANT
Processing object type TABLE_EXPORT/TABLE/TABLE_DATA
. . exported "SYSADM"."PS_TR_AF_STL_H_XX"                    0 KB       0 rows
Processing object type TABLE_EXPORT/TABLE/INDEX/INDEX
Master table "SYS"."SYS_EXPORT_TABLE_05" successfully loaded/unloaded
******************************************************************************
Dump file set for SYS.SYS_EXPORT_TABLE_05 is:
  /backup/data_arch/CM_XF_XX/FS/CM_XF_XX_11-12-2025_1995_2000_01-May-2023_01-Mar-2024_FS_01.dmp
  /backup/data_arch/CM_XF_XX/FS/CM_XF_XX_11-12-2025_1995_2000_01-May-2023_01-Mar-2024_FS_02.dmp
  /backup/data_arch/CM_XF_XX/FS/CM_XF_XX_11-12-2025_1995_2000_01-May-2023_01-Mar-2024_FS_03.dmp
  /backup/data_arch/CM_XF_XX/FS/CM_XF_XX_11-12-2025_1995_2000_01-May-2023_01-Mar-2024_FS_04.dmp
  /backup/data_arch/CM_XF_XX/FS/CM_XF_XX_11-12-2025_1995_2000_01-May-2023_01-Mar-2024_FS_05.dmp
  /backup/data_arch/CM_XF_XX/FS/CM_XF_XX_11-12-2025_1995_2000_01-May-2023_01-Mar-2024_FS_06.dmp
  /backup/data_arch/CM_XF_XX/FS/CM_XF_XX_11-12-2025_1995_2000_01-May-2023_01-Mar-2024_FS_07.dmp
  /backup/data_arch/CM_XF_XX/FS/CM_XF_XX_11-12-2025_1995_2000_01-May-2023_01-Mar-2024_FS_08.dmp
  /backup/data_arch/CM_XF_XX/FS/CM_XF_XX_11-12-2025_1995_2000_01-May-2023_01-Mar-2024_FS_09.dmp
Job "SYS"."SYS_EXPORT_TABLE_05" successfully completed at Fri Dec 12 01:38:01 2025 elapsed 0 00:00:56

TEMPLATE_NAME:  CM_XF_XX
Error Count:  0
CURRENT DATE:  2025/12/12
Insert Data into PS_DATAMIN_EXPF_XX.

1 row created.


Commit complete.

Successful Export: Insert Done.
Template FSPRD-CM_XF_XX successfully Exported, started at  Fri Dec 12 01:37:04 EST 2025 and finished at Fri Dec 12 01:38:06 EST 2025
----------------------------------------------------------------------------------------
Finished export of Template : CM_XF_XX
----------------------------------------------------------------------------------------
#########################################################################################
Beginning export of Template : EXADV_XX
#########################################################################################
 
=> ( 1 ) EX_ADV_CHK_H : Get History Record Counts

1 row created.


Commit complete.

..Get TableSpace, Index & Index TableSpace

1 row created.


Commit complete.

=> ( 2 ) EX_ADV_DIST_H : Get History Record Counts

1 row created.


Commit complete.

..Get TableSpace, Index & Index TableSpace

1 row created.


Commit complete.

=> ( 3 ) EX_ADV_DOCSEQ_H : Get History Record Counts

1 row created.


Commit complete.

..Get TableSpace, Index & Index TableSpace

1 row created.


Commit complete.

=> ( 4 ) EX_ADV_HDR_H : Get History Record Counts

1 row created.


Commit complete.

..Get TableSpace, Index & Index TableSpace

3 rows created.


Commit complete.

=> ( 5 ) EX_ADV_LINE_H : Get History Record Counts

1 row created.


Commit complete.

..Get TableSpace, Index & Index TableSpace

1 row created.


Commit complete.

=> ( 6 ) EX_ADV_PYMT_H : Get History Record Counts

1 row created.


Commit complete.

..Get TableSpace, Index & Index TableSpace

5 rows created.


Commit complete.


Export: Release 19.0.0.0.0 - Production on Fri Dec 12 01:38:09 2025
Version 19.27.0.0.0

Copyright (c) 1982, 2019, Oracle and/or its affiliates.  All rights reserved.

Connected to: Oracle Database 19c Enterprise Edition Release 19.0.0.0.0 - Production
FLASHBACK automatically enabled to preserve database integrity.
Starting "SYS"."SYS_EXPORT_TABLE_05":  userid="/******** AS SYSDBA" directory=EXADV_XX_FS dumpfile=EXADV_XX_11-12-2025_1995_2000_01-May-2023_01-Mar-2024_FS_%U.dmp logfile=EXADV_XX_11-12-2025_1995_2000_01-May-2023_01-Mar-2024_FS.log parallel=18 EXCLUDE=statistics EXCLUDE=TRIGGER ENCRYPTION=ALL ENCRYPTION_MODE=DUAL ENCRYPTION_ALGORITHM=AES256 ENCRYPTION_PASSWORD=******** FILESIZE=10G COMPRESSION=ALL TABLES=SYSADM.PS_EX_ADV_CHK_H QUERY=SYSADM.PS_EX_ADV_CHK_H:"WHERE PSARCH_ID='EXADV_XX' AND PSARCH_BATCHNUM||PSARCH_ID IN (SELECT PSARCH_BATCHNUM||PSARCH_ID FROM SYSADM.PSARCHBATCH WHERE PSARCH_DTTM >= '01-May-2023' AND PSARCH_DTTM < '01-Mar-2024')" TABLES=SYSADM.PS_EX_ADV_DIST_H QUERY=SYSADM.PS_EX_ADV_DIST_H:"WHERE PSARCH_ID='EXADV_XX' AND PSARCH_BATCHNUM||PSARCH_ID IN (SELECT PSARCH_BATCHNUM||PSARCH_ID FROM SYSADM.PSARCHBATCH WHERE PSARCH_DTTM >= '01-May-2023' AND PSARCH_DTTM < '01-Mar-2024')" TABLES=SYSADM.PS_EX_ADV_DOCSEQ_H QUERY=SYSADM.PS_EX_ADV_DOCSEQ_H:"WHERE PSARCH_ID='EXADV_XX' AND PSARCH_BATCHNUM||PSARCH_ID IN (SELECT PSARCH_BATCHNUM||PSARCH_ID FROM SYSADM.PSARCHBATCH WHERE PSARCH_DTTM >= '01-May-2023' AND PSARCH_DTTM < '01-Mar-2024')" TABLES=SYSADM.PS_EX_ADV_HDR_H QUERY=SYSADM.PS_EX_ADV_HDR_H:"WHERE PSARCH_ID='EXADV_XX' AND PSARCH_BATCHNUM||PSARCH_ID IN (SELECT PSARCH_BATCHNUM||PSARCH_ID FROM SYSADM.PSARCHBATCH WHERE PSARCH_DTTM >= '01-May-2023' AND PSARCH_DTTM < '01-Mar-2024')" TABLES=SYSADM.PS_EX_ADV_LINE_H QUERY=SYSADM.PS_EX_ADV_LINE_H:"WHERE PSARCH_ID='EXADV_XX' AND PSARCH_BATCHNUM||PSARCH_ID IN (SELECT PSARCH_BATCHNUM||PSARCH_ID FROM SYSADM.PSARCHBATCH WHERE PSARCH_DTTM >= '01-May-2023' AND PSARCH_DTTM < '01-Mar-2024')" TABLES=SYSADM.PS_EX_ADV_PYMT_H QUERY=SYSADM.PS_EX_ADV_PYMT_H:"WHERE PSARCH_ID='EXADV_XX' AND PSARCH_BATCHNUM||PSARCH_ID IN (SELECT PSARCH_BATCHNUM||PSARCH_ID FROM SYSADM.PSARCHBATCH WHERE PSARCH_DTTM >= '01-May-2023' AND PSARCH_DTTM < '01-Mar-2024')" 
Processing object type TABLE_EXPORT/TABLE/PROCACT_INSTANCE
Processing object type TABLE_EXPORT/TABLE/TABLE
Processing object type TABLE_EXPORT/TABLE/INDEX/FUNCTIONAL_INDEX/INDEX
Processing object type TABLE_EXPORT/TABLE/GRANT/OWNER_GRANT/OBJECT_GRANT
Processing object type TABLE_EXPORT/TABLE/TABLE_DATA
. . exported "SYSADM"."PS_EX_ADV_CHK_H"                      0 KB       0 rows
. . exported "SYSADM"."PS_EX_ADV_DIST_H"                     0 KB       0 rows
. . exported "SYSADM"."PS_EX_ADV_DOCSEQ_H"                   0 KB       0 rows
. . exported "SYSADM"."PS_EX_ADV_HDR_H"                      0 KB       0 rows
. . exported "SYSADM"."PS_EX_ADV_LINE_H"                     0 KB       0 rows
. . exported "SYSADM"."PS_EX_ADV_PYMT_H"                     0 KB       0 rows
Processing object type TABLE_EXPORT/TABLE/INDEX/INDEX
Master table "SYS"."SYS_EXPORT_TABLE_05" successfully loaded/unloaded
******************************************************************************
Dump file set for SYS.SYS_EXPORT_TABLE_05 is:
  /backup/data_arch/EXADV_XX/FS/EXADV_XX_11-12-2025_1995_2000_01-May-2023_01-Mar-2024_FS_01.dmp
  /backup/data_arch/EXADV_XX/FS/EXADV_XX_11-12-2025_1995_2000_01-May-2023_01-Mar-2024_FS_02.dmp
  /backup/data_arch/EXADV_XX/FS/EXADV_XX_11-12-2025_1995_2000_01-May-2023_01-Mar-2024_FS_03.dmp
  /backup/data_arch/EXADV_XX/FS/EXADV_XX_11-12-2025_1995_2000_01-May-2023_01-Mar-2024_FS_04.dmp
  /backup/data_arch/EXADV_XX/FS/EXADV_XX_11-12-2025_1995_2000_01-May-2023_01-Mar-2024_FS_05.dmp
  /backup/data_arch/EXADV_XX/FS/EXADV_XX_11-12-2025_1995_2000_01-May-2023_01-Mar-2024_FS_06.dmp
  /backup/data_arch/EXADV_XX/FS/EXADV_XX_11-12-2025_1995_2000_01-May-2023_01-Mar-2024_FS_07.dmp
  /backup/data_arch/EXADV_XX/FS/EXADV_XX_11-12-2025_1995_2000_01-May-2023_01-Mar-2024_FS_08.dmp
  /backup/data_arch/EXADV_XX/FS/EXADV_XX_11-12-2025_1995_2000_01-May-2023_01-Mar-2024_FS_09.dmp
Job "SYS"."SYS_EXPORT_TABLE_05" successfully completed at Fri Dec 12 01:39:02 2025 elapsed 0 00:00:53

TEMPLATE_NAME:  EXADV_XX
Error Count:  0
CURRENT DATE:  2025/12/12
Insert Data into PS_DATAMIN_EXPF_XX.

1 row created.


Commit complete.

Successful Export: Insert Done.
Template FSPRD-EXADV_XX successfully Exported, started at  Fri Dec 12 01:38:09 EST 2025 and finished at Fri Dec 12 01:39:06 EST 2025
----------------------------------------------------------------------------------------
Finished export of Template : EXADV_XX
----------------------------------------------------------------------------------------
#########################################################################################
Beginning export of Template : EXSHT_XX
#########################################################################################
 
=> ( 1 ) EX_SHEET_ADV_H : Get History Record Counts

1 row created.


Commit complete.

..Get TableSpace, Index & Index TableSpace

1 row created.


Commit complete.

=> ( 2 ) EX_SHEET_ATT_H : Get History Record Counts

1 row created.


Commit complete.

..Get TableSpace, Index & Index TableSpace

1 row created.


Commit complete.

=> ( 3 ) EX_SHEET_DIST_H : Get History Record Counts

1 row created.


Commit complete.

..Get TableSpace, Index & Index TableSpace

1 row created.


Commit complete.

=> ( 4 ) EX_SHEET_HDR_H : Get History Record Counts

1 row created.


Commit complete.

..Get TableSpace, Index & Index TableSpace

3 rows created.


Commit complete.

=> ( 5 ) EX_SHEET_LINE_H : Get History Record Counts

1 row created.


Commit complete.

..Get TableSpace, Index & Index TableSpace

2 rows created.


Commit complete.

=> ( 6 ) EX_SHEET_PYMT_H : Get History Record Counts

1 row created.


Commit complete.

..Get TableSpace, Index & Index TableSpace

5 rows created.


Commit complete.

=> ( 7 ) EX_SHT_DOCSEQ_H : Get History Record Counts

1 row created.


Commit complete.

..Get TableSpace, Index & Index TableSpace

1 row created.


Commit complete.

=> ( 8 ) EX_SHT_LN_PD_H : Get History Record Counts

1 row created.


Commit complete.

..Get TableSpace, Index & Index TableSpace

1 row created.


Commit complete.

=> ( 9 ) EX_SHT_NOTE_HXX : Get History Record Counts

1 row created.


Commit complete.

..Get TableSpace, Index & Index TableSpace

2 rows created.


Commit complete.

=> ( 10 ) EX_SHT_SPLIT_H : Get History Record Counts

1 row created.


Commit complete.

..Get TableSpace, Index & Index TableSpace

1 row created.


Commit complete.


Export: Release 19.0.0.0.0 - Production on Fri Dec 12 01:39:10 2025
Version 19.27.0.0.0

Copyright (c) 1982, 2019, Oracle and/or its affiliates.  All rights reserved.

Connected to: Oracle Database 19c Enterprise Edition Release 19.0.0.0.0 - Production
FLASHBACK automatically enabled to preserve database integrity.
Starting "SYS"."SYS_EXPORT_TABLE_05":  userid="/******** AS SYSDBA" directory=EXSHT_XX_FS dumpfile=EXSHT_XX_11-12-2025_1995_2000_01-May-2023_01-Mar-2024_FS_%U.dmp logfile=EXSHT_XX_11-12-2025_1995_2000_01-May-2023_01-Mar-2024_FS.log parallel=18 EXCLUDE=statistics EXCLUDE=TRIGGER ENCRYPTION=ALL ENCRYPTION_MODE=DUAL ENCRYPTION_ALGORITHM=AES256 ENCRYPTION_PASSWORD=******** FILESIZE=10G COMPRESSION=ALL TABLES=SYSADM.PS_EX_SHEET_ADV_H QUERY=SYSADM.PS_EX_SHEET_ADV_H:"WHERE PSARCH_ID='EXSHT_XX' AND PSARCH_BATCHNUM||PSARCH_ID IN (SELECT PSARCH_BATCHNUM||PSARCH_ID FROM SYSADM.PSARCHBATCH WHERE PSARCH_DTTM >= '01-May-2023' AND PSARCH_DTTM < '01-Mar-2024')" TABLES=SYSADM.PS_EX_SHEET_ATT_H QUERY=SYSADM.PS_EX_SHEET_ATT_H:"WHERE PSARCH_ID='EXSHT_XX' AND PSARCH_BATCHNUM||PSARCH_ID IN (SELECT PSARCH_BATCHNUM||PSARCH_ID FROM SYSADM.PSARCHBATCH WHERE PSARCH_DTTM >= '01-May-2023' AND PSARCH_DTTM < '01-Mar-2024')" TABLES=SYSADM.PS_EX_SHEET_DIST_H QUERY=SYSADM.PS_EX_SHEET_DIST_H:"WHERE PSARCH_ID='EXSHT_XX' AND PSARCH_BATCHNUM||PSARCH_ID IN (SELECT PSARCH_BATCHNUM||PSARCH_ID FROM SYSADM.PSARCHBATCH WHERE PSARCH_DTTM >= '01-May-2023' AND PSARCH_DTTM < '01-Mar-2024')" TABLES=SYSADM.PS_EX_SHEET_HDR_H QUERY=SYSADM.PS_EX_SHEET_HDR_H:"WHERE PSARCH_ID='EXSHT_XX' AND PSARCH_BATCHNUM||PSARCH_ID IN (SELECT PSARCH_BATCHNUM||PSARCH_ID FROM SYSADM.PSARCHBATCH WHERE PSARCH_DTTM >= '01-May-2023' AND PSARCH_DTTM < '01-Mar-2024')" TABLES=SYSADM.PS_EX_SHEET_LINE_H QUERY=SYSADM.PS_EX_SHEET_LINE_H:"WHERE PSARCH_ID='EXSHT_XX' AND PSARCH_BATCHNUM||PSARCH_ID IN (SELECT PSARCH_BATCHNUM||PSARCH_ID FROM SYSADM.PSARCHBATCH WHERE PSARCH_DTTM >= '01-May-2023' AND PSARCH_DTTM < '01-Mar-2024')" TABLES=SYSADM.PS_EX_SHEET_PYMT_H QUERY=SYSADM.PS_EX_SHEET_PYMT_H:"WHERE PSARCH_ID='EXSHT_XX' AND PSARCH_BATCHNUM||PSARCH_ID IN (SELECT PSARCH_BATCHNUM||PSARCH_ID FROM SYSADM.PSARCHBATCH WHERE PSARCH_DTTM >= '01-May-2023' AND PSARCH_DTTM < '01-Mar-2024')" TABLES=SYSADM.PS_EX_SHT_DOCSEQ_H QUERY=SYSADM.PS_EX_SHT_DOCSEQ_
Processing object type TABLE_EXPORT/TABLE/PROCACT_INSTANCE
Processing object type TABLE_EXPORT/TABLE/TABLE
Processing object type TABLE_EXPORT/TABLE/INDEX/FUNCTIONAL_INDEX/INDEX
Processing object type TABLE_EXPORT/TABLE/GRANT/OWNER_GRANT/OBJECT_GRANT
Processing object type TABLE_EXPORT/TABLE/TABLE_DATA
. . exported "SYSADM"."PS_EX_SHEET_ADV_H"                    0 KB       0 rows
. . exported "SYSADM"."PS_EX_SHEET_ATT_H"                    0 KB       0 rows
. . exported "SYSADM"."PS_EX_SHEET_DIST_H"                   0 KB       0 rows
. . exported "SYSADM"."PS_EX_SHEET_HDR_H"                    0 KB       0 rows
. . exported "SYSADM"."PS_EX_SHEET_LINE_H"                   0 KB       0 rows
. . exported "SYSADM"."PS_EX_SHEET_PYMT_H"                   0 KB       0 rows
. . exported "SYSADM"."PS_EX_SHT_DOCSEQ_H"                   0 KB       0 rows
. . exported "SYSADM"."PS_EX_SHT_LN_PD_H"                    0 KB       0 rows
. . exported "SYSADM"."PS_EX_SHT_NOTE_HXX"                   0 KB       0 rows
. . exported "SYSADM"."PS_EX_SHT_SPLIT_H"                    0 KB       0 rows
Processing object type TABLE_EXPORT/TABLE/INDEX/INDEX
Master table "SYS"."SYS_EXPORT_TABLE_05" successfully loaded/unloaded
******************************************************************************
Dump file set for SYS.SYS_EXPORT_TABLE_05 is:
  /backup/data_arch/EXSHT_XX/FS/EXSHT_XX_11-12-2025_1995_2000_01-May-2023_01-Mar-2024_FS_01.dmp
  /backup/data_arch/EXSHT_XX/FS/EXSHT_XX_11-12-2025_1995_2000_01-May-2023_01-Mar-2024_FS_02.dmp
  /backup/data_arch/EXSHT_XX/FS/EXSHT_XX_11-12-2025_1995_2000_01-May-2023_01-Mar-2024_FS_03.dmp
  /backup/data_arch/EXSHT_XX/FS/EXSHT_XX_11-12-2025_1995_2000_01-May-2023_01-Mar-2024_FS_04.dmp
  /backup/data_arch/EXSHT_XX/FS/EXSHT_XX_11-12-2025_1995_2000_01-May-2023_01-Mar-2024_FS_05.dmp
  /backup/data_arch/EXSHT_XX/FS/EXSHT_XX_11-12-2025_1995_2000_01-May-2023_01-Mar-2024_FS_06.dmp
  /backup/data_arch/EXSHT_XX/FS/EXSHT_XX_11-12-2025_1995_2000_01-May-2023_01-Mar-2024_FS_07.dmp
  /backup/data_arch/EXSHT_XX/FS/EXSHT_XX_11-12-2025_1995_2000_01-May-2023_01-Mar-2024_FS_08.dmp
  /backup/data_arch/EXSHT_XX/FS/EXSHT_XX_11-12-2025_1995_2000_01-May-2023_01-Mar-2024_FS_09.dmp
Job "SYS"."SYS_EXPORT_TABLE_05" successfully completed at Fri Dec 12 01:40:02 2025 elapsed 0 00:00:52

TEMPLATE_NAME:  EXSHT_XX
Error Count:  0
CURRENT DATE:  2025/12/12
Insert Data into PS_DATAMIN_EXPF_XX.

1 row created.


Commit complete.

Successful Export: Insert Done.
Template FSPRD-EXSHT_XX successfully Exported, started at  Fri Dec 12 01:39:10 EST 2025 and finished at Fri Dec 12 01:40:08 EST 2025
----------------------------------------------------------------------------------------
Finished export of Template : EXSHT_XX
----------------------------------------------------------------------------------------
#########################################################################################
Beginning export of Template : EX_ACCTG
#########################################################################################
 
=> ( 1 ) EX_ACCTG_LINE_H : Get History Record Counts

1 row created.


Commit complete.

..Get TableSpace, Index & Index TableSpace

1 row created.


Commit complete.


Export: Release 19.0.0.0.0 - Production on Fri Dec 12 01:40:08 2025
Version 19.27.0.0.0

Copyright (c) 1982, 2019, Oracle and/or its affiliates.  All rights reserved.

Connected to: Oracle Database 19c Enterprise Edition Release 19.0.0.0.0 - Production
FLASHBACK automatically enabled to preserve database integrity.
Starting "SYS"."SYS_EXPORT_TABLE_05":  userid="/******** AS SYSDBA" directory=EX_ACCTG_FS dumpfile=EX_ACCTG_11-12-2025_1995_2000_01-May-2023_01-Mar-2024_FS_%U.dmp logfile=EX_ACCTG_11-12-2025_1995_2000_01-May-2023_01-Mar-2024_FS.log parallel=18 EXCLUDE=statistics EXCLUDE=TRIGGER ENCRYPTION=ALL ENCRYPTION_MODE=DUAL ENCRYPTION_ALGORITHM=AES256 ENCRYPTION_PASSWORD=******** FILESIZE=10G COMPRESSION=ALL TABLES=SYSADM.PS_EX_ACCTG_LINE_H QUERY=SYSADM.PS_EX_ACCTG_LINE_H:"WHERE PSARCH_ID='EX_ACCTG' AND PSARCH_BATCHNUM||PSARCH_ID IN (SELECT PSARCH_BATCHNUM||PSARCH_ID FROM SYSADM.PSARCHBATCH WHERE PSARCH_DTTM >= '01-May-2023' AND PSARCH_DTTM < '01-Mar-2024')" 
Processing object type TABLE_EXPORT/TABLE/PROCACT_INSTANCE
Processing object type TABLE_EXPORT/TABLE/TABLE
Processing object type TABLE_EXPORT/TABLE/GRANT/OWNER_GRANT/OBJECT_GRANT
Processing object type TABLE_EXPORT/TABLE/TABLE_DATA
. . exported "SYSADM"."PS_EX_ACCTG_LINE_H"                   0 KB       0 rows
Processing object type TABLE_EXPORT/TABLE/INDEX/INDEX
Master table "SYS"."SYS_EXPORT_TABLE_05" successfully loaded/unloaded
******************************************************************************
Dump file set for SYS.SYS_EXPORT_TABLE_05 is:
  /backup/data_arch/EX_ACCTG/FS/EX_ACCTG_11-12-2025_1995_2000_01-May-2023_01-Mar-2024_FS_01.dmp
  /backup/data_arch/EX_ACCTG/FS/EX_ACCTG_11-12-2025_1995_2000_01-May-2023_01-Mar-2024_FS_02.dmp
  /backup/data_arch/EX_ACCTG/FS/EX_ACCTG_11-12-2025_1995_2000_01-May-2023_01-Mar-2024_FS_03.dmp
  /backup/data_arch/EX_ACCTG/FS/EX_ACCTG_11-12-2025_1995_2000_01-May-2023_01-Mar-2024_FS_04.dmp
  /backup/data_arch/EX_ACCTG/FS/EX_ACCTG_11-12-2025_1995_2000_01-May-2023_01-Mar-2024_FS_05.dmp
  /backup/data_arch/EX_ACCTG/FS/EX_ACCTG_11-12-2025_1995_2000_01-May-2023_01-Mar-2024_FS_06.dmp
  /backup/data_arch/EX_ACCTG/FS/EX_ACCTG_11-12-2025_1995_2000_01-May-2023_01-Mar-2024_FS_07.dmp
  /backup/data_arch/EX_ACCTG/FS/EX_ACCTG_11-12-2025_1995_2000_01-May-2023_01-Mar-2024_FS_08.dmp
  /backup/data_arch/EX_ACCTG/FS/EX_ACCTG_11-12-2025_1995_2000_01-May-2023_01-Mar-2024_FS_09.dmp
Job "SYS"."SYS_EXPORT_TABLE_05" successfully completed at Fri Dec 12 01:41:01 2025 elapsed 0 00:00:52

TEMPLATE_NAME:  EX_ACCTG
Error Count:  0
CURRENT DATE:  2025/12/12
Insert Data into PS_DATAMIN_EXPF_XX.

1 row created.


Commit complete.

Successful Export: Insert Done.
Template FSPRD-EX_ACCTG successfully Exported, started at  Fri Dec 12 01:40:08 EST 2025 and finished at Fri Dec 12 01:41:07 EST 2025
----------------------------------------------------------------------------------------
Finished export of Template : EX_ACCTG
----------------------------------------------------------------------------------------
#########################################################################################
Beginning export of Template : EX_APPR
#########################################################################################
 
=> ( 1 ) EX_APRVL_HIST_H : Get History Record Counts

1 row created.


Commit complete.

..Get TableSpace, Index & Index TableSpace

2 rows created.


Commit complete.


Export: Release 19.0.0.0.0 - Production on Fri Dec 12 01:41:07 2025
Version 19.27.0.0.0

Copyright (c) 1982, 2019, Oracle and/or its affiliates.  All rights reserved.

Connected to: Oracle Database 19c Enterprise Edition Release 19.0.0.0.0 - Production
FLASHBACK automatically enabled to preserve database integrity.
Starting "SYS"."SYS_EXPORT_TABLE_05":  userid="/******** AS SYSDBA" directory=EX_APPR_FS dumpfile=EX_APPR_11-12-2025_1995_2000_01-May-2023_01-Mar-2024_FS_%U.dmp logfile=EX_APPR_11-12-2025_1995_2000_01-May-2023_01-Mar-2024_FS.log parallel=18 EXCLUDE=statistics EXCLUDE=TRIGGER ENCRYPTION=ALL ENCRYPTION_MODE=DUAL ENCRYPTION_ALGORITHM=AES256 ENCRYPTION_PASSWORD=******** FILESIZE=10G COMPRESSION=ALL TABLES=SYSADM.PS_EX_APRVL_HIST_H QUERY=SYSADM.PS_EX_APRVL_HIST_H:"WHERE PSARCH_ID='EX_APPR' AND PSARCH_BATCHNUM||PSARCH_ID IN (SELECT PSARCH_BATCHNUM||PSARCH_ID FROM SYSADM.PSARCHBATCH WHERE PSARCH_DTTM >= '01-May-2023' AND PSARCH_DTTM < '01-Mar-2024')" 
Processing object type TABLE_EXPORT/TABLE/PROCACT_INSTANCE
Processing object type TABLE_EXPORT/TABLE/TABLE
Processing object type TABLE_EXPORT/TABLE/INDEX/FUNCTIONAL_INDEX/INDEX
Processing object type TABLE_EXPORT/TABLE/GRANT/OWNER_GRANT/OBJECT_GRANT
Processing object type TABLE_EXPORT/TABLE/TABLE_DATA
. . exported "SYSADM"."PS_EX_APRVL_HIST_H"                   0 KB       0 rows
Master table "SYS"."SYS_EXPORT_TABLE_05" successfully loaded/unloaded
******************************************************************************
Dump file set for SYS.SYS_EXPORT_TABLE_05 is:
  /backup/data_arch/EX_APPR/FS/EX_APPR_11-12-2025_1995_2000_01-May-2023_01-Mar-2024_FS_01.dmp
  /backup/data_arch/EX_APPR/FS/EX_APPR_11-12-2025_1995_2000_01-May-2023_01-Mar-2024_FS_02.dmp
  /backup/data_arch/EX_APPR/FS/EX_APPR_11-12-2025_1995_2000_01-May-2023_01-Mar-2024_FS_03.dmp
  /backup/data_arch/EX_APPR/FS/EX_APPR_11-12-2025_1995_2000_01-May-2023_01-Mar-2024_FS_04.dmp
  /backup/data_arch/EX_APPR/FS/EX_APPR_11-12-2025_1995_2000_01-May-2023_01-Mar-2024_FS_05.dmp
  /backup/data_arch/EX_APPR/FS/EX_APPR_11-12-2025_1995_2000_01-May-2023_01-Mar-2024_FS_06.dmp
  /backup/data_arch/EX_APPR/FS/EX_APPR_11-12-2025_1995_2000_01-May-2023_01-Mar-2024_FS_07.dmp
  /backup/data_arch/EX_APPR/FS/EX_APPR_11-12-2025_1995_2000_01-May-2023_01-Mar-2024_FS_08.dmp
  /backup/data_arch/EX_APPR/FS/EX_APPR_11-12-2025_1995_2000_01-May-2023_01-Mar-2024_FS_09.dmp
Job "SYS"."SYS_EXPORT_TABLE_05" successfully completed at Fri Dec 12 01:42:01 2025 elapsed 0 00:00:52

TEMPLATE_NAME:  EX_APPR
Error Count:  0
CURRENT DATE:  2025/12/12
Insert Data into PS_DATAMIN_EXPF_XX.

1 row created.


Commit complete.

Successful Export: Insert Done.
Template FSPRD-EX_APPR successfully Exported, started at  Fri Dec 12 01:41:07 EST 2025 and finished at Fri Dec 12 01:42:05 EST 2025
----------------------------------------------------------------------------------------
Finished export of Template : EX_APPR
----------------------------------------------------------------------------------------
#########################################################################################
Beginning export of Template : EX_AT_XX
#########################################################################################
 
=> ( 1 ) EX_ER_ATCH_H_XX : Get History Record Counts

1 row created.


Commit complete.

..Get TableSpace, Index & Index TableSpace

1 row created.


Commit complete.


Export: Release 19.0.0.0.0 - Production on Fri Dec 12 01:42:05 2025
Version 19.27.0.0.0

Copyright (c) 1982, 2019, Oracle and/or its affiliates.  All rights reserved.

Connected to: Oracle Database 19c Enterprise Edition Release 19.0.0.0.0 - Production
FLASHBACK automatically enabled to preserve database integrity.
Starting "SYS"."SYS_EXPORT_TABLE_05":  userid="/******** AS SYSDBA" directory=EX_AT_XX_FS dumpfile=EX_AT_XX_11-12-2025_1995_2000_01-May-2023_01-Mar-2024_FS_%U.dmp logfile=EX_AT_XX_11-12-2025_1995_2000_01-May-2023_01-Mar-2024_FS.log parallel=18 EXCLUDE=statistics EXCLUDE=TRIGGER ENCRYPTION=ALL ENCRYPTION_MODE=DUAL ENCRYPTION_ALGORITHM=AES256 ENCRYPTION_PASSWORD=******** FILESIZE=10G COMPRESSION=ALL TABLES=SYSADM.PS_EX_ER_ATCH_H_XX QUERY=SYSADM.PS_EX_ER_ATCH_H_XX:"WHERE PSARCH_ID='EX_AT_XX' AND PSARCH_BATCHNUM||PSARCH_ID IN (SELECT PSARCH_BATCHNUM||PSARCH_ID FROM SYSADM.PSARCHBATCH WHERE PSARCH_DTTM >= '01-May-2023' AND PSARCH_DTTM < '01-Mar-2024')" 
Processing object type TABLE_EXPORT/TABLE/PROCACT_INSTANCE
Processing object type TABLE_EXPORT/TABLE/TABLE
Processing object type TABLE_EXPORT/TABLE/GRANT/OWNER_GRANT/OBJECT_GRANT
Processing object type TABLE_EXPORT/TABLE/TABLE_DATA
. . exported "SYSADM"."PS_EX_ER_ATCH_H_XX"                   0 KB       0 rows
Processing object type TABLE_EXPORT/TABLE/INDEX/INDEX
Master table "SYS"."SYS_EXPORT_TABLE_05" successfully loaded/unloaded
******************************************************************************
Dump file set for SYS.SYS_EXPORT_TABLE_05 is:
  /backup/data_arch/EX_AT_XX/FS/EX_AT_XX_11-12-2025_1995_2000_01-May-2023_01-Mar-2024_FS_01.dmp
  /backup/data_arch/EX_AT_XX/FS/EX_AT_XX_11-12-2025_1995_2000_01-May-2023_01-Mar-2024_FS_02.dmp
  /backup/data_arch/EX_AT_XX/FS/EX_AT_XX_11-12-2025_1995_2000_01-May-2023_01-Mar-2024_FS_03.dmp
  /backup/data_arch/EX_AT_XX/FS/EX_AT_XX_11-12-2025_1995_2000_01-May-2023_01-Mar-2024_FS_04.dmp
  /backup/data_arch/EX_AT_XX/FS/EX_AT_XX_11-12-2025_1995_2000_01-May-2023_01-Mar-2024_FS_05.dmp
  /backup/data_arch/EX_AT_XX/FS/EX_AT_XX_11-12-2025_1995_2000_01-May-2023_01-Mar-2024_FS_06.dmp
  /backup/data_arch/EX_AT_XX/FS/EX_AT_XX_11-12-2025_1995_2000_01-May-2023_01-Mar-2024_FS_07.dmp
  /backup/data_arch/EX_AT_XX/FS/EX_AT_XX_11-12-2025_1995_2000_01-May-2023_01-Mar-2024_FS_08.dmp
  /backup/data_arch/EX_AT_XX/FS/EX_AT_XX_11-12-2025_1995_2000_01-May-2023_01-Mar-2024_FS_09.dmp
Job "SYS"."SYS_EXPORT_TABLE_05" successfully completed at Fri Dec 12 01:42:58 2025 elapsed 0 00:00:52

TEMPLATE_NAME:  EX_AT_XX
Error Count:  0
CURRENT DATE:  2025/12/12
Insert Data into PS_DATAMIN_EXPF_XX.

1 row created.


Commit complete.

Successful Export: Insert Done.
Template FSPRD-EX_AT_XX successfully Exported, started at  Fri Dec 12 01:42:05 EST 2025 and finished at Fri Dec 12 01:43:05 EST 2025
----------------------------------------------------------------------------------------
Finished export of Template : EX_AT_XX
----------------------------------------------------------------------------------------
#########################################################################################
Beginning export of Template : EX_ER_AD
#########################################################################################
 
=> ( 1 ) EX_SHEET_AW_H : Get History Record Counts

1 row created.


Commit complete.

..Get TableSpace, Index & Index TableSpace

2 rows created.


Commit complete.


Export: Release 19.0.0.0.0 - Production on Fri Dec 12 01:43:05 2025
Version 19.27.0.0.0

Copyright (c) 1982, 2019, Oracle and/or its affiliates.  All rights reserved.

Connected to: Oracle Database 19c Enterprise Edition Release 19.0.0.0.0 - Production
FLASHBACK automatically enabled to preserve database integrity.
Starting "SYS"."SYS_EXPORT_TABLE_05":  userid="/******** AS SYSDBA" directory=EX_ER_AD_FS dumpfile=EX_ER_AD_11-12-2025_1995_2000_01-May-2023_01-Mar-2024_FS_%U.dmp logfile=EX_ER_AD_11-12-2025_1995_2000_01-May-2023_01-Mar-2024_FS.log parallel=18 EXCLUDE=statistics EXCLUDE=TRIGGER ENCRYPTION=ALL ENCRYPTION_MODE=DUAL ENCRYPTION_ALGORITHM=AES256 ENCRYPTION_PASSWORD=******** FILESIZE=10G COMPRESSION=ALL TABLES=SYSADM.PS_EX_SHEET_AW_H QUERY=SYSADM.PS_EX_SHEET_AW_H:"WHERE PSARCH_ID='EX_ER_AD' AND PSARCH_BATCHNUM||PSARCH_ID IN (SELECT PSARCH_BATCHNUM||PSARCH_ID FROM SYSADM.PSARCHBATCH WHERE PSARCH_DTTM >= '01-May-2023' AND PSARCH_DTTM < '01-Mar-2024')" 
Processing object type TABLE_EXPORT/TABLE/PROCACT_INSTANCE
Processing object type TABLE_EXPORT/TABLE/TABLE
Processing object type TABLE_EXPORT/TABLE/GRANT/OWNER_GRANT/OBJECT_GRANT
Processing object type TABLE_EXPORT/TABLE/TABLE_DATA
. . exported "SYSADM"."PS_EX_SHEET_AW_H"                     0 KB       0 rows
Processing object type TABLE_EXPORT/TABLE/INDEX/INDEX
Master table "SYS"."SYS_EXPORT_TABLE_05" successfully loaded/unloaded
******************************************************************************
Dump file set for SYS.SYS_EXPORT_TABLE_05 is:
  /backup/data_arch/EX_ER_AD/FS/EX_ER_AD_11-12-2025_1995_2000_01-May-2023_01-Mar-2024_FS_01.dmp
  /backup/data_arch/EX_ER_AD/FS/EX_ER_AD_11-12-2025_1995_2000_01-May-2023_01-Mar-2024_FS_02.dmp
  /backup/data_arch/EX_ER_AD/FS/EX_ER_AD_11-12-2025_1995_2000_01-May-2023_01-Mar-2024_FS_03.dmp
  /backup/data_arch/EX_ER_AD/FS/EX_ER_AD_11-12-2025_1995_2000_01-May-2023_01-Mar-2024_FS_04.dmp
  /backup/data_arch/EX_ER_AD/FS/EX_ER_AD_11-12-2025_1995_2000_01-May-2023_01-Mar-2024_FS_05.dmp
  /backup/data_arch/EX_ER_AD/FS/EX_ER_AD_11-12-2025_1995_2000_01-May-2023_01-Mar-2024_FS_06.dmp
  /backup/data_arch/EX_ER_AD/FS/EX_ER_AD_11-12-2025_1995_2000_01-May-2023_01-Mar-2024_FS_07.dmp
  /backup/data_arch/EX_ER_AD/FS/EX_ER_AD_11-12-2025_1995_2000_01-May-2023_01-Mar-2024_FS_08.dmp
  /backup/data_arch/EX_ER_AD/FS/EX_ER_AD_11-12-2025_1995_2000_01-May-2023_01-Mar-2024_FS_09.dmp
Job "SYS"."SYS_EXPORT_TABLE_05" successfully completed at Fri Dec 12 01:43:58 2025 elapsed 0 00:00:52

TEMPLATE_NAME:  EX_ER_AD
Error Count:  0
CURRENT DATE:  2025/12/12
Insert Data into PS_DATAMIN_EXPF_XX.

1 row created.


Commit complete.

Successful Export: Insert Done.
Template FSPRD-EX_ER_AD successfully Exported, started at  Fri Dec 12 01:43:05 EST 2025 and finished at Fri Dec 12 01:44:03 EST 2025
----------------------------------------------------------------------------------------
Finished export of Template : EX_ER_AD
----------------------------------------------------------------------------------------
#########################################################################################
Beginning export of Template : EX_FL_XX
#########################################################################################
 
=> ( 1 ) EID_FILE_EX_HXX : Get History Record Counts

1 row created.


Commit complete.

..Get TableSpace, Index & Index TableSpace

1 row created.


Commit complete.


Export: Release 19.0.0.0.0 - Production on Fri Dec 12 01:44:04 2025
Version 19.27.0.0.0

Copyright (c) 1982, 2019, Oracle and/or its affiliates.  All rights reserved.

Connected to: Oracle Database 19c Enterprise Edition Release 19.0.0.0.0 - Production
FLASHBACK automatically enabled to preserve database integrity.
Starting "SYS"."SYS_EXPORT_TABLE_05":  userid="/******** AS SYSDBA" directory=EX_FL_XX_FS dumpfile=EX_FL_XX_11-12-2025_1995_2000_01-May-2023_01-Mar-2024_FS_%U.dmp logfile=EX_FL_XX_11-12-2025_1995_2000_01-May-2023_01-Mar-2024_FS.log parallel=18 EXCLUDE=statistics EXCLUDE=TRIGGER ENCRYPTION=ALL ENCRYPTION_MODE=DUAL ENCRYPTION_ALGORITHM=AES256 ENCRYPTION_PASSWORD=******** FILESIZE=10G COMPRESSION=ALL TABLES=SYSADM.PS_EID_FILE_EX_HXX QUERY=SYSADM.PS_EID_FILE_EX_HXX:"WHERE PSARCH_ID='EX_FL_XX' AND PSARCH_BATCHNUM||PSARCH_ID IN (SELECT PSARCH_BATCHNUM||PSARCH_ID FROM SYSADM.PSARCHBATCH WHERE PSARCH_DTTM >= '01-May-2023' AND PSARCH_DTTM < '01-Mar-2024')" 
Processing object type TABLE_EXPORT/TABLE/PROCACT_INSTANCE
Processing object type TABLE_EXPORT/TABLE/TABLE
Processing object type TABLE_EXPORT/TABLE/GRANT/OWNER_GRANT/OBJECT_GRANT
Processing object type TABLE_EXPORT/TABLE/TABLE_DATA
. . exported "SYSADM"."PS_EID_FILE_EX_HXX"                   0 KB       0 rows
Processing object type TABLE_EXPORT/TABLE/INDEX/INDEX
Master table "SYS"."SYS_EXPORT_TABLE_05" successfully loaded/unloaded
******************************************************************************
Dump file set for SYS.SYS_EXPORT_TABLE_05 is:
  /backup/data_arch/EX_FL_XX/FS/EX_FL_XX_11-12-2025_1995_2000_01-May-2023_01-Mar-2024_FS_01.dmp
  /backup/data_arch/EX_FL_XX/FS/EX_FL_XX_11-12-2025_1995_2000_01-May-2023_01-Mar-2024_FS_02.dmp
  /backup/data_arch/EX_FL_XX/FS/EX_FL_XX_11-12-2025_1995_2000_01-May-2023_01-Mar-2024_FS_03.dmp
  /backup/data_arch/EX_FL_XX/FS/EX_FL_XX_11-12-2025_1995_2000_01-May-2023_01-Mar-2024_FS_04.dmp
  /backup/data_arch/EX_FL_XX/FS/EX_FL_XX_11-12-2025_1995_2000_01-May-2023_01-Mar-2024_FS_05.dmp
  /backup/data_arch/EX_FL_XX/FS/EX_FL_XX_11-12-2025_1995_2000_01-May-2023_01-Mar-2024_FS_06.dmp
  /backup/data_arch/EX_FL_XX/FS/EX_FL_XX_11-12-2025_1995_2000_01-May-2023_01-Mar-2024_FS_07.dmp
  /backup/data_arch/EX_FL_XX/FS/EX_FL_XX_11-12-2025_1995_2000_01-May-2023_01-Mar-2024_FS_08.dmp
  /backup/data_arch/EX_FL_XX/FS/EX_FL_XX_11-12-2025_1995_2000_01-May-2023_01-Mar-2024_FS_09.dmp
Job "SYS"."SYS_EXPORT_TABLE_05" successfully completed at Fri Dec 12 01:44:55 2025 elapsed 0 00:00:51

TEMPLATE_NAME:  EX_FL_XX
Error Count:  0
CURRENT DATE:  2025/12/12
Insert Data into PS_DATAMIN_EXPF_XX.

1 row created.


Commit complete.

Successful Export: Insert Done.
Template FSPRD-EX_FL_XX successfully Exported, started at  Fri Dec 12 01:44:04 EST 2025 and finished at Fri Dec 12 01:45:00 EST 2025
----------------------------------------------------------------------------------------
Finished export of Template : EX_FL_XX
----------------------------------------------------------------------------------------
#########################################################################################
Beginning export of Template : EX_MYWAL
#########################################################################################
 
=> ( 1 ) EX_ENHC_DET_H : Get History Record Counts

1 row created.


Commit complete.

..Get TableSpace, Index & Index TableSpace

1 row created.


Commit complete.

=> ( 2 ) EX_ENHC_DTAMX_H : Get History Record Counts

1 row created.


Commit complete.

..Get TableSpace, Index & Index TableSpace

1 row created.


Commit complete.

=> ( 3 ) EX_ENHC_SMAMX_H : Get History Record Counts

1 row created.


Commit complete.

..Get TableSpace, Index & Index TableSpace

1 row created.


Commit complete.

=> ( 4 ) EX_ENHC_SUMM_H : Get History Record Counts

1 row created.


Commit complete.

..Get TableSpace, Index & Index TableSpace

1 row created.


Commit complete.

=> ( 5 ) EX_TRANS_H : Get History Record Counts

1 row created.


Commit complete.

..Get TableSpace, Index & Index TableSpace

2 rows created.


Commit complete.


Export: Release 19.0.0.0.0 - Production on Fri Dec 12 01:45:03 2025
Version 19.27.0.0.0

Copyright (c) 1982, 2019, Oracle and/or its affiliates.  All rights reserved.

Connected to: Oracle Database 19c Enterprise Edition Release 19.0.0.0.0 - Production
FLASHBACK automatically enabled to preserve database integrity.
Starting "SYS"."SYS_EXPORT_TABLE_05":  userid="/******** AS SYSDBA" directory=EX_MYWAL_FS dumpfile=EX_MYWAL_11-12-2025_1995_2000_01-May-2023_01-Mar-2024_FS_%U.dmp logfile=EX_MYWAL_11-12-2025_1995_2000_01-May-2023_01-Mar-2024_FS.log parallel=18 EXCLUDE=statistics EXCLUDE=TRIGGER ENCRYPTION=ALL ENCRYPTION_MODE=DUAL ENCRYPTION_ALGORITHM=AES256 ENCRYPTION_PASSWORD=******** FILESIZE=10G COMPRESSION=ALL TABLES=SYSADM.PS_EX_ENHC_DET_H QUERY=SYSADM.PS_EX_ENHC_DET_H:"WHERE PSARCH_ID='EX_MYWAL' AND PSARCH_BATCHNUM||PSARCH_ID IN (SELECT PSARCH_BATCHNUM||PSARCH_ID FROM SYSADM.PSARCHBATCH WHERE PSARCH_DTTM >= '01-May-2023' AND PSARCH_DTTM < '01-Mar-2024')" TABLES=SYSADM.PS_EX_ENHC_DTAMX_H QUERY=SYSADM.PS_EX_ENHC_DTAMX_H:"WHERE PSARCH_ID='EX_MYWAL' AND PSARCH_BATCHNUM||PSARCH_ID IN (SELECT PSARCH_BATCHNUM||PSARCH_ID FROM SYSADM.PSARCHBATCH WHERE PSARCH_DTTM >= '01-May-2023' AND PSARCH_DTTM < '01-Mar-2024')" TABLES=SYSADM.PS_EX_ENHC_SMAMX_H QUERY=SYSADM.PS_EX_ENHC_SMAMX_H:"WHERE PSARCH_ID='EX_MYWAL' AND PSARCH_BATCHNUM||PSARCH_ID IN (SELECT PSARCH_BATCHNUM||PSARCH_ID FROM SYSADM.PSARCHBATCH WHERE PSARCH_DTTM >= '01-May-2023' AND PSARCH_DTTM < '01-Mar-2024')" TABLES=SYSADM.PS_EX_ENHC_SUMM_H QUERY=SYSADM.PS_EX_ENHC_SUMM_H:"WHERE PSARCH_ID='EX_MYWAL' AND PSARCH_BATCHNUM||PSARCH_ID IN (SELECT PSARCH_BATCHNUM||PSARCH_ID FROM SYSADM.PSARCHBATCH WHERE PSARCH_DTTM >= '01-May-2023' AND PSARCH_DTTM < '01-Mar-2024')" TABLES=SYSADM.PS_EX_TRANS_H QUERY=SYSADM.PS_EX_TRANS_H:"WHERE PSARCH_ID='EX_MYWAL' AND PSARCH_BATCHNUM||PSARCH_ID IN (SELECT PSARCH_BATCHNUM||PSARCH_ID FROM SYSADM.PSARCHBATCH WHERE PSARCH_DTTM >= '01-May-2023' AND PSARCH_DTTM < '01-Mar-2024')" 
Processing object type TABLE_EXPORT/TABLE/PROCACT_INSTANCE
Processing object type TABLE_EXPORT/TABLE/TABLE
Processing object type TABLE_EXPORT/TABLE/GRANT/OWNER_GRANT/OBJECT_GRANT
Processing object type TABLE_EXPORT/TABLE/TABLE_DATA
. . exported "SYSADM"."PS_EX_ENHC_DET_H"                     0 KB       0 rows
. . exported "SYSADM"."PS_EX_ENHC_DTAMX_H"                   0 KB       0 rows
. . exported "SYSADM"."PS_EX_ENHC_SMAMX_H"                   0 KB       0 rows
. . exported "SYSADM"."PS_EX_ENHC_SUMM_H"                    0 KB       0 rows
. . exported "SYSADM"."PS_EX_TRANS_H"                        0 KB       0 rows
Processing object type TABLE_EXPORT/TABLE/INDEX/INDEX
Master table "SYS"."SYS_EXPORT_TABLE_05" successfully loaded/unloaded
******************************************************************************
Dump file set for SYS.SYS_EXPORT_TABLE_05 is:
  /backup/data_arch/EX_MYWAL/FS/EX_MYWAL_11-12-2025_1995_2000_01-May-2023_01-Mar-2024_FS_01.dmp
  /backup/data_arch/EX_MYWAL/FS/EX_MYWAL_11-12-2025_1995_2000_01-May-2023_01-Mar-2024_FS_02.dmp
  /backup/data_arch/EX_MYWAL/FS/EX_MYWAL_11-12-2025_1995_2000_01-May-2023_01-Mar-2024_FS_03.dmp
  /backup/data_arch/EX_MYWAL/FS/EX_MYWAL_11-12-2025_1995_2000_01-May-2023_01-Mar-2024_FS_04.dmp
  /backup/data_arch/EX_MYWAL/FS/EX_MYWAL_11-12-2025_1995_2000_01-May-2023_01-Mar-2024_FS_05.dmp
  /backup/data_arch/EX_MYWAL/FS/EX_MYWAL_11-12-2025_1995_2000_01-May-2023_01-Mar-2024_FS_06.dmp
  /backup/data_arch/EX_MYWAL/FS/EX_MYWAL_11-12-2025_1995_2000_01-May-2023_01-Mar-2024_FS_07.dmp
  /backup/data_arch/EX_MYWAL/FS/EX_MYWAL_11-12-2025_1995_2000_01-May-2023_01-Mar-2024_FS_08.dmp
  /backup/data_arch/EX_MYWAL/FS/EX_MYWAL_11-12-2025_1995_2000_01-May-2023_01-Mar-2024_FS_09.dmp
Job "SYS"."SYS_EXPORT_TABLE_05" successfully completed at Fri Dec 12 01:45:56 2025 elapsed 0 00:00:52

TEMPLATE_NAME:  EX_MYWAL
Error Count:  0
CURRENT DATE:  2025/12/12
Insert Data into PS_DATAMIN_EXPF_XX.

1 row created.


Commit complete.

Successful Export: Insert Done.
Template FSPRD-EX_MYWAL successfully Exported, started at  Fri Dec 12 01:45:03 EST 2025 and finished at Fri Dec 12 01:46:01 EST 2025
----------------------------------------------------------------------------------------
Finished export of Template : EX_MYWAL
----------------------------------------------------------------------------------------
#########################################################################################
Beginning export of Template : EX_NS_XX
#########################################################################################
 
=> ( 1 ) EOAW_NEMSTS_HXX : Get History Record Counts

1 row created.


Commit complete.

..Get TableSpace, Index & Index TableSpace

1 row created.


Commit complete.


Export: Release 19.0.0.0.0 - Production on Fri Dec 12 01:46:02 2025
Version 19.27.0.0.0

Copyright (c) 1982, 2019, Oracle and/or its affiliates.  All rights reserved.

Connected to: Oracle Database 19c Enterprise Edition Release 19.0.0.0.0 - Production
FLASHBACK automatically enabled to preserve database integrity.
Starting "SYS"."SYS_EXPORT_TABLE_05":  userid="/******** AS SYSDBA" directory=EX_NS_XX_FS dumpfile=EX_NS_XX_11-12-2025_1995_2000_01-May-2023_01-Mar-2024_FS_%U.dmp logfile=EX_NS_XX_11-12-2025_1995_2000_01-May-2023_01-Mar-2024_FS.log parallel=18 EXCLUDE=statistics EXCLUDE=TRIGGER ENCRYPTION=ALL ENCRYPTION_MODE=DUAL ENCRYPTION_ALGORITHM=AES256 ENCRYPTION_PASSWORD=******** FILESIZE=10G COMPRESSION=ALL TABLES=SYSADM.PS_EOAW_NEMSTS_HXX QUERY=SYSADM.PS_EOAW_NEMSTS_HXX:"WHERE PSARCH_ID='EX_NS_XX' AND PSARCH_BATCHNUM||PSARCH_ID IN (SELECT PSARCH_BATCHNUM||PSARCH_ID FROM SYSADM.PSARCHBATCH WHERE PSARCH_DTTM >= '01-May-2023' AND PSARCH_DTTM < '01-Mar-2024')" 
Processing object type TABLE_EXPORT/TABLE/PROCACT_INSTANCE
Processing object type TABLE_EXPORT/TABLE/TABLE
Processing object type TABLE_EXPORT/TABLE/GRANT/OWNER_GRANT/OBJECT_GRANT
Processing object type TABLE_EXPORT/TABLE/TABLE_DATA
. . exported "SYSADM"."PS_EOAW_NEMSTS_HXX"                   0 KB       0 rows
Processing object type TABLE_EXPORT/TABLE/INDEX/INDEX
Master table "SYS"."SYS_EXPORT_TABLE_05" successfully loaded/unloaded
******************************************************************************
Dump file set for SYS.SYS_EXPORT_TABLE_05 is:
  /backup/data_arch/EX_NS_XX/FS/EX_NS_XX_11-12-2025_1995_2000_01-May-2023_01-Mar-2024_FS_01.dmp
  /backup/data_arch/EX_NS_XX/FS/EX_NS_XX_11-12-2025_1995_2000_01-May-2023_01-Mar-2024_FS_02.dmp
  /backup/data_arch/EX_NS_XX/FS/EX_NS_XX_11-12-2025_1995_2000_01-May-2023_01-Mar-2024_FS_03.dmp
  /backup/data_arch/EX_NS_XX/FS/EX_NS_XX_11-12-2025_1995_2000_01-May-2023_01-Mar-2024_FS_04.dmp
  /backup/data_arch/EX_NS_XX/FS/EX_NS_XX_11-12-2025_1995_2000_01-May-2023_01-Mar-2024_FS_05.dmp
  /backup/data_arch/EX_NS_XX/FS/EX_NS_XX_11-12-2025_1995_2000_01-May-2023_01-Mar-2024_FS_06.dmp
  /backup/data_arch/EX_NS_XX/FS/EX_NS_XX_11-12-2025_1995_2000_01-May-2023_01-Mar-2024_FS_07.dmp
  /backup/data_arch/EX_NS_XX/FS/EX_NS_XX_11-12-2025_1995_2000_01-May-2023_01-Mar-2024_FS_08.dmp
  /backup/data_arch/EX_NS_XX/FS/EX_NS_XX_11-12-2025_1995_2000_01-May-2023_01-Mar-2024_FS_09.dmp
Job "SYS"."SYS_EXPORT_TABLE_05" successfully completed at Fri Dec 12 01:46:54 2025 elapsed 0 00:00:52

TEMPLATE_NAME:  EX_NS_XX
Error Count:  0
CURRENT DATE:  2025/12/12
Insert Data into PS_DATAMIN_EXPF_XX.

1 row created.


Commit complete.

Successful Export: Insert Done.
Template FSPRD-EX_NS_XX successfully Exported, started at  Fri Dec 12 01:46:02 EST 2025 and finished at Fri Dec 12 01:46:56 EST 2025
----------------------------------------------------------------------------------------
Finished export of Template : EX_NS_XX
----------------------------------------------------------------------------------------
#########################################################################################
Beginning export of Template : EX_SY_XX
#########################################################################################
 
=> ( 1 ) EOAW_COMNTS_HXX : Get History Record Counts

1 row created.


Commit complete.

..Get TableSpace, Index & Index TableSpace

2 rows created.


Commit complete.

=> ( 2 ) EOAW_HISCOM_HXX : Get History Record Counts

1 row created.


Commit complete.

..Get TableSpace, Index & Index TableSpace

2 rows created.


Commit complete.

=> ( 3 ) EOAW_SPINST_HXX : Get History Record Counts

1 row created.


Commit complete.

..Get TableSpace, Index & Index TableSpace

1 row created.


Commit complete.

=> ( 4 ) EOAW_SUMDTL_HXX : Get History Record Counts

1 row created.


Commit complete.

..Get TableSpace, Index & Index TableSpace

1 row created.


Commit complete.

=> ( 5 ) EOAW_SUMM_HXX : Get History Record Counts

1 row created.


Commit complete.

..Get TableSpace, Index & Index TableSpace

2 rows created.


Commit complete.

=> ( 6 ) EOAW_WL_HXX : Get History Record Counts

1 row created.


Commit complete.

..Get TableSpace, Index & Index TableSpace

1 row created.


Commit complete.


Export: Release 19.0.0.0.0 - Production on Fri Dec 12 01:46:58 2025
Version 19.27.0.0.0

Copyright (c) 1982, 2019, Oracle and/or its affiliates.  All rights reserved.

Connected to: Oracle Database 19c Enterprise Edition Release 19.0.0.0.0 - Production
FLASHBACK automatically enabled to preserve database integrity.
Starting "SYS"."SYS_EXPORT_TABLE_05":  userid="/******** AS SYSDBA" directory=EX_SY_XX_FS dumpfile=EX_SY_XX_11-12-2025_1995_2000_01-May-2023_01-Mar-2024_FS_%U.dmp logfile=EX_SY_XX_11-12-2025_1995_2000_01-May-2023_01-Mar-2024_FS.log parallel=18 EXCLUDE=statistics EXCLUDE=TRIGGER ENCRYPTION=ALL ENCRYPTION_MODE=DUAL ENCRYPTION_ALGORITHM=AES256 ENCRYPTION_PASSWORD=******** FILESIZE=10G COMPRESSION=ALL TABLES=SYSADM.PS_EOAW_COMNTS_HXX QUERY=SYSADM.PS_EOAW_COMNTS_HXX:"WHERE PSARCH_ID='EX_SY_XX' AND PSARCH_BATCHNUM||PSARCH_ID IN (SELECT PSARCH_BATCHNUM||PSARCH_ID FROM SYSADM.PSARCHBATCH WHERE PSARCH_DTTM >= '01-May-2023' AND PSARCH_DTTM < '01-Mar-2024')" TABLES=SYSADM.PS_EOAW_HISCOM_HXX QUERY=SYSADM.PS_EOAW_HISCOM_HXX:"WHERE PSARCH_ID='EX_SY_XX' AND PSARCH_BATCHNUM||PSARCH_ID IN (SELECT PSARCH_BATCHNUM||PSARCH_ID FROM SYSADM.PSARCHBATCH WHERE PSARCH_DTTM >= '01-May-2023' AND PSARCH_DTTM < '01-Mar-2024')" TABLES=SYSADM.PS_EOAW_SPINST_HXX QUERY=SYSADM.PS_EOAW_SPINST_HXX:"WHERE PSARCH_ID='EX_SY_XX' AND PSARCH_BATCHNUM||PSARCH_ID IN (SELECT PSARCH_BATCHNUM||PSARCH_ID FROM SYSADM.PSARCHBATCH WHERE PSARCH_DTTM >= '01-May-2023' AND PSARCH_DTTM < '01-Mar-2024')" TABLES=SYSADM.PS_EOAW_SUMDTL_HXX QUERY=SYSADM.PS_EOAW_SUMDTL_HXX:"WHERE PSARCH_ID='EX_SY_XX' AND PSARCH_BATCHNUM||PSARCH_ID IN (SELECT PSARCH_BATCHNUM||PSARCH_ID FROM SYSADM.PSARCHBATCH WHERE PSARCH_DTTM >= '01-May-2023' AND PSARCH_DTTM < '01-Mar-2024')" TABLES=SYSADM.PS_EOAW_SUMM_HXX QUERY=SYSADM.PS_EOAW_SUMM_HXX:"WHERE PSARCH_ID='EX_SY_XX' AND PSARCH_BATCHNUM||PSARCH_ID IN (SELECT PSARCH_BATCHNUM||PSARCH_ID FROM SYSADM.PSARCHBATCH WHERE PSARCH_DTTM >= '01-May-2023' AND PSARCH_DTTM < '01-Mar-2024')" TABLES=SYSADM.PS_EOAW_WL_HXX QUERY=SYSADM.PS_EOAW_WL_HXX:"WHERE PSARCH_ID='EX_SY_XX' AND PSARCH_BATCHNUM||PSARCH_ID IN (SELECT PSARCH_BATCHNUM||PSARCH_ID FROM SYSADM.PSARCHBATCH WHERE PSARCH_DTTM >= '01-May-2023' AND PSARCH_DTTM < '01-Mar-2024')" 
Processing object type TABLE_EXPORT/TABLE/PROCACT_INSTANCE
Processing object type TABLE_EXPORT/TABLE/TABLE
Processing object type TABLE_EXPORT/TABLE/GRANT/OWNER_GRANT/OBJECT_GRANT
Processing object type TABLE_EXPORT/TABLE/TABLE_DATA
. . exported "SYSADM"."PS_EOAW_COMNTS_HXX"                   0 KB       0 rows
. . exported "SYSADM"."PS_EOAW_HISCOM_HXX"                   0 KB       0 rows
. . exported "SYSADM"."PS_EOAW_SPINST_HXX"                   0 KB       0 rows
. . exported "SYSADM"."PS_EOAW_SUMDTL_HXX"                   0 KB       0 rows
. . exported "SYSADM"."PS_EOAW_SUMM_HXX"                     0 KB       0 rows
. . exported "SYSADM"."PS_EOAW_WL_HXX"                       0 KB       0 rows
Processing object type TABLE_EXPORT/TABLE/INDEX/INDEX
Master table "SYS"."SYS_EXPORT_TABLE_05" successfully loaded/unloaded
******************************************************************************
Dump file set for SYS.SYS_EXPORT_TABLE_05 is:
  /backup/data_arch/EX_SY_XX/FS/EX_SY_XX_11-12-2025_1995_2000_01-May-2023_01-Mar-2024_FS_01.dmp
  /backup/data_arch/EX_SY_XX/FS/EX_SY_XX_11-12-2025_1995_2000_01-May-2023_01-Mar-2024_FS_02.dmp
  /backup/data_arch/EX_SY_XX/FS/EX_SY_XX_11-12-2025_1995_2000_01-May-2023_01-Mar-2024_FS_03.dmp
  /backup/data_arch/EX_SY_XX/FS/EX_SY_XX_11-12-2025_1995_2000_01-May-2023_01-Mar-2024_FS_04.dmp
  /backup/data_arch/EX_SY_XX/FS/EX_SY_XX_11-12-2025_1995_2000_01-May-2023_01-Mar-2024_FS_05.dmp
  /backup/data_arch/EX_SY_XX/FS/EX_SY_XX_11-12-2025_1995_2000_01-May-2023_01-Mar-2024_FS_06.dmp
  /backup/data_arch/EX_SY_XX/FS/EX_SY_XX_11-12-2025_1995_2000_01-May-2023_01-Mar-2024_FS_07.dmp
  /backup/data_arch/EX_SY_XX/FS/EX_SY_XX_11-12-2025_1995_2000_01-May-2023_01-Mar-2024_FS_08.dmp
  /backup/data_arch/EX_SY_XX/FS/EX_SY_XX_11-12-2025_1995_2000_01-May-2023_01-Mar-2024_FS_09.dmp
Job "SYS"."SYS_EXPORT_TABLE_05" successfully completed at Fri Dec 12 01:47:49 2025 elapsed 0 00:00:50

TEMPLATE_NAME:  EX_SY_XX
Error Count:  0
CURRENT DATE:  2025/12/12
Insert Data into PS_DATAMIN_EXPF_XX.

1 row created.


Commit complete.

Successful Export: Insert Done.
Template FSPRD-EX_SY_XX successfully Exported, started at  Fri Dec 12 01:46:58 EST 2025 and finished at Fri Dec 12 01:47:53 EST 2025
----------------------------------------------------------------------------------------
Finished export of Template : EX_SY_XX
----------------------------------------------------------------------------------------
#########################################################################################
Beginning export of Template : EX_UI_XX
#########################################################################################
 
=> ( 1 ) EOAW_UESCAL_HXX : Get History Record Counts

1 row created.


Commit complete.

..Get TableSpace, Index & Index TableSpace

1 row created.


Commit complete.

=> ( 2 ) EOAW_URINST_HXX : Get History Record Counts

1 row created.


Commit complete.

..Get TableSpace, Index & Index TableSpace

1 row created.


Commit complete.


Export: Release 19.0.0.0.0 - Production on Fri Dec 12 01:47:53 2025
Version 19.27.0.0.0

Copyright (c) 1982, 2019, Oracle and/or its affiliates.  All rights reserved.

Connected to: Oracle Database 19c Enterprise Edition Release 19.0.0.0.0 - Production
FLASHBACK automatically enabled to preserve database integrity.
Starting "SYS"."SYS_EXPORT_TABLE_05":  userid="/******** AS SYSDBA" directory=EX_UI_XX_FS dumpfile=EX_UI_XX_11-12-2025_1995_2000_01-May-2023_01-Mar-2024_FS_%U.dmp logfile=EX_UI_XX_11-12-2025_1995_2000_01-May-2023_01-Mar-2024_FS.log parallel=18 EXCLUDE=statistics EXCLUDE=TRIGGER ENCRYPTION=ALL ENCRYPTION_MODE=DUAL ENCRYPTION_ALGORITHM=AES256 ENCRYPTION_PASSWORD=******** FILESIZE=10G COMPRESSION=ALL TABLES=SYSADM.PS_EOAW_UESCAL_HXX QUERY=SYSADM.PS_EOAW_UESCAL_HXX:"WHERE PSARCH_ID='EX_UI_XX' AND PSARCH_BATCHNUM||PSARCH_ID IN (SELECT PSARCH_BATCHNUM||PSARCH_ID FROM SYSADM.PSARCHBATCH WHERE PSARCH_DTTM >= '01-May-2023' AND PSARCH_DTTM < '01-Mar-2024')" TABLES=SYSADM.PS_EOAW_URINST_HXX QUERY=SYSADM.PS_EOAW_URINST_HXX:"WHERE PSARCH_ID='EX_UI_XX' AND PSARCH_BATCHNUM||PSARCH_ID IN (SELECT PSARCH_BATCHNUM||PSARCH_ID FROM SYSADM.PSARCHBATCH WHERE PSARCH_DTTM >= '01-May-2023' AND PSARCH_DTTM < '01-Mar-2024')" 
Processing object type TABLE_EXPORT/TABLE/PROCACT_INSTANCE
Processing object type TABLE_EXPORT/TABLE/TABLE
Processing object type TABLE_EXPORT/TABLE/GRANT/OWNER_GRANT/OBJECT_GRANT
Processing object type TABLE_EXPORT/TABLE/TABLE_DATA
. . exported "SYSADM"."PS_EOAW_UESCAL_HXX"                   0 KB       0 rows
. . exported "SYSADM"."PS_EOAW_URINST_HXX"                   0 KB       0 rows
Processing object type TABLE_EXPORT/TABLE/INDEX/INDEX
Master table "SYS"."SYS_EXPORT_TABLE_05" successfully loaded/unloaded
******************************************************************************
Dump file set for SYS.SYS_EXPORT_TABLE_05 is:
  /backup/data_arch/EX_UI_XX/FS/EX_UI_XX_11-12-2025_1995_2000_01-May-2023_01-Mar-2024_FS_01.dmp
  /backup/data_arch/EX_UI_XX/FS/EX_UI_XX_11-12-2025_1995_2000_01-May-2023_01-Mar-2024_FS_02.dmp
  /backup/data_arch/EX_UI_XX/FS/EX_UI_XX_11-12-2025_1995_2000_01-May-2023_01-Mar-2024_FS_03.dmp
  /backup/data_arch/EX_UI_XX/FS/EX_UI_XX_11-12-2025_1995_2000_01-May-2023_01-Mar-2024_FS_04.dmp
  /backup/data_arch/EX_UI_XX/FS/EX_UI_XX_11-12-2025_1995_2000_01-May-2023_01-Mar-2024_FS_05.dmp
  /backup/data_arch/EX_UI_XX/FS/EX_UI_XX_11-12-2025_1995_2000_01-May-2023_01-Mar-2024_FS_06.dmp
  /backup/data_arch/EX_UI_XX/FS/EX_UI_XX_11-12-2025_1995_2000_01-May-2023_01-Mar-2024_FS_07.dmp
  /backup/data_arch/EX_UI_XX/FS/EX_UI_XX_11-12-2025_1995_2000_01-May-2023_01-Mar-2024_FS_08.dmp
  /backup/data_arch/EX_UI_XX/FS/EX_UI_XX_11-12-2025_1995_2000_01-May-2023_01-Mar-2024_FS_09.dmp
Job "SYS"."SYS_EXPORT_TABLE_05" successfully completed at Fri Dec 12 01:48:46 2025 elapsed 0 00:00:52

TEMPLATE_NAME:  EX_UI_XX
Error Count:  0
CURRENT DATE:  2025/12/12
Insert Data into PS_DATAMIN_EXPF_XX.

1 row created.


Commit complete.

Successful Export: Insert Done.
Template FSPRD-EX_UI_XX successfully Exported, started at  Fri Dec 12 01:47:53 EST 2025 and finished at Fri Dec 12 01:48:52 EST 2025
----------------------------------------------------------------------------------------
Finished export of Template : EX_UI_XX
----------------------------------------------------------------------------------------
#########################################################################################
Beginning export of Template : FG_AK_XX
#########################################################################################
 
=> ( 1 ) PMT_ACK_ERR_HXX : Get History Record Counts

1 row created.


Commit complete.

..Get TableSpace, Index & Index TableSpace

1 row created.


Commit complete.

=> ( 2 ) PMT_ACK_HDR_HXX : Get History Record Counts

1 row created.


Commit complete.

..Get TableSpace, Index & Index TableSpace

1 row created.


Commit complete.

=> ( 3 ) PMT_ACK_H_XX : Get History Record Counts

1 row created.


Commit complete.

..Get TableSpace, Index & Index TableSpace

1 row created.


Commit complete.

=> ( 4 ) PMT_FIL_ACK_HXX : Get History Record Counts

1 row created.


Commit complete.

..Get TableSpace, Index & Index TableSpace

1 row created.


Commit complete.

=> ( 5 ) PMT_FIL_ERR_HXX : Get History Record Counts

1 row created.


Commit complete.

..Get TableSpace, Index & Index TableSpace

1 row created.


Commit complete.


Export: Release 19.0.0.0.0 - Production on Fri Dec 12 01:48:54 2025
Version 19.27.0.0.0

Copyright (c) 1982, 2019, Oracle and/or its affiliates.  All rights reserved.

Connected to: Oracle Database 19c Enterprise Edition Release 19.0.0.0.0 - Production
FLASHBACK automatically enabled to preserve database integrity.
Starting "SYS"."SYS_EXPORT_TABLE_05":  userid="/******** AS SYSDBA" directory=FG_AK_XX_FS dumpfile=FG_AK_XX_11-12-2025_1995_2000_01-May-2023_01-Mar-2024_FS_%U.dmp logfile=FG_AK_XX_11-12-2025_1995_2000_01-May-2023_01-Mar-2024_FS.log parallel=18 EXCLUDE=statistics EXCLUDE=TRIGGER ENCRYPTION=ALL ENCRYPTION_MODE=DUAL ENCRYPTION_ALGORITHM=AES256 ENCRYPTION_PASSWORD=******** FILESIZE=10G COMPRESSION=ALL TABLES=SYSADM.PS_PMT_ACK_ERR_HXX QUERY=SYSADM.PS_PMT_ACK_ERR_HXX:"WHERE PSARCH_ID='FG_AK_XX' AND PSARCH_BATCHNUM||PSARCH_ID IN (SELECT PSARCH_BATCHNUM||PSARCH_ID FROM SYSADM.PSARCHBATCH WHERE PSARCH_DTTM >= '01-May-2023' AND PSARCH_DTTM < '01-Mar-2024')" TABLES=SYSADM.PS_PMT_ACK_HDR_HXX QUERY=SYSADM.PS_PMT_ACK_HDR_HXX:"WHERE PSARCH_ID='FG_AK_XX' AND PSARCH_BATCHNUM||PSARCH_ID IN (SELECT PSARCH_BATCHNUM||PSARCH_ID FROM SYSADM.PSARCHBATCH WHERE PSARCH_DTTM >= '01-May-2023' AND PSARCH_DTTM < '01-Mar-2024')" TABLES=SYSADM.PS_PMT_ACK_H_XX QUERY=SYSADM.PS_PMT_ACK_H_XX:"WHERE PSARCH_ID='FG_AK_XX' AND PSARCH_BATCHNUM||PSARCH_ID IN (SELECT PSARCH_BATCHNUM||PSARCH_ID FROM SYSADM.PSARCHBATCH WHERE PSARCH_DTTM >= '01-May-2023' AND PSARCH_DTTM < '01-Mar-2024')" TABLES=SYSADM.PS_PMT_FIL_ACK_HXX QUERY=SYSADM.PS_PMT_FIL_ACK_HXX:"WHERE PSARCH_ID='FG_AK_XX' AND PSARCH_BATCHNUM||PSARCH_ID IN (SELECT PSARCH_BATCHNUM||PSARCH_ID FROM SYSADM.PSARCHBATCH WHERE PSARCH_DTTM >= '01-May-2023' AND PSARCH_DTTM < '01-Mar-2024')" TABLES=SYSADM.PS_PMT_FIL_ERR_HXX QUERY=SYSADM.PS_PMT_FIL_ERR_HXX:"WHERE PSARCH_ID='FG_AK_XX' AND PSARCH_BATCHNUM||PSARCH_ID IN (SELECT PSARCH_BATCHNUM||PSARCH_ID FROM SYSADM.PSARCHBATCH WHERE PSARCH_DTTM >= '01-May-2023' AND PSARCH_DTTM < '01-Mar-2024')" 
Processing object type TABLE_EXPORT/TABLE/PROCACT_INSTANCE
Processing object type TABLE_EXPORT/TABLE/TABLE
Processing object type TABLE_EXPORT/TABLE/GRANT/OWNER_GRANT/OBJECT_GRANT
Processing object type TABLE_EXPORT/TABLE/TABLE_DATA
. . exported "SYSADM"."PS_PMT_ACK_ERR_HXX"                   0 KB       0 rows
. . exported "SYSADM"."PS_PMT_ACK_HDR_HXX"                   0 KB       0 rows
. . exported "SYSADM"."PS_PMT_ACK_H_XX"                      0 KB       0 rows
. . exported "SYSADM"."PS_PMT_FIL_ACK_HXX"                   0 KB       0 rows
. . exported "SYSADM"."PS_PMT_FIL_ERR_HXX"                   0 KB       0 rows
Processing object type TABLE_EXPORT/TABLE/INDEX/INDEX
Master table "SYS"."SYS_EXPORT_TABLE_05" successfully loaded/unloaded
******************************************************************************
Dump file set for SYS.SYS_EXPORT_TABLE_05 is:
  /backup/data_arch/FG_AK_XX/FS/FG_AK_XX_11-12-2025_1995_2000_01-May-2023_01-Mar-2024_FS_01.dmp
  /backup/data_arch/FG_AK_XX/FS/FG_AK_XX_11-12-2025_1995_2000_01-May-2023_01-Mar-2024_FS_02.dmp
  /backup/data_arch/FG_AK_XX/FS/FG_AK_XX_11-12-2025_1995_2000_01-May-2023_01-Mar-2024_FS_03.dmp
  /backup/data_arch/FG_AK_XX/FS/FG_AK_XX_11-12-2025_1995_2000_01-May-2023_01-Mar-2024_FS_04.dmp
  /backup/data_arch/FG_AK_XX/FS/FG_AK_XX_11-12-2025_1995_2000_01-May-2023_01-Mar-2024_FS_05.dmp
  /backup/data_arch/FG_AK_XX/FS/FG_AK_XX_11-12-2025_1995_2000_01-May-2023_01-Mar-2024_FS_06.dmp
  /backup/data_arch/FG_AK_XX/FS/FG_AK_XX_11-12-2025_1995_2000_01-May-2023_01-Mar-2024_FS_07.dmp
  /backup/data_arch/FG_AK_XX/FS/FG_AK_XX_11-12-2025_1995_2000_01-May-2023_01-Mar-2024_FS_08.dmp
  /backup/data_arch/FG_AK_XX/FS/FG_AK_XX_11-12-2025_1995_2000_01-May-2023_01-Mar-2024_FS_09.dmp
Job "SYS"."SYS_EXPORT_TABLE_05" successfully completed at Fri Dec 12 01:49:46 2025 elapsed 0 00:00:51

TEMPLATE_NAME:  FG_AK_XX
Error Count:  0
CURRENT DATE:  2025/12/12
Insert Data into PS_DATAMIN_EXPF_XX.

1 row created.


Commit complete.

Successful Export: Insert Done.
Template FSPRD-FG_AK_XX successfully Exported, started at  Fri Dec 12 01:48:54 EST 2025 and finished at Fri Dec 12 01:49:51 EST 2025
----------------------------------------------------------------------------------------
Finished export of Template : FG_AK_XX
----------------------------------------------------------------------------------------
#########################################################################################
Beginning export of Template : FG_BF_XX
#########################################################################################
 
=> ( 1 ) BSP_FIL_INF_HXX : Get History Record Counts

1 row created.


Commit complete.

..Get TableSpace, Index & Index TableSpace

4 rows created.


Commit complete.


Export: Release 19.0.0.0.0 - Production on Fri Dec 12 01:49:51 2025
Version 19.27.0.0.0

Copyright (c) 1982, 2019, Oracle and/or its affiliates.  All rights reserved.

Connected to: Oracle Database 19c Enterprise Edition Release 19.0.0.0.0 - Production
FLASHBACK automatically enabled to preserve database integrity.
Starting "SYS"."SYS_EXPORT_TABLE_05":  userid="/******** AS SYSDBA" directory=FG_BF_XX_FS dumpfile=FG_BF_XX_11-12-2025_1995_2000_01-May-2023_01-Mar-2024_FS_%U.dmp logfile=FG_BF_XX_11-12-2025_1995_2000_01-May-2023_01-Mar-2024_FS.log parallel=18 EXCLUDE=statistics EXCLUDE=TRIGGER ENCRYPTION=ALL ENCRYPTION_MODE=DUAL ENCRYPTION_ALGORITHM=AES256 ENCRYPTION_PASSWORD=******** FILESIZE=10G COMPRESSION=ALL TABLES=SYSADM.PS_BSP_FIL_INF_HXX QUERY=SYSADM.PS_BSP_FIL_INF_HXX:"WHERE PSARCH_ID='FG_BF_XX' AND PSARCH_BATCHNUM||PSARCH_ID IN (SELECT PSARCH_BATCHNUM||PSARCH_ID FROM SYSADM.PSARCHBATCH WHERE PSARCH_DTTM >= '01-May-2023' AND PSARCH_DTTM < '01-Mar-2024')" 
Processing object type TABLE_EXPORT/TABLE/PROCACT_INSTANCE
Processing object type TABLE_EXPORT/TABLE/TABLE
Processing object type TABLE_EXPORT/TABLE/GRANT/OWNER_GRANT/OBJECT_GRANT
Processing object type TABLE_EXPORT/TABLE/TABLE_DATA
. . exported "SYSADM"."PS_BSP_FIL_INF_HXX"               5.320 KB       0 rows
Processing object type TABLE_EXPORT/TABLE/INDEX/INDEX
Master table "SYS"."SYS_EXPORT_TABLE_05" successfully loaded/unloaded
******************************************************************************
Dump file set for SYS.SYS_EXPORT_TABLE_05 is:
  /backup/data_arch/FG_BF_XX/FS/FG_BF_XX_11-12-2025_1995_2000_01-May-2023_01-Mar-2024_FS_01.dmp
  /backup/data_arch/FG_BF_XX/FS/FG_BF_XX_11-12-2025_1995_2000_01-May-2023_01-Mar-2024_FS_02.dmp
  /backup/data_arch/FG_BF_XX/FS/FG_BF_XX_11-12-2025_1995_2000_01-May-2023_01-Mar-2024_FS_03.dmp
  /backup/data_arch/FG_BF_XX/FS/FG_BF_XX_11-12-2025_1995_2000_01-May-2023_01-Mar-2024_FS_04.dmp
  /backup/data_arch/FG_BF_XX/FS/FG_BF_XX_11-12-2025_1995_2000_01-May-2023_01-Mar-2024_FS_05.dmp
  /backup/data_arch/FG_BF_XX/FS/FG_BF_XX_11-12-2025_1995_2000_01-May-2023_01-Mar-2024_FS_06.dmp
  /backup/data_arch/FG_BF_XX/FS/FG_BF_XX_11-12-2025_1995_2000_01-May-2023_01-Mar-2024_FS_07.dmp
  /backup/data_arch/FG_BF_XX/FS/FG_BF_XX_11-12-2025_1995_2000_01-May-2023_01-Mar-2024_FS_08.dmp
  /backup/data_arch/FG_BF_XX/FS/FG_BF_XX_11-12-2025_1995_2000_01-May-2023_01-Mar-2024_FS_09.dmp
  /backup/data_arch/FG_BF_XX/FS/FG_BF_XX_11-12-2025_1995_2000_01-May-2023_01-Mar-2024_FS_10.dmp
Job "SYS"."SYS_EXPORT_TABLE_05" successfully completed at Fri Dec 12 01:50:49 2025 elapsed 0 00:00:57

TEMPLATE_NAME:  FG_BF_XX
Error Count:  0
CURRENT DATE:  2025/12/12
Insert Data into PS_DATAMIN_EXPF_XX.

1 row created.


Commit complete.

Successful Export: Insert Done.
Template FSPRD-FG_BF_XX successfully Exported, started at  Fri Dec 12 01:49:51 EST 2025 and finished at Fri Dec 12 01:50:55 EST 2025
----------------------------------------------------------------------------------------
Finished export of Template : FG_BF_XX
----------------------------------------------------------------------------------------
#########################################################################################
Beginning export of Template : FG_DL_XX
#########################################################################################
 
=> ( 1 ) PMT_ADDR_H_XX : Get History Record Counts

1 row created.


Commit complete.

..Get TableSpace, Index & Index TableSpace

1 row created.


Commit complete.

=> ( 2 ) PMT_DTL_H_XX : Get History Record Counts

1 row created.


Commit complete.

..Get TableSpace, Index & Index TableSpace

1 row created.


Commit complete.

=> ( 3 ) PMT_INTRM_H_XX : Get History Record Counts

1 row created.


Commit complete.

..Get TableSpace, Index & Index TableSpace

1 row created.


Commit complete.

=> ( 4 ) PMT_OID_STG_HXX : Get History Record Counts

1 row created.


Commit complete.

..Get TableSpace, Index & Index TableSpace

1 row created.


Commit complete.

=> ( 5 ) PMT_OTHID_H_XX : Get History Record Counts

1 row created.


Commit complete.

..Get TableSpace, Index & Index TableSpace

1 row created.


Commit complete.

=> ( 6 ) PMT_REF_H_XX : Get History Record Counts

1 row created.


Commit complete.

..Get TableSpace, Index & Index TableSpace

1 row created.


Commit complete.

=> ( 7 ) PMT_REQ_LOG_HXX : Get History Record Counts

1 row created.


Commit complete.

..Get TableSpace, Index & Index TableSpace

6 rows created.


Commit complete.

=> ( 8 ) PMT_UPARTY_H_XX : Get History Record Counts

1 row created.


Commit complete.

..Get TableSpace, Index & Index TableSpace

1 row created.


Commit complete.

=> ( 9 ) PMT_UPY_STG_HXX : Get History Record Counts

1 row created.


Commit complete.

..Get TableSpace, Index & Index TableSpace

1 row created.


Commit complete.


Export: Release 19.0.0.0.0 - Production on Fri Dec 12 01:50:58 2025
Version 19.27.0.0.0

Copyright (c) 1982, 2019, Oracle and/or its affiliates.  All rights reserved.

Connected to: Oracle Database 19c Enterprise Edition Release 19.0.0.0.0 - Production
FLASHBACK automatically enabled to preserve database integrity.
Starting "SYS"."SYS_EXPORT_TABLE_05":  userid="/******** AS SYSDBA" directory=FG_DL_XX_FS dumpfile=FG_DL_XX_11-12-2025_1995_2000_01-May-2023_01-Mar-2024_FS_%U.dmp logfile=FG_DL_XX_11-12-2025_1995_2000_01-May-2023_01-Mar-2024_FS.log parallel=18 EXCLUDE=statistics EXCLUDE=TRIGGER ENCRYPTION=ALL ENCRYPTION_MODE=DUAL ENCRYPTION_ALGORITHM=AES256 ENCRYPTION_PASSWORD=******** FILESIZE=10G COMPRESSION=ALL TABLES=SYSADM.PS_PMT_ADDR_H_XX QUERY=SYSADM.PS_PMT_ADDR_H_XX:"WHERE PSARCH_ID='FG_DL_XX' AND PSARCH_BATCHNUM||PSARCH_ID IN (SELECT PSARCH_BATCHNUM||PSARCH_ID FROM SYSADM.PSARCHBATCH WHERE PSARCH_DTTM >= '01-May-2023' AND PSARCH_DTTM < '01-Mar-2024')" TABLES=SYSADM.PS_PMT_DTL_H_XX QUERY=SYSADM.PS_PMT_DTL_H_XX:"WHERE PSARCH_ID='FG_DL_XX' AND PSARCH_BATCHNUM||PSARCH_ID IN (SELECT PSARCH_BATCHNUM||PSARCH_ID FROM SYSADM.PSARCHBATCH WHERE PSARCH_DTTM >= '01-May-2023' AND PSARCH_DTTM < '01-Mar-2024')" TABLES=SYSADM.PS_PMT_INTRM_H_XX QUERY=SYSADM.PS_PMT_INTRM_H_XX:"WHERE PSARCH_ID='FG_DL_XX' AND PSARCH_BATCHNUM||PSARCH_ID IN (SELECT PSARCH_BATCHNUM||PSARCH_ID FROM SYSADM.PSARCHBATCH WHERE PSARCH_DTTM >= '01-May-2023' AND PSARCH_DTTM < '01-Mar-2024')" TABLES=SYSADM.PS_PMT_OID_STG_HXX QUERY=SYSADM.PS_PMT_OID_STG_HXX:"WHERE PSARCH_ID='FG_DL_XX' AND PSARCH_BATCHNUM||PSARCH_ID IN (SELECT PSARCH_BATCHNUM||PSARCH_ID FROM SYSADM.PSARCHBATCH WHERE PSARCH_DTTM >= '01-May-2023' AND PSARCH_DTTM < '01-Mar-2024')" TABLES=SYSADM.PS_PMT_OTHID_H_XX QUERY=SYSADM.PS_PMT_OTHID_H_XX:"WHERE PSARCH_ID='FG_DL_XX' AND PSARCH_BATCHNUM||PSARCH_ID IN (SELECT PSARCH_BATCHNUM||PSARCH_ID FROM SYSADM.PSARCHBATCH WHERE PSARCH_DTTM >= '01-May-2023' AND PSARCH_DTTM < '01-Mar-2024')" TABLES=SYSADM.PS_PMT_REF_H_XX QUERY=SYSADM.PS_PMT_REF_H_XX:"WHERE PSARCH_ID='FG_DL_XX' AND PSARCH_BATCHNUM||PSARCH_ID IN (SELECT PSARCH_BATCHNUM||PSARCH_ID FROM SYSADM.PSARCHBATCH WHERE PSARCH_DTTM >= '01-May-2023' AND PSARCH_DTTM < '01-Mar-2024')" TABLES=SYSADM.PS_PMT_REQ_LOG_HXX QUERY=SYSADM.PS_PMT_REQ_LOG_HXX:"WHERE PSARC
Processing object type TABLE_EXPORT/TABLE/PROCACT_INSTANCE
Processing object type TABLE_EXPORT/TABLE/TABLE
Processing object type TABLE_EXPORT/TABLE/GRANT/OWNER_GRANT/OBJECT_GRANT
Processing object type TABLE_EXPORT/TABLE/TABLE_DATA
. . exported "SYSADM"."PS_PMT_ADDR_H_XX"                     0 KB       0 rows
. . exported "SYSADM"."PS_PMT_DTL_H_XX"                      0 KB       0 rows
. . exported "SYSADM"."PS_PMT_INTRM_H_XX"                    0 KB       0 rows
. . exported "SYSADM"."PS_PMT_OID_STG_HXX"                   0 KB       0 rows
. . exported "SYSADM"."PS_PMT_OTHID_H_XX"                    0 KB       0 rows
. . exported "SYSADM"."PS_PMT_REF_H_XX"                      0 KB       0 rows
. . exported "SYSADM"."PS_PMT_REQ_LOG_HXX"                   0 KB       0 rows
. . exported "SYSADM"."PS_PMT_UPARTY_H_XX"                   0 KB       0 rows
. . exported "SYSADM"."PS_PMT_UPY_STG_HXX"                   0 KB       0 rows
Processing object type TABLE_EXPORT/TABLE/INDEX/INDEX
Master table "SYS"."SYS_EXPORT_TABLE_05" successfully loaded/unloaded
******************************************************************************
Dump file set for SYS.SYS_EXPORT_TABLE_05 is:
  /backup/data_arch/FG_DL_XX/FS/FG_DL_XX_11-12-2025_1995_2000_01-May-2023_01-Mar-2024_FS_01.dmp
  /backup/data_arch/FG_DL_XX/FS/FG_DL_XX_11-12-2025_1995_2000_01-May-2023_01-Mar-2024_FS_02.dmp
  /backup/data_arch/FG_DL_XX/FS/FG_DL_XX_11-12-2025_1995_2000_01-May-2023_01-Mar-2024_FS_03.dmp
  /backup/data_arch/FG_DL_XX/FS/FG_DL_XX_11-12-2025_1995_2000_01-May-2023_01-Mar-2024_FS_04.dmp
  /backup/data_arch/FG_DL_XX/FS/FG_DL_XX_11-12-2025_1995_2000_01-May-2023_01-Mar-2024_FS_05.dmp
  /backup/data_arch/FG_DL_XX/FS/FG_DL_XX_11-12-2025_1995_2000_01-May-2023_01-Mar-2024_FS_06.dmp
  /backup/data_arch/FG_DL_XX/FS/FG_DL_XX_11-12-2025_1995_2000_01-May-2023_01-Mar-2024_FS_07.dmp
  /backup/data_arch/FG_DL_XX/FS/FG_DL_XX_11-12-2025_1995_2000_01-May-2023_01-Mar-2024_FS_08.dmp
  /backup/data_arch/FG_DL_XX/FS/FG_DL_XX_11-12-2025_1995_2000_01-May-2023_01-Mar-2024_FS_09.dmp
Job "SYS"."SYS_EXPORT_TABLE_05" successfully completed at Fri Dec 12 01:51:50 2025 elapsed 0 00:00:51

TEMPLATE_NAME:  FG_DL_XX
Error Count:  0
CURRENT DATE:  2025/12/12
Insert Data into PS_DATAMIN_EXPF_XX.

1 row created.


Commit complete.

Successful Export: Insert Done.
Template FSPRD-FG_DL_XX successfully Exported, started at  Fri Dec 12 01:50:58 EST 2025 and finished at Fri Dec 12 01:51:53 EST 2025
----------------------------------------------------------------------------------------
Finished export of Template : FG_DL_XX
----------------------------------------------------------------------------------------
#########################################################################################
Beginning export of Template : FG_ET_XX
#########################################################################################
 
=> ( 1 ) TR_EVNT_LOG_HXX : Get History Record Counts

1 row created.


Commit complete.

..Get TableSpace, Index & Index TableSpace

1 row created.


Commit complete.


Export: Release 19.0.0.0.0 - Production on Fri Dec 12 01:51:53 2025
Version 19.27.0.0.0

Copyright (c) 1982, 2019, Oracle and/or its affiliates.  All rights reserved.

Connected to: Oracle Database 19c Enterprise Edition Release 19.0.0.0.0 - Production
FLASHBACK automatically enabled to preserve database integrity.
Starting "SYS"."SYS_EXPORT_TABLE_05":  userid="/******** AS SYSDBA" directory=FG_ET_XX_FS dumpfile=FG_ET_XX_11-12-2025_1995_2000_01-May-2023_01-Mar-2024_FS_%U.dmp logfile=FG_ET_XX_11-12-2025_1995_2000_01-May-2023_01-Mar-2024_FS.log parallel=18 EXCLUDE=statistics EXCLUDE=TRIGGER ENCRYPTION=ALL ENCRYPTION_MODE=DUAL ENCRYPTION_ALGORITHM=AES256 ENCRYPTION_PASSWORD=******** FILESIZE=10G COMPRESSION=ALL TABLES=SYSADM.PS_TR_EVNT_LOG_HXX QUERY=SYSADM.PS_TR_EVNT_LOG_HXX:"WHERE PSARCH_ID='FG_ET_XX' AND PSARCH_BATCHNUM||PSARCH_ID IN (SELECT PSARCH_BATCHNUM||PSARCH_ID FROM SYSADM.PSARCHBATCH WHERE PSARCH_DTTM >= '01-May-2023' AND PSARCH_DTTM < '01-Mar-2024')" 
Processing object type TABLE_EXPORT/TABLE/PROCACT_INSTANCE
Processing object type TABLE_EXPORT/TABLE/TABLE
Processing object type TABLE_EXPORT/TABLE/GRANT/OWNER_GRANT/OBJECT_GRANT
Processing object type TABLE_EXPORT/TABLE/TABLE_DATA
. . exported "SYSADM"."PS_TR_EVNT_LOG_HXX"               5.804 KB       0 rows
Processing object type TABLE_EXPORT/TABLE/INDEX/INDEX
Master table "SYS"."SYS_EXPORT_TABLE_05" successfully loaded/unloaded
******************************************************************************
Dump file set for SYS.SYS_EXPORT_TABLE_05 is:
  /backup/data_arch/FG_ET_XX/FS/FG_ET_XX_11-12-2025_1995_2000_01-May-2023_01-Mar-2024_FS_01.dmp
  /backup/data_arch/FG_ET_XX/FS/FG_ET_XX_11-12-2025_1995_2000_01-May-2023_01-Mar-2024_FS_02.dmp
  /backup/data_arch/FG_ET_XX/FS/FG_ET_XX_11-12-2025_1995_2000_01-May-2023_01-Mar-2024_FS_03.dmp
  /backup/data_arch/FG_ET_XX/FS/FG_ET_XX_11-12-2025_1995_2000_01-May-2023_01-Mar-2024_FS_04.dmp
  /backup/data_arch/FG_ET_XX/FS/FG_ET_XX_11-12-2025_1995_2000_01-May-2023_01-Mar-2024_FS_05.dmp
  /backup/data_arch/FG_ET_XX/FS/FG_ET_XX_11-12-2025_1995_2000_01-May-2023_01-Mar-2024_FS_06.dmp
  /backup/data_arch/FG_ET_XX/FS/FG_ET_XX_11-12-2025_1995_2000_01-May-2023_01-Mar-2024_FS_07.dmp
  /backup/data_arch/FG_ET_XX/FS/FG_ET_XX_11-12-2025_1995_2000_01-May-2023_01-Mar-2024_FS_08.dmp
  /backup/data_arch/FG_ET_XX/FS/FG_ET_XX_11-12-2025_1995_2000_01-May-2023_01-Mar-2024_FS_09.dmp
  /backup/data_arch/FG_ET_XX/FS/FG_ET_XX_11-12-2025_1995_2000_01-May-2023_01-Mar-2024_FS_10.dmp
Job "SYS"."SYS_EXPORT_TABLE_05" successfully completed at Fri Dec 12 01:52:44 2025 elapsed 0 00:00:50

TEMPLATE_NAME:  FG_ET_XX
Error Count:  0
CURRENT DATE:  2025/12/12
Insert Data into PS_DATAMIN_EXPF_XX.

1 row created.


Commit complete.

Successful Export: Insert Done.
Template FSPRD-FG_ET_XX successfully Exported, started at  Fri Dec 12 01:51:53 EST 2025 and finished at Fri Dec 12 01:52:48 EST 2025
----------------------------------------------------------------------------------------
Finished export of Template : FG_ET_XX
----------------------------------------------------------------------------------------
#########################################################################################
Beginning export of Template : FG_FE_XX
#########################################################################################
 
=> ( 1 ) PMT_FIL_DEF_HXX : Get History Record Counts

1 row created.


Commit complete.

..Get TableSpace, Index & Index TableSpace

1 row created.


Commit complete.

=> ( 2 ) PMT_FIL_REF_HXX : Get History Record Counts

1 row created.


Commit complete.

..Get TableSpace, Index & Index TableSpace

1 row created.


Commit complete.


Export: Release 19.0.0.0.0 - Production on Fri Dec 12 01:52:49 2025
Version 19.27.0.0.0

Copyright (c) 1982, 2019, Oracle and/or its affiliates.  All rights reserved.

Connected to: Oracle Database 19c Enterprise Edition Release 19.0.0.0.0 - Production
FLASHBACK automatically enabled to preserve database integrity.
Starting "SYS"."SYS_EXPORT_TABLE_05":  userid="/******** AS SYSDBA" directory=FG_FE_XX_FS dumpfile=FG_FE_XX_11-12-2025_1995_2000_01-May-2023_01-Mar-2024_FS_%U.dmp logfile=FG_FE_XX_11-12-2025_1995_2000_01-May-2023_01-Mar-2024_FS.log parallel=18 EXCLUDE=statistics EXCLUDE=TRIGGER ENCRYPTION=ALL ENCRYPTION_MODE=DUAL ENCRYPTION_ALGORITHM=AES256 ENCRYPTION_PASSWORD=******** FILESIZE=10G COMPRESSION=ALL TABLES=SYSADM.PS_PMT_FIL_DEF_HXX QUERY=SYSADM.PS_PMT_FIL_DEF_HXX:"WHERE PSARCH_ID='FG_FE_XX' AND PSARCH_BATCHNUM||PSARCH_ID IN (SELECT PSARCH_BATCHNUM||PSARCH_ID FROM SYSADM.PSARCHBATCH WHERE PSARCH_DTTM >= '01-May-2023' AND PSARCH_DTTM < '01-Mar-2024')" TABLES=SYSADM.PS_PMT_FIL_REF_HXX QUERY=SYSADM.PS_PMT_FIL_REF_HXX:"WHERE PSARCH_ID='FG_FE_XX' AND PSARCH_BATCHNUM||PSARCH_ID IN (SELECT PSARCH_BATCHNUM||PSARCH_ID FROM SYSADM.PSARCHBATCH WHERE PSARCH_DTTM >= '01-May-2023' AND PSARCH_DTTM < '01-Mar-2024')" 
Processing object type TABLE_EXPORT/TABLE/PROCACT_INSTANCE
Processing object type TABLE_EXPORT/TABLE/TABLE
Processing object type TABLE_EXPORT/TABLE/GRANT/OWNER_GRANT/OBJECT_GRANT
Processing object type TABLE_EXPORT/TABLE/TABLE_DATA
. . exported "SYSADM"."PS_PMT_FIL_DEF_HXX"                   0 KB       0 rows
. . exported "SYSADM"."PS_PMT_FIL_REF_HXX"                   0 KB       0 rows
Processing object type TABLE_EXPORT/TABLE/INDEX/INDEX
Master table "SYS"."SYS_EXPORT_TABLE_05" successfully loaded/unloaded
******************************************************************************
Dump file set for SYS.SYS_EXPORT_TABLE_05 is:
  /backup/data_arch/FG_FE_XX/FS/FG_FE_XX_11-12-2025_1995_2000_01-May-2023_01-Mar-2024_FS_01.dmp
  /backup/data_arch/FG_FE_XX/FS/FG_FE_XX_11-12-2025_1995_2000_01-May-2023_01-Mar-2024_FS_02.dmp
  /backup/data_arch/FG_FE_XX/FS/FG_FE_XX_11-12-2025_1995_2000_01-May-2023_01-Mar-2024_FS_03.dmp
  /backup/data_arch/FG_FE_XX/FS/FG_FE_XX_11-12-2025_1995_2000_01-May-2023_01-Mar-2024_FS_04.dmp
  /backup/data_arch/FG_FE_XX/FS/FG_FE_XX_11-12-2025_1995_2000_01-May-2023_01-Mar-2024_FS_05.dmp
  /backup/data_arch/FG_FE_XX/FS/FG_FE_XX_11-12-2025_1995_2000_01-May-2023_01-Mar-2024_FS_06.dmp
  /backup/data_arch/FG_FE_XX/FS/FG_FE_XX_11-12-2025_1995_2000_01-May-2023_01-Mar-2024_FS_07.dmp
  /backup/data_arch/FG_FE_XX/FS/FG_FE_XX_11-12-2025_1995_2000_01-May-2023_01-Mar-2024_FS_08.dmp
  /backup/data_arch/FG_FE_XX/FS/FG_FE_XX_11-12-2025_1995_2000_01-May-2023_01-Mar-2024_FS_09.dmp
Job "SYS"."SYS_EXPORT_TABLE_05" successfully completed at Fri Dec 12 01:53:41 2025 elapsed 0 00:00:52

TEMPLATE_NAME:  FG_FE_XX
Error Count:  0
CURRENT DATE:  2025/12/12
Insert Data into PS_DATAMIN_EXPF_XX.

1 row created.


Commit complete.

Successful Export: Insert Done.
Template FSPRD-FG_FE_XX successfully Exported, started at  Fri Dec 12 01:52:49 EST 2025 and finished at Fri Dec 12 01:53:46 EST 2025
----------------------------------------------------------------------------------------
Finished export of Template : FG_FE_XX
----------------------------------------------------------------------------------------
#########################################################################################
Beginning export of Template : FG_SF_XX
#########################################################################################
 
=> ( 1 ) SNW_FILE_H_XX : Get History Record Counts

1 row created.


Commit complete.

..Get TableSpace, Index & Index TableSpace

4 rows created.


Commit complete.


Export: Release 19.0.0.0.0 - Production on Fri Dec 12 01:53:46 2025
Version 19.27.0.0.0

Copyright (c) 1982, 2019, Oracle and/or its affiliates.  All rights reserved.

Connected to: Oracle Database 19c Enterprise Edition Release 19.0.0.0.0 - Production
FLASHBACK automatically enabled to preserve database integrity.
Starting "SYS"."SYS_EXPORT_TABLE_05":  userid="/******** AS SYSDBA" directory=FG_SF_XX_FS dumpfile=FG_SF_XX_11-12-2025_1995_2000_01-May-2023_01-Mar-2024_FS_%U.dmp logfile=FG_SF_XX_11-12-2025_1995_2000_01-May-2023_01-Mar-2024_FS.log parallel=18 EXCLUDE=statistics EXCLUDE=TRIGGER ENCRYPTION=ALL ENCRYPTION_MODE=DUAL ENCRYPTION_ALGORITHM=AES256 ENCRYPTION_PASSWORD=******** FILESIZE=10G COMPRESSION=ALL TABLES=SYSADM.PS_SNW_FILE_H_XX QUERY=SYSADM.PS_SNW_FILE_H_XX:"WHERE PSARCH_ID='FG_SF_XX' AND PSARCH_BATCHNUM||PSARCH_ID IN (SELECT PSARCH_BATCHNUM||PSARCH_ID FROM SYSADM.PSARCHBATCH WHERE PSARCH_DTTM >= '01-May-2023' AND PSARCH_DTTM < '01-Mar-2024')" 
Processing object type TABLE_EXPORT/TABLE/PROCACT_INSTANCE
Processing object type TABLE_EXPORT/TABLE/TABLE
Processing object type TABLE_EXPORT/TABLE/GRANT/OWNER_GRANT/OBJECT_GRANT
Processing object type TABLE_EXPORT/TABLE/TABLE_DATA
. . exported "SYSADM"."PS_SNW_FILE_H_XX"                     0 KB       0 rows
Processing object type TABLE_EXPORT/TABLE/INDEX/INDEX
Master table "SYS"."SYS_EXPORT_TABLE_05" successfully loaded/unloaded
******************************************************************************
Dump file set for SYS.SYS_EXPORT_TABLE_05 is:
  /backup/data_arch/FG_SF_XX/FS/FG_SF_XX_11-12-2025_1995_2000_01-May-2023_01-Mar-2024_FS_01.dmp
  /backup/data_arch/FG_SF_XX/FS/FG_SF_XX_11-12-2025_1995_2000_01-May-2023_01-Mar-2024_FS_02.dmp
  /backup/data_arch/FG_SF_XX/FS/FG_SF_XX_11-12-2025_1995_2000_01-May-2023_01-Mar-2024_FS_03.dmp
  /backup/data_arch/FG_SF_XX/FS/FG_SF_XX_11-12-2025_1995_2000_01-May-2023_01-Mar-2024_FS_04.dmp
  /backup/data_arch/FG_SF_XX/FS/FG_SF_XX_11-12-2025_1995_2000_01-May-2023_01-Mar-2024_FS_05.dmp
  /backup/data_arch/FG_SF_XX/FS/FG_SF_XX_11-12-2025_1995_2000_01-May-2023_01-Mar-2024_FS_06.dmp
  /backup/data_arch/FG_SF_XX/FS/FG_SF_XX_11-12-2025_1995_2000_01-May-2023_01-Mar-2024_FS_07.dmp
  /backup/data_arch/FG_SF_XX/FS/FG_SF_XX_11-12-2025_1995_2000_01-May-2023_01-Mar-2024_FS_08.dmp
  /backup/data_arch/FG_SF_XX/FS/FG_SF_XX_11-12-2025_1995_2000_01-May-2023_01-Mar-2024_FS_09.dmp
Job "SYS"."SYS_EXPORT_TABLE_05" successfully completed at Fri Dec 12 01:54:39 2025 elapsed 0 00:00:52

TEMPLATE_NAME:  FG_SF_XX
Error Count:  0
CURRENT DATE:  2025/12/12
Insert Data into PS_DATAMIN_EXPF_XX.

1 row created.


Commit complete.

Successful Export: Insert Done.
Template FSPRD-FG_SF_XX successfully Exported, started at  Fri Dec 12 01:53:46 EST 2025 and finished at Fri Dec 12 01:54:44 EST 2025
----------------------------------------------------------------------------------------
Finished export of Template : FG_SF_XX
----------------------------------------------------------------------------------------
#########################################################################################
Beginning export of Template : GL_JRLXX
#########################################################################################
 
=> ( 1 ) GL_OITEM_H : Get History Record Counts

1 row created.


Commit complete.

..Get TableSpace, Index & Index TableSpace

1 row created.


Commit complete.

=> ( 2 ) JRNL_CF_BAL_H : Get History Record Counts

1 row created.


Commit complete.

..Get TableSpace, Index & Index TableSpace

1 row created.


Commit complete.

=> ( 3 ) JRNL_HDR_H : Get History Record Counts

1 row created.


Commit complete.

..Get TableSpace, Index & Index TableSpace

1 row created.


Commit complete.

=> ( 4 ) JRNL_IUAC_H : Get History Record Counts

1 row created.


Commit complete.

..Get TableSpace, Index & Index TableSpace

1 row created.


Commit complete.

=> ( 5 ) JRNL_LN_H : Get History Record Counts

1 row created.


Commit complete.

..Get TableSpace, Index & Index TableSpace

1 row created.


Commit complete.

=> ( 6 ) JRNL_VAT_H : Get History Record Counts

1 row created.


Commit complete.

..Get TableSpace, Index & Index TableSpace

1 row created.


Commit complete.


Export: Release 19.0.0.0.0 - Production on Fri Dec 12 01:56:19 2025
Version 19.27.0.0.0

Copyright (c) 1982, 2019, Oracle and/or its affiliates.  All rights reserved.

Connected to: Oracle Database 19c Enterprise Edition Release 19.0.0.0.0 - Production
FLASHBACK automatically enabled to preserve database integrity.
Starting "SYS"."SYS_EXPORT_TABLE_05":  userid="/******** AS SYSDBA" directory=GL_JRLXX_FS dumpfile=GL_JRLXX_11-12-2025_1995_2000_01-May-2023_01-Mar-2024_FS_%U.dmp logfile=GL_JRLXX_11-12-2025_1995_2000_01-May-2023_01-Mar-2024_FS.log parallel=18 EXCLUDE=statistics EXCLUDE=TRIGGER ENCRYPTION=ALL ENCRYPTION_MODE=DUAL ENCRYPTION_ALGORITHM=AES256 ENCRYPTION_PASSWORD=******** FILESIZE=10G COMPRESSION=ALL TABLES=SYSADM.PS_GL_OITEM_H QUERY=SYSADM.PS_GL_OITEM_H:"WHERE PSARCH_ID='GL_JRLXX' AND PSARCH_BATCHNUM||PSARCH_ID IN (SELECT PSARCH_BATCHNUM||PSARCH_ID FROM SYSADM.PSARCHBATCH WHERE PSARCH_DTTM >= '01-May-2023' AND PSARCH_DTTM < '01-Mar-2024')" TABLES=SYSADM.PS_JRNL_CF_BAL_H QUERY=SYSADM.PS_JRNL_CF_BAL_H:"WHERE PSARCH_ID='GL_JRLXX' AND PSARCH_BATCHNUM||PSARCH_ID IN (SELECT PSARCH_BATCHNUM||PSARCH_ID FROM SYSADM.PSARCHBATCH WHERE PSARCH_DTTM >= '01-May-2023' AND PSARCH_DTTM < '01-Mar-2024')" TABLES=SYSADM.PS_JRNL_HDR_H QUERY=SYSADM.PS_JRNL_HDR_H:"WHERE PSARCH_ID='GL_JRLXX' AND PSARCH_BATCHNUM||PSARCH_ID IN (SELECT PSARCH_BATCHNUM||PSARCH_ID FROM SYSADM.PSARCHBATCH WHERE PSARCH_DTTM >= '01-May-2023' AND PSARCH_DTTM < '01-Mar-2024')" TABLES=SYSADM.PS_JRNL_IUAC_H QUERY=SYSADM.PS_JRNL_IUAC_H:"WHERE PSARCH_ID='GL_JRLXX' AND PSARCH_BATCHNUM||PSARCH_ID IN (SELECT PSARCH_BATCHNUM||PSARCH_ID FROM SYSADM.PSARCHBATCH WHERE PSARCH_DTTM >= '01-May-2023' AND PSARCH_DTTM < '01-Mar-2024')" TABLES=SYSADM.PS_JRNL_LN_H QUERY=SYSADM.PS_JRNL_LN_H:"WHERE PSARCH_ID='GL_JRLXX' AND PSARCH_BATCHNUM||PSARCH_ID IN (SELECT PSARCH_BATCHNUM||PSARCH_ID FROM SYSADM.PSARCHBATCH WHERE PSARCH_DTTM >= '01-May-2023' AND PSARCH_DTTM < '01-Mar-2024')" TABLES=SYSADM.PS_JRNL_VAT_H QUERY=SYSADM.PS_JRNL_VAT_H:"WHERE PSARCH_ID='GL_JRLXX' AND PSARCH_BATCHNUM||PSARCH_ID IN (SELECT PSARCH_BATCHNUM||PSARCH_ID FROM SYSADM.PSARCHBATCH WHERE PSARCH_DTTM >= '01-May-2023' AND PSARCH_DTTM < '01-Mar-2024')" 
Processing object type TABLE_EXPORT/TABLE/PROCACT_INSTANCE
Processing object type TABLE_EXPORT/TABLE/TABLE
Processing object type TABLE_EXPORT/TABLE/INDEX/FUNCTIONAL_INDEX/INDEX
Processing object type TABLE_EXPORT/TABLE/GRANT/OWNER_GRANT/OBJECT_GRANT
Processing object type TABLE_EXPORT/TABLE/TABLE_DATA
. . exported "SYSADM"."PS_JRNL_LN_H"                     423.5 MB 13174395 rows
Processing object type TABLE_EXPORT/TABLE/INDEX/INDEX
. . exported "SYSADM"."PS_JRNL_HDR_H"                    4.161 MB   89288 rows
. . exported "SYSADM"."PS_JRNL_VAT_H"                    8.156 KB       0 rows
. . exported "SYSADM"."PS_JRNL_IUAC_H"                   6.304 KB       0 rows
. . exported "SYSADM"."PS_GL_OITEM_H"                        0 KB       0 rows
. . exported "SYSADM"."PS_JRNL_CF_BAL_H"                 1.334 MB   87300 rows
Master table "SYS"."SYS_EXPORT_TABLE_05" successfully loaded/unloaded
******************************************************************************
Dump file set for SYS.SYS_EXPORT_TABLE_05 is:
  /backup/data_arch/GL_JRLXX/FS/GL_JRLXX_11-12-2025_1995_2000_01-May-2023_01-Mar-2024_FS_01.dmp
  /backup/data_arch/GL_JRLXX/FS/GL_JRLXX_11-12-2025_1995_2000_01-May-2023_01-Mar-2024_FS_02.dmp
  /backup/data_arch/GL_JRLXX/FS/GL_JRLXX_11-12-2025_1995_2000_01-May-2023_01-Mar-2024_FS_03.dmp
  /backup/data_arch/GL_JRLXX/FS/GL_JRLXX_11-12-2025_1995_2000_01-May-2023_01-Mar-2024_FS_04.dmp
  /backup/data_arch/GL_JRLXX/FS/GL_JRLXX_11-12-2025_1995_2000_01-May-2023_01-Mar-2024_FS_05.dmp
  /backup/data_arch/GL_JRLXX/FS/GL_JRLXX_11-12-2025_1995_2000_01-May-2023_01-Mar-2024_FS_06.dmp
  /backup/data_arch/GL_JRLXX/FS/GL_JRLXX_11-12-2025_1995_2000_01-May-2023_01-Mar-2024_FS_07.dmp
  /backup/data_arch/GL_JRLXX/FS/GL_JRLXX_11-12-2025_1995_2000_01-May-2023_01-Mar-2024_FS_08.dmp
  /backup/data_arch/GL_JRLXX/FS/GL_JRLXX_11-12-2025_1995_2000_01-May-2023_01-Mar-2024_FS_09.dmp
  /backup/data_arch/GL_JRLXX/FS/GL_JRLXX_11-12-2025_1995_2000_01-May-2023_01-Mar-2024_FS_10.dmp
  /backup/data_arch/GL_JRLXX/FS/GL_JRLXX_11-12-2025_1995_2000_01-May-2023_01-Mar-2024_FS_11.dmp
  /backup/data_arch/GL_JRLXX/FS/GL_JRLXX_11-12-2025_1995_2000_01-May-2023_01-Mar-2024_FS_12.dmp
  /backup/data_arch/GL_JRLXX/FS/GL_JRLXX_11-12-2025_1995_2000_01-May-2023_01-Mar-2024_FS_13.dmp
  /backup/data_arch/GL_JRLXX/FS/GL_JRLXX_11-12-2025_1995_2000_01-May-2023_01-Mar-2024_FS_14.dmp
  /backup/data_arch/GL_JRLXX/FS/GL_JRLXX_11-12-2025_1995_2000_01-May-2023_01-Mar-2024_FS_15.dmp
  /backup/data_arch/GL_JRLXX/FS/GL_JRLXX_11-12-2025_1995_2000_01-May-2023_01-Mar-2024_FS_16.dmp
  /backup/data_arch/GL_JRLXX/FS/GL_JRLXX_11-12-2025_1995_2000_01-May-2023_01-Mar-2024_FS_17.dmp
  /backup/data_arch/GL_JRLXX/FS/GL_JRLXX_11-12-2025_1995_2000_01-May-2023_01-Mar-2024_FS_18.dmp
  /backup/data_arch/GL_JRLXX/FS/GL_JRLXX_11-12-2025_1995_2000_01-May-2023_01-Mar-2024_FS_19.dmp
  /backup/data_arch/GL_JRLXX/FS/GL_JRLXX_11-12-2025_1995_2000_01-May-2023_01-Mar-2024_FS_20.dmp
  /backup/data_arch/GL_JRLXX/FS/GL_JRLXX_11-12-2025_1995_2000_01-May-2023_01-Mar-2024_FS_21.dmp
  /backup/data_arch/GL_JRLXX/FS/GL_JRLXX_11-12-2025_1995_2000_01-May-2023_01-Mar-2024_FS_22.dmp
  /backup/data_arch/GL_JRLXX/FS/GL_JRLXX_11-12-2025_1995_2000_01-May-2023_01-Mar-2024_FS_23.dmp
  /backup/data_arch/GL_JRLXX/FS/GL_JRLXX_11-12-2025_1995_2000_01-May-2023_01-Mar-2024_FS_24.dmp
  /backup/data_arch/GL_JRLXX/FS/GL_JRLXX_11-12-2025_1995_2000_01-May-2023_01-Mar-2024_FS_25.dmp
Job "SYS"."SYS_EXPORT_TABLE_05" successfully completed at Fri Dec 12 01:57:42 2025 elapsed 0 00:01:23

TEMPLATE_NAME:  GL_JRLXX
Error Count:  0
CURRENT DATE:  2025/12/12
Insert Data into PS_DATAMIN_EXPF_XX.

1 row created.


Commit complete.

Successful Export: Insert Done.
Template FSPRD-GL_JRLXX successfully Exported, started at  Fri Dec 12 01:56:19 EST 2025 and finished at Fri Dec 12 01:57:47 EST 2025
----------------------------------------------------------------------------------------
Finished export of Template : GL_JRLXX
----------------------------------------------------------------------------------------
#########################################################################################
Beginning export of Template : GL_LEDXX
#########################################################################################
 
=> ( 1 ) LEDGER_H : Get History Record Counts

1 row created.


Commit complete.

..Get TableSpace, Index & Index TableSpace

1 row created.


Commit complete.


Export: Release 19.0.0.0.0 - Production on Fri Dec 12 01:58:08 2025
Version 19.27.0.0.0

Copyright (c) 1982, 2019, Oracle and/or its affiliates.  All rights reserved.

Connected to: Oracle Database 19c Enterprise Edition Release 19.0.0.0.0 - Production
FLASHBACK automatically enabled to preserve database integrity.
Starting "SYS"."SYS_EXPORT_TABLE_05":  userid="/******** AS SYSDBA" directory=GL_LEDXX_FS dumpfile=GL_LEDXX_11-12-2025_1995_2000_01-May-2023_01-Mar-2024_FS_%U.dmp logfile=GL_LEDXX_11-12-2025_1995_2000_01-May-2023_01-Mar-2024_FS.log parallel=18 EXCLUDE=statistics EXCLUDE=TRIGGER ENCRYPTION=ALL ENCRYPTION_MODE=DUAL ENCRYPTION_ALGORITHM=AES256 ENCRYPTION_PASSWORD=******** FILESIZE=10G COMPRESSION=ALL TABLES=SYSADM.PS_LEDGER_H QUERY=SYSADM.PS_LEDGER_H:"WHERE PSARCH_ID='GL_LEDXX' AND PSARCH_BATCHNUM||PSARCH_ID IN (SELECT PSARCH_BATCHNUM||PSARCH_ID FROM SYSADM.PSARCHBATCH WHERE PSARCH_DTTM >= '01-May-2023' AND PSARCH_DTTM < '01-Mar-2024')" 
Processing object type TABLE_EXPORT/TABLE/PROCACT_INSTANCE
Processing object type TABLE_EXPORT/TABLE/TABLE
Processing object type TABLE_EXPORT/TABLE/GRANT/OWNER_GRANT/OBJECT_GRANT
Processing object type TABLE_EXPORT/TABLE/TABLE_DATA
. . exported "SYSADM"."PS_LEDGER_H"                      54.04 MB 3889350 rows
Processing object type TABLE_EXPORT/TABLE/INDEX/INDEX
Master table "SYS"."SYS_EXPORT_TABLE_05" successfully loaded/unloaded
******************************************************************************
Dump file set for SYS.SYS_EXPORT_TABLE_05 is:
  /backup/data_arch/GL_LEDXX/FS/GL_LEDXX_11-12-2025_1995_2000_01-May-2023_01-Mar-2024_FS_01.dmp
  /backup/data_arch/GL_LEDXX/FS/GL_LEDXX_11-12-2025_1995_2000_01-May-2023_01-Mar-2024_FS_02.dmp
  /backup/data_arch/GL_LEDXX/FS/GL_LEDXX_11-12-2025_1995_2000_01-May-2023_01-Mar-2024_FS_03.dmp
  /backup/data_arch/GL_LEDXX/FS/GL_LEDXX_11-12-2025_1995_2000_01-May-2023_01-Mar-2024_FS_04.dmp
  /backup/data_arch/GL_LEDXX/FS/GL_LEDXX_11-12-2025_1995_2000_01-May-2023_01-Mar-2024_FS_05.dmp
  /backup/data_arch/GL_LEDXX/FS/GL_LEDXX_11-12-2025_1995_2000_01-May-2023_01-Mar-2024_FS_06.dmp
  /backup/data_arch/GL_LEDXX/FS/GL_LEDXX_11-12-2025_1995_2000_01-May-2023_01-Mar-2024_FS_07.dmp
  /backup/data_arch/GL_LEDXX/FS/GL_LEDXX_11-12-2025_1995_2000_01-May-2023_01-Mar-2024_FS_08.dmp
  /backup/data_arch/GL_LEDXX/FS/GL_LEDXX_11-12-2025_1995_2000_01-May-2023_01-Mar-2024_FS_09.dmp
  /backup/data_arch/GL_LEDXX/FS/GL_LEDXX_11-12-2025_1995_2000_01-May-2023_01-Mar-2024_FS_10.dmp
  /backup/data_arch/GL_LEDXX/FS/GL_LEDXX_11-12-2025_1995_2000_01-May-2023_01-Mar-2024_FS_11.dmp
  /backup/data_arch/GL_LEDXX/FS/GL_LEDXX_11-12-2025_1995_2000_01-May-2023_01-Mar-2024_FS_12.dmp
  /backup/data_arch/GL_LEDXX/FS/GL_LEDXX_11-12-2025_1995_2000_01-May-2023_01-Mar-2024_FS_13.dmp
  /backup/data_arch/GL_LEDXX/FS/GL_LEDXX_11-12-2025_1995_2000_01-May-2023_01-Mar-2024_FS_14.dmp
  /backup/data_arch/GL_LEDXX/FS/GL_LEDXX_11-12-2025_1995_2000_01-May-2023_01-Mar-2024_FS_15.dmp
  /backup/data_arch/GL_LEDXX/FS/GL_LEDXX_11-12-2025_1995_2000_01-May-2023_01-Mar-2024_FS_16.dmp
  /backup/data_arch/GL_LEDXX/FS/GL_LEDXX_11-12-2025_1995_2000_01-May-2023_01-Mar-2024_FS_17.dmp
  /backup/data_arch/GL_LEDXX/FS/GL_LEDXX_11-12-2025_1995_2000_01-May-2023_01-Mar-2024_FS_18.dmp
  /backup/data_arch/GL_LEDXX/FS/GL_LEDXX_11-12-2025_1995_2000_01-May-2023_01-Mar-2024_FS_19.dmp
  /backup/data_arch/GL_LEDXX/FS/GL_LEDXX_11-12-2025_1995_2000_01-May-2023_01-Mar-2024_FS_20.dmp
  /backup/data_arch/GL_LEDXX/FS/GL_LEDXX_11-12-2025_1995_2000_01-May-2023_01-Mar-2024_FS_21.dmp
  /backup/data_arch/GL_LEDXX/FS/GL_LEDXX_11-12-2025_1995_2000_01-May-2023_01-Mar-2024_FS_22.dmp
  /backup/data_arch/GL_LEDXX/FS/GL_LEDXX_11-12-2025_1995_2000_01-May-2023_01-Mar-2024_FS_23.dmp
  /backup/data_arch/GL_LEDXX/FS/GL_LEDXX_11-12-2025_1995_2000_01-May-2023_01-Mar-2024_FS_24.dmp
  /backup/data_arch/GL_LEDXX/FS/GL_LEDXX_11-12-2025_1995_2000_01-May-2023_01-Mar-2024_FS_25.dmp
Job "SYS"."SYS_EXPORT_TABLE_05" successfully completed at Fri Dec 12 01:58:59 2025 elapsed 0 00:00:50

TEMPLATE_NAME:  GL_LEDXX
Error Count:  0
CURRENT DATE:  2025/12/12
Insert Data into PS_DATAMIN_EXPF_XX.

1 row created.


Commit complete.

Successful Export: Insert Done.
Template FSPRD-GL_LEDXX successfully Exported, started at  Fri Dec 12 01:58:08 EST 2025 and finished at Fri Dec 12 01:59:02 EST 2025
----------------------------------------------------------------------------------------
Finished export of Template : GL_LEDXX
----------------------------------------------------------------------------------------
#########################################################################################
Beginning export of Template : PC_01_XX
#########################################################################################
 
=> ( 1 ) INTF_PROJ_RES_H : Get History Record Counts

1 row created.


Commit complete.

..Get TableSpace, Index & Index TableSpace

1 row created.


Commit complete.

=> ( 2 ) PC_ACT_IN_USE_H : Get History Record Counts

1 row created.


Commit complete.

..Get TableSpace, Index & Index TableSpace

1 row created.


Commit complete.

=> ( 3 ) PC_ACT_SUM_H : Get History Record Counts

1 row created.


Commit complete.

..Get TableSpace, Index & Index TableSpace

1 row created.


Commit complete.

=> ( 4 ) PC_AMRULE_ACT_H : Get History Record Counts

1 row created.


Commit complete.

..Get TableSpace, Index & Index TableSpace

1 row created.


Commit complete.

=> ( 5 ) PC_AMRULE_PRJ_H : Get History Record Counts

1 row created.


Commit complete.

..Get TableSpace, Index & Index TableSpace

1 row created.


Commit complete.

=> ( 6 ) PC_BITOPC_SUM_H : Get History Record Counts

1 row created.


Commit complete.

..Get TableSpace, Index & Index TableSpace

1 row created.


Commit complete.

=> ( 7 ) PC_BUD_ACT_H : Get History Record Counts

1 row created.


Commit complete.

..Get TableSpace, Index & Index TableSpace

1 row created.


Commit complete.

=> ( 8 ) PC_BUD_ALERT_H : Get History Record Counts

1 row created.


Commit complete.

..Get TableSpace, Index & Index TableSpace

1 row created.


Commit complete.

=> ( 9 ) PC_BUD_DETAIL_H : Get History Record Counts

1 row created.


Commit complete.

..Get TableSpace, Index & Index TableSpace

1 row created.


Commit complete.

=> ( 10 ) PC_BUD_DETLXX_H : Get History Record Counts

1 row created.


Commit complete.

..Get TableSpace, Index & Index TableSpace

1 row created.


Commit complete.

=> ( 11 ) PC_BUD_DTL_XX_H : Get History Record Counts

1 row created.


Commit complete.

..Get TableSpace, Index & Index TableSpace

1 row created.


Commit complete.

=> ( 12 ) PC_BUD_ITEMXX_H : Get History Record Counts

1 row created.


Commit complete.

..Get TableSpace, Index & Index TableSpace

1 row created.


Commit complete.

=> ( 13 ) PC_BUD_ITEM_H : Get History Record Counts

1 row created.


Commit complete.

..Get TableSpace, Index & Index TableSpace

1 row created.


Commit complete.

=> ( 14 ) PC_BUD_ITM_XX_H : Get History Record Counts

1 row created.


Commit complete.

..Get TableSpace, Index & Index TableSpace

1 row created.


Commit complete.

=> ( 15 ) PC_BUD_PLAN_H : Get History Record Counts

1 row created.


Commit complete.

..Get TableSpace, Index & Index TableSpace

1 row created.


Commit complete.

=> ( 16 ) PC_BUD_PLN_XX_H : Get History Record Counts

1 row created.


Commit complete.

..Get TableSpace, Index & Index TableSpace

1 row created.


Commit complete.

=> ( 17 ) PC_BUD_SUMRY_H : Get History Record Counts

1 row created.


Commit complete.

..Get TableSpace, Index & Index TableSpace

2 rows created.


Commit complete.

=> ( 18 ) PC_BUD_SUM_XX_H : Get History Record Counts

1 row created.


Commit complete.

..Get TableSpace, Index & Index TableSpace

1 row created.


Commit complete.

=> ( 19 ) PC_CHCINFO_XX_H : Get History Record Counts

1 row created.


Commit complete.

..Get TableSpace, Index & Index TableSpace

1 row created.


Commit complete.

=> ( 20 ) PC_CHC_INFO_H : Get History Record Counts

1 row created.


Commit complete.

..Get TableSpace, Index & Index TableSpace

2 rows created.


Commit complete.

=> ( 21 ) PC_CMPRREPXX_H : Get History Record Counts

1 row created.


Commit complete.

..Get TableSpace, Index & Index TableSpace

1 row created.


Commit complete.

=> ( 22 ) PC_CMPRSTG_XX_H : Get History Record Counts

1 row created.


Commit complete.

..Get TableSpace, Index & Index TableSpace

1 row created.


Commit complete.

=> ( 23 ) PC_COM_HD_XX_H : Get History Record Counts

1 row created.


Commit complete.

..Get TableSpace, Index & Index TableSpace

1 row created.


Commit complete.

=> ( 24 ) PC_COM_LN_XX_H : Get History Record Counts

1 row created.


Commit complete.

..Get TableSpace, Index & Index TableSpace

1 row created.


Commit complete.

=> ( 25 ) PC_DELUTIL_RC_H : Get History Record Counts

1 row created.


Commit complete.

..Get TableSpace, Index & Index TableSpace

2 rows created.


Commit complete.

=> ( 26 ) PC_EMPPROJ_TM_H : Get History Record Counts

1 row created.


Commit complete.

..Get TableSpace, Index & Index TableSpace

1 row created.


Commit complete.

=> ( 27 ) PC_EMP_RES_TM_H : Get History Record Counts

1 row created.


Commit complete.

..Get TableSpace, Index & Index TableSpace

1 row created.


Commit complete.

=> ( 28 ) PC_OPIDPRJACT_H : Get History Record Counts

1 row created.


Commit complete.

..Get TableSpace, Index & Index TableSpace

2 rows created.


Commit complete.

=> ( 29 ) PC_OPIDPRJREM_H : Get History Record Counts

1 row created.


Commit complete.

..Get TableSpace, Index & Index TableSpace

1 row created.


Commit complete.

=> ( 30 ) PC_PICSTS_TBL_H : Get History Record Counts

1 row created.


Commit complete.

..Get TableSpace, Index & Index TableSpace

1 row created.


Commit complete.

=> ( 31 ) PC_POREF_XX_H : Get History Record Counts

1 row created.


Commit complete.

..Get TableSpace, Index & Index TableSpace

1 row created.


Commit complete.

=> ( 32 ) PC_PRICE_RATE_H : Get History Record Counts

1 row created.


Commit complete.

..Get TableSpace, Index & Index TableSpace

1 row created.


Commit complete.

=> ( 33 ) PC_PRJ_ACT_XX_H : Get History Record Counts

1 row created.


Commit complete.

..Get TableSpace, Index & Index TableSpace

1 row created.


Commit complete.

=> ( 34 ) PC_PRJ_BRDNXX_H : Get History Record Counts

1 row created.


Commit complete.

..Get TableSpace, Index & Index TableSpace

1 row created.


Commit complete.

=> ( 35 ) PC_PROJECT_XX_H : Get History Record Counts

1 row created.


Commit complete.

..Get TableSpace, Index & Index TableSpace

1 row created.


Commit complete.

=> ( 36 ) PC_PROJHEALTH_H : Get History Record Counts

1 row created.


Commit complete.

..Get TableSpace, Index & Index TableSpace

1 row created.


Commit complete.

=> ( 37 ) PC_RPO_H : Get History Record Counts

1 row created.


Commit complete.

..Get TableSpace, Index & Index TableSpace

1 row created.


Commit complete.

=> ( 38 ) PC_VP_REVIEW_H : Get History Record Counts

1 row created.


Commit complete.

..Get TableSpace, Index & Index TableSpace

1 row created.


Commit complete.

=> ( 39 ) PM_ACT_STG_XX_H : Get History Record Counts

1 row created.


Commit complete.

..Get TableSpace, Index & Index TableSpace

1 row created.


Commit complete.

=> ( 40 ) PM_RES_STG_XX_H : Get History Record Counts

1 row created.


Commit complete.

..Get TableSpace, Index & Index TableSpace

1 row created.


Commit complete.

=> ( 41 ) PM_SPRASGN_XX_H : Get History Record Counts

1 row created.


Commit complete.

..Get TableSpace, Index & Index TableSpace

1 row created.


Commit complete.

=> ( 42 ) PM_SPRBRDN_XX_H : Get History Record Counts

1 row created.


Commit complete.

..Get TableSpace, Index & Index TableSpace

2 rows created.


Commit complete.

=> ( 43 ) PM_SPRCMSN_XX_H : Get History Record Counts

1 row created.


Commit complete.

..Get TableSpace, Index & Index TableSpace

1 row created.


Commit complete.

=> ( 44 ) PM_SPRCUST_XX_H : Get History Record Counts

1 row created.


Commit complete.

..Get TableSpace, Index & Index TableSpace

1 row created.


Commit complete.

=> ( 45 ) PM_SPRXREF_XX_H : Get History Record Counts

1 row created.


Commit complete.

..Get TableSpace, Index & Index TableSpace

1 row created.


Commit complete.

=> ( 46 ) PM_SPR_STG_XX_H : Get History Record Counts

1 row created.


Commit complete.

..Get TableSpace, Index & Index TableSpace

1 row created.


Commit complete.

=> ( 47 ) PRJSPRDEXT_XX_H : Get History Record Counts

1 row created.


Commit complete.

..Get TableSpace, Index & Index TableSpace

1 row created.


Commit complete.

=> ( 48 ) PRJ_RESTMP_XX_H : Get History Record Counts

1 row created.


Commit complete.

..Get TableSpace, Index & Index TableSpace

1 row created.


Commit complete.

=> ( 49 ) PRJ_TMACTDTXX_H : Get History Record Counts

1 row created.


Commit complete.

..Get TableSpace, Index & Index TableSpace

1 row created.


Commit complete.

=> ( 50 ) PROJECT_DESCR_H : Get History Record Counts

1 row created.


Commit complete.

..Get TableSpace, Index & Index TableSpace

2 rows created.


Commit complete.

=> ( 51 ) PROJECT_H : Get History Record Counts

1 row created.


Commit complete.

..Get TableSpace, Index & Index TableSpace

1 row created.


Commit complete.

=> ( 52 ) PROJECT_MGR_H : Get History Record Counts

1 row created.


Commit complete.

..Get TableSpace, Index & Index TableSpace

3 rows created.


Commit complete.

=> ( 53 ) PROJECT_SCHED_H : Get History Record Counts

1 row created.


Commit complete.

..Get TableSpace, Index & Index TableSpace

1 row created.


Commit complete.

=> ( 54 ) PROJECT_SD_H : Get History Record Counts

1 row created.


Commit complete.

..Get TableSpace, Index & Index TableSpace

1 row created.


Commit complete.

=> ( 55 ) PROJECT_TEAM_H : Get History Record Counts

1 row created.


Commit complete.

..Get TableSpace, Index & Index TableSpace

2 rows created.


Commit complete.

=> ( 56 ) PROJECT_XX_H : Get History Record Counts

1 row created.


Commit complete.

..Get TableSpace, Index & Index TableSpace

1 row created.


Commit complete.

=> ( 57 ) PROJ_ACTIVITY_H : Get History Record Counts

1 row created.


Commit complete.

..Get TableSpace, Index & Index TableSpace

1 row created.


Commit complete.

=> ( 58 ) PROJ_ACT_DESC_H : Get History Record Counts

1 row created.


Commit complete.

..Get TableSpace, Index & Index TableSpace

2 rows created.


Commit complete.

=> ( 59 ) PROJ_ACT_LOC_H : Get History Record Counts

1 row created.


Commit complete.

..Get TableSpace, Index & Index TableSpace

2 rows created.


Commit complete.

=> ( 60 ) PROJ_ACT_STAT_H : Get History Record Counts

1 row created.


Commit complete.

..Get TableSpace, Index & Index TableSpace

2 rows created.


Commit complete.

=> ( 61 ) PROJ_ACT_TEAM_H : Get History Record Counts

1 row created.


Commit complete.

..Get TableSpace, Index & Index TableSpace

2 rows created.


Commit complete.

=> ( 62 ) PROJ_ACT_XX_H : Get History Record Counts

1 row created.


Commit complete.

..Get TableSpace, Index & Index TableSpace

1 row created.


Commit complete.

=> ( 63 ) PROJ_APPROVAL_H : Get History Record Counts

1 row created.


Commit complete.

..Get TableSpace, Index & Index TableSpace

2 rows created.


Commit complete.

=> ( 64 ) PROJ_BIL_INFO_H : Get History Record Counts

1 row created.


Commit complete.

..Get TableSpace, Index & Index TableSpace

1 row created.


Commit complete.

=> ( 65 ) PROJ_DOCUMENT_H : Get History Record Counts

1 row created.


Commit complete.

..Get TableSpace, Index & Index TableSpace

1 row created.


Commit complete.

=> ( 66 ) PROJ_EV_APPRV_H : Get History Record Counts

1 row created.


Commit complete.

..Get TableSpace, Index & Index TableSpace

1 row created.


Commit complete.

=> ( 67 ) PROJ_JUSTIFY_H : Get History Record Counts

1 row created.


Commit complete.

..Get TableSpace, Index & Index TableSpace

2 rows created.


Commit complete.

=> ( 68 ) PROJ_LOCATION_H : Get History Record Counts

1 row created.


Commit complete.

..Get TableSpace, Index & Index TableSpace

2 rows created.


Commit complete.

=> ( 69 ) PROJ_QUALITY_H : Get History Record Counts

1 row created.


Commit complete.

..Get TableSpace, Index & Index TableSpace

2 rows created.


Commit complete.

=> ( 70 ) PROJ_RESOURCE_H : Get History Record Counts

1 row created.


Commit complete.

..Get TableSpace, Index & Index TableSpace

1 row created.


Commit complete.

=> ( 71 ) PROJ_RES_DELT_H : Get History Record Counts

1 row created.


Commit complete.

..Get TableSpace, Index & Index TableSpace

1 row created.


Commit complete.

=> ( 72 ) PROJ_RSCTMPXX_H : Get History Record Counts

1 row created.


Commit complete.

..Get TableSpace, Index & Index TableSpace

1 row created.


Commit complete.

=> ( 73 ) PROJ_SPRD_XX_H : Get History Record Counts

1 row created.


Commit complete.

..Get TableSpace, Index & Index TableSpace

1 row created.


Commit complete.

=> ( 74 ) PROJ_STATUS_H : Get History Record Counts

1 row created.


Commit complete.

..Get TableSpace, Index & Index TableSpace

2 rows created.


Commit complete.

=> ( 75 ) PROJ_TEAMSVXX_H : Get History Record Counts

1 row created.


Commit complete.

..Get TableSpace, Index & Index TableSpace

2 rows created.


Commit complete.

=> ( 76 ) PROJ_TM_SCHED_H : Get History Record Counts

1 row created.


Commit complete.

..Get TableSpace, Index & Index TableSpace

1 row created.


Commit complete.

=> ( 77 ) PSA_ORGPRJ_DF_H : Get History Record Counts

1 row created.


Commit complete.

..Get TableSpace, Index & Index TableSpace

1 row created.


Commit complete.

=> ( 78 ) TL_RTS_ACT_XX_H : Get History Record Counts

1 row created.


Commit complete.

..Get TableSpace, Index & Index TableSpace

1 row created.


Commit complete.

=> ( 79 ) TL_RTS_PRJ_XX_H : Get History Record Counts

1 row created.


Commit complete.

..Get TableSpace, Index & Index TableSpace

1 row created.


Commit complete.

=> ( 80 ) TL_RTS_TRC_XX_H : Get History Record Counts

1 row created.


Commit complete.

..Get TableSpace, Index & Index TableSpace

1 row created.


Commit complete.


Export: Release 19.0.0.0.0 - Production on Fri Dec 12 01:59:34 2025
Version 19.27.0.0.0

Copyright (c) 1982, 2019, Oracle and/or its affiliates.  All rights reserved.

Connected to: Oracle Database 19c Enterprise Edition Release 19.0.0.0.0 - Production
FLASHBACK automatically enabled to preserve database integrity.
Starting "SYS"."SYS_EXPORT_TABLE_05":  userid="/******** AS SYSDBA" directory=PC_01_XX_FS dumpfile=PC_01_XX_11-12-2025_1995_2000_01-May-2023_01-Mar-2024_FS_%U.dmp logfile=PC_01_XX_11-12-2025_1995_2000_01-May-2023_01-Mar-2024_FS.log parallel=18 EXCLUDE=statistics EXCLUDE=TRIGGER ENCRYPTION=ALL ENCRYPTION_MODE=DUAL ENCRYPTION_ALGORITHM=AES256 ENCRYPTION_PASSWORD=******** FILESIZE=10G COMPRESSION=ALL TABLES=SYSADM.PS_INTF_PROJ_RES_H QUERY=SYSADM.PS_INTF_PROJ_RES_H:"WHERE PSARCH_ID='PC_01_XX' AND PSARCH_BATCHNUM||PSARCH_ID IN (SELECT PSARCH_BATCHNUM||PSARCH_ID FROM SYSADM.PSARCHBATCH WHERE PSARCH_DTTM >= '01-May-2023' AND PSARCH_DTTM < '01-Mar-2024')" TABLES=SYSADM.PS_PC_ACT_IN_USE_H QUERY=SYSADM.PS_PC_ACT_IN_USE_H:"WHERE PSARCH_ID='PC_01_XX' AND PSARCH_BATCHNUM||PSARCH_ID IN (SELECT PSARCH_BATCHNUM||PSARCH_ID FROM SYSADM.PSARCHBATCH WHERE PSARCH_DTTM >= '01-May-2023' AND PSARCH_DTTM < '01-Mar-2024')" TABLES=SYSADM.PS_PC_ACT_SUM_H QUERY=SYSADM.PS_PC_ACT_SUM_H:"WHERE PSARCH_ID='PC_01_XX' AND PSARCH_BATCHNUM||PSARCH_ID IN (SELECT PSARCH_BATCHNUM||PSARCH_ID FROM SYSADM.PSARCHBATCH WHERE PSARCH_DTTM >= '01-May-2023' AND PSARCH_DTTM < '01-Mar-2024')" TABLES=SYSADM.PS_PC_AMRULE_ACT_H QUERY=SYSADM.PS_PC_AMRULE_ACT_H:"WHERE PSARCH_ID='PC_01_XX' AND PSARCH_BATCHNUM||PSARCH_ID IN (SELECT PSARCH_BATCHNUM||PSARCH_ID FROM SYSADM.PSARCHBATCH WHERE PSARCH_DTTM >= '01-May-2023' AND PSARCH_DTTM < '01-Mar-2024')" TABLES=SYSADM.PS_PC_AMRULE_PRJ_H QUERY=SYSADM.PS_PC_AMRULE_PRJ_H:"WHERE PSARCH_ID='PC_01_XX' AND PSARCH_BATCHNUM||PSARCH_ID IN (SELECT PSARCH_BATCHNUM||PSARCH_ID FROM SYSADM.PSARCHBATCH WHERE PSARCH_DTTM >= '01-May-2023' AND PSARCH_DTTM < '01-Mar-2024')" TABLES=SYSADM.PS_PC_BITOPC_SUM_H QUERY=SYSADM.PS_PC_BITOPC_SUM_H:"WHERE PSARCH_ID='PC_01_XX' AND PSARCH_BATCHNUM||PSARCH_ID IN (SELECT PSARCH_BATCHNUM||PSARCH_ID FROM SYSADM.PSARCHBATCH WHERE PSARCH_DTTM >= '01-May-2023' AND PSARCH_DTTM < '01-Mar-2024')" TABLES=SYSADM.PS_PC_BUD_ACT_H QUERY=SYSADM.PS_PC_BUD_ACT_H:"WHE
Processing object type TABLE_EXPORT/TABLE/PROCACT_INSTANCE
Processing object type TABLE_EXPORT/TABLE/TABLE
Processing object type TABLE_EXPORT/TABLE/GRANT/OWNER_GRANT/OBJECT_GRANT
Processing object type TABLE_EXPORT/TABLE/TABLE_DATA
. . exported "SYSADM"."PS_PC_PRJ_BRDNXX_H"               54.97 KB    6759 rows
. . exported "SYSADM"."PS_PROJ_ACT_STAT_H"               69.01 KB   10125 rows
. . exported "SYSADM"."PS_PC_ACT_IN_USE_H"               79.64 KB   27173 rows
. . exported "SYSADM"."PS_PC_EMPPROJ_TM_H"               201.8 KB   36262 rows
. . exported "SYSADM"."PS_PC_ACT_SUM_H"                  141.0 KB   27173 rows
. . exported "SYSADM"."PS_PROJECT_H"                     473.6 KB    8919 rows
. . exported "SYSADM"."PS_PROJ_STATUS_H"                 115.2 KB   18178 rows
. . exported "SYSADM"."PS_PC_PROJHEALTH_H"               237.7 KB   62433 rows
. . exported "SYSADM"."PS_PC_AMRULE_ACT_H"               77.15 KB    9771 rows
. . exported "SYSADM"."PS_PROJ_ACTIVITY_H"               280.3 KB    9771 rows
. . exported "SYSADM"."PS_PROJECT_TEAM_H"                148.3 KB    9034 rows
. . exported "SYSADM"."PS_PROJ_ACT_DESC_H"               27.49 KB     936 rows
Processing object type TABLE_EXPORT/TABLE/INDEX/INDEX
. . exported "SYSADM"."PS_PC_COM_HD_XX_H"                6.921 KB     240 rows
. . exported "SYSADM"."PS_PC_POREF_XX_H"                 5.187 KB       0 rows
. . exported "SYSADM"."PS_PC_PROJECT_XX_H"               58.00 KB    8906 rows
. . exported "SYSADM"."PS_PROJ_ACT_LOC_H"                6.617 KB       5 rows
. . exported "SYSADM"."PS_PC_PRJ_ACT_XX_H"               66.05 KB    5125 rows
. . exported "SYSADM"."PS_PC_PRICE_RATE_H"               5.437 KB       0 rows
. . exported "SYSADM"."PS_PROJECT_MGR_H"                 64.65 KB    9068 rows
. . exported "SYSADM"."PS_PROJ_TM_SCHED_H"               80.93 KB    9035 rows
. . exported "SYSADM"."PS_PC_EMP_RES_TM_H"               1.415 MB   68663 rows
. . exported "SYSADM"."PS_PROJ_LOCATION_H"               6.265 KB       0 rows
. . exported "SYSADM"."PS_PROJECT_DESCR_H"               126.8 KB    5392 rows
. . exported "SYSADM"."PS_PROJ_SPRD_XX_H"                7.234 KB       0 rows
. . exported "SYSADM"."PS_PC_AMRULE_PRJ_H"               71.32 KB    8919 rows
. . exported "SYSADM"."PS_PC_CHC_INFO_H"                 6.203 KB       0 rows
. . exported "SYSADM"."PS_PROJ_BIL_INFO_H"               58.93 KB    9761 rows
. . exported "SYSADM"."PS_PROJ_QUALITY_H"                5.562 KB       0 rows
. . exported "SYSADM"."PS_PSA_ORGPRJ_DF_H"               5.570 KB       1 rows
. . exported "SYSADM"."PS_TL_RTS_TRC_XX_H"               5.671 KB       0 rows
. . exported "SYSADM"."PS_TL_RTS_ACT_XX_H"               5.507 KB       0 rows
. . exported "SYSADM"."PS_PC_COM_LN_XX_H"                9.078 KB     336 rows
. . exported "SYSADM"."PS_TL_RTS_PRJ_XX_H"               5.460 KB       0 rows
. . exported "SYSADM"."PS_PROJECT_XX_H"                  7.453 KB     240 rows
. . exported "SYSADM"."PS_PROJ_JUSTIFY_H"                5.382 KB       0 rows
. . exported "SYSADM"."PS_PC_OPIDPRJACT_H"               5.210 KB       1 rows
. . exported "SYSADM"."PS_PROJ_ACT_XX_H"                 5.164 KB       0 rows
. . exported "SYSADM"."PS_PROJ_EV_APPRV_H"                   5 KB       0 rows
. . exported "SYSADM"."PS_INTF_PROJ_RES_H"                   0 KB       0 rows
. . exported "SYSADM"."PS_PC_BITOPC_SUM_H"                   0 KB       0 rows
. . exported "SYSADM"."PS_PC_BUD_ACT_H"                      0 KB       0 rows
. . exported "SYSADM"."PS_PC_BUD_ALERT_H"                    0 KB       0 rows
. . exported "SYSADM"."PS_PC_BUD_DETAIL_H"                   0 KB       0 rows
. . exported "SYSADM"."PS_PC_BUD_DETLXX_H"                   0 KB       0 rows
. . exported "SYSADM"."PS_PC_BUD_DTL_XX_H"                   0 KB       0 rows
. . exported "SYSADM"."PS_PC_BUD_ITEMXX_H"                   0 KB       0 rows
. . exported "SYSADM"."PS_PC_BUD_ITEM_H"                     0 KB       0 rows
. . exported "SYSADM"."PS_PC_BUD_ITM_XX_H"                   0 KB       0 rows
. . exported "SYSADM"."PS_PC_BUD_PLAN_H"                     0 KB       0 rows
. . exported "SYSADM"."PS_PC_BUD_PLN_XX_H"                   0 KB       0 rows
. . exported "SYSADM"."PS_PC_BUD_SUMRY_H"                    0 KB       0 rows
. . exported "SYSADM"."PS_PC_BUD_SUM_XX_H"                   0 KB       0 rows
. . exported "SYSADM"."PS_PC_CHCINFO_XX_H"                   0 KB       0 rows
. . exported "SYSADM"."PS_PC_CMPRREPXX_H"                    0 KB       0 rows
. . exported "SYSADM"."PS_PC_CMPRSTG_XX_H"                   0 KB       0 rows
. . exported "SYSADM"."PS_PC_DELUTIL_RC_H"                   0 KB       0 rows
. . exported "SYSADM"."PS_PC_OPIDPRJREM_H"                   0 KB       0 rows
. . exported "SYSADM"."PS_PC_PICSTS_TBL_H"                   0 KB       0 rows
. . exported "SYSADM"."PS_PC_RPO_H"                          0 KB       0 rows
. . exported "SYSADM"."PS_PC_VP_REVIEW_H"                    0 KB       0 rows
. . exported "SYSADM"."PS_PM_ACT_STG_XX_H"                   0 KB       0 rows
. . exported "SYSADM"."PS_PM_RES_STG_XX_H"                   0 KB       0 rows
. . exported "SYSADM"."PS_PM_SPRASGN_XX_H"                   0 KB       0 rows
. . exported "SYSADM"."PS_PM_SPRBRDN_XX_H"                   0 KB       0 rows
. . exported "SYSADM"."PS_PM_SPRCMSN_XX_H"                   0 KB       0 rows
. . exported "SYSADM"."PS_PM_SPRCUST_XX_H"                   0 KB       0 rows
. . exported "SYSADM"."PS_PM_SPRXREF_XX_H"                   0 KB       0 rows
. . exported "SYSADM"."PS_PM_SPR_STG_XX_H"                   0 KB       0 rows
. . exported "SYSADM"."PS_PRJSPRDEXT_XX_H"                   0 KB       0 rows
. . exported "SYSADM"."PS_PRJ_RESTMP_XX_H"                   0 KB       0 rows
. . exported "SYSADM"."PS_PRJ_TMACTDTXX_H"                   0 KB       0 rows
. . exported "SYSADM"."PS_PROJECT_SCHED_H"                   0 KB       0 rows
. . exported "SYSADM"."PS_PROJECT_SD_H"                      0 KB       0 rows
. . exported "SYSADM"."PS_PROJ_ACT_TEAM_H"                   0 KB       0 rows
. . exported "SYSADM"."PS_PROJ_APPROVAL_H"                   0 KB       0 rows
. . exported "SYSADM"."PS_PROJ_DOCUMENT_H"                   0 KB       0 rows
. . exported "SYSADM"."PS_PROJ_RES_DELT_H"                   0 KB       0 rows
. . exported "SYSADM"."PS_PROJ_RSCTMPXX_H"                   0 KB       0 rows
. . exported "SYSADM"."PS_PROJ_TEAMSVXX_H"                   0 KB       0 rows
. . exported "SYSADM"."PS_PROJ_RESOURCE_H"               6.494 MB   97820 rows
Master table "SYS"."SYS_EXPORT_TABLE_05" successfully loaded/unloaded
******************************************************************************
Dump file set for SYS.SYS_EXPORT_TABLE_05 is:
  /backup/data_arch/PC_01_XX/FS/PC_01_XX_11-12-2025_1995_2000_01-May-2023_01-Mar-2024_FS_01.dmp
  /backup/data_arch/PC_01_XX/FS/PC_01_XX_11-12-2025_1995_2000_01-May-2023_01-Mar-2024_FS_02.dmp
  /backup/data_arch/PC_01_XX/FS/PC_01_XX_11-12-2025_1995_2000_01-May-2023_01-Mar-2024_FS_03.dmp
  /backup/data_arch/PC_01_XX/FS/PC_01_XX_11-12-2025_1995_2000_01-May-2023_01-Mar-2024_FS_04.dmp
  /backup/data_arch/PC_01_XX/FS/PC_01_XX_11-12-2025_1995_2000_01-May-2023_01-Mar-2024_FS_05.dmp
  /backup/data_arch/PC_01_XX/FS/PC_01_XX_11-12-2025_1995_2000_01-May-2023_01-Mar-2024_FS_06.dmp
  /backup/data_arch/PC_01_XX/FS/PC_01_XX_11-12-2025_1995_2000_01-May-2023_01-Mar-2024_FS_07.dmp
  /backup/data_arch/PC_01_XX/FS/PC_01_XX_11-12-2025_1995_2000_01-May-2023_01-Mar-2024_FS_08.dmp
  /backup/data_arch/PC_01_XX/FS/PC_01_XX_11-12-2025_1995_2000_01-May-2023_01-Mar-2024_FS_09.dmp
  /backup/data_arch/PC_01_XX/FS/PC_01_XX_11-12-2025_1995_2000_01-May-2023_01-Mar-2024_FS_10.dmp
  /backup/data_arch/PC_01_XX/FS/PC_01_XX_11-12-2025_1995_2000_01-May-2023_01-Mar-2024_FS_11.dmp
  /backup/data_arch/PC_01_XX/FS/PC_01_XX_11-12-2025_1995_2000_01-May-2023_01-Mar-2024_FS_12.dmp
  /backup/data_arch/PC_01_XX/FS/PC_01_XX_11-12-2025_1995_2000_01-May-2023_01-Mar-2024_FS_13.dmp
  /backup/data_arch/PC_01_XX/FS/PC_01_XX_11-12-2025_1995_2000_01-May-2023_01-Mar-2024_FS_14.dmp
  /backup/data_arch/PC_01_XX/FS/PC_01_XX_11-12-2025_1995_2000_01-May-2023_01-Mar-2024_FS_15.dmp
  /backup/data_arch/PC_01_XX/FS/PC_01_XX_11-12-2025_1995_2000_01-May-2023_01-Mar-2024_FS_16.dmp
  /backup/data_arch/PC_01_XX/FS/PC_01_XX_11-12-2025_1995_2000_01-May-2023_01-Mar-2024_FS_17.dmp
  /backup/data_arch/PC_01_XX/FS/PC_01_XX_11-12-2025_1995_2000_01-May-2023_01-Mar-2024_FS_18.dmp
  /backup/data_arch/PC_01_XX/FS/PC_01_XX_11-12-2025_1995_2000_01-May-2023_01-Mar-2024_FS_19.dmp
  /backup/data_arch/PC_01_XX/FS/PC_01_XX_11-12-2025_1995_2000_01-May-2023_01-Mar-2024_FS_20.dmp
  /backup/data_arch/PC_01_XX/FS/PC_01_XX_11-12-2025_1995_2000_01-May-2023_01-Mar-2024_FS_21.dmp
  /backup/data_arch/PC_01_XX/FS/PC_01_XX_11-12-2025_1995_2000_01-May-2023_01-Mar-2024_FS_22.dmp
Job "SYS"."SYS_EXPORT_TABLE_05" successfully completed at Fri Dec 12 02:02:12 2025 elapsed 0 00:02:38

TEMPLATE_NAME:  PC_01_XX
Error Count:  0
CURRENT DATE:  2025/12/12
Insert Data into PS_DATAMIN_EXPF_XX.

1 row created.


Commit complete.

Successful Export: Insert Done.
Template FSPRD-PC_01_XX successfully Exported, started at  Fri Dec 12 01:59:34 EST 2025 and finished at Fri Dec 12 02:02:17 EST 2025
----------------------------------------------------------------------------------------
Finished export of Template : PC_01_XX
----------------------------------------------------------------------------------------
#########################################################################################
Beginning export of Template : PC_02_XX
#########################################################################################
 
=> ( 1 ) INT_PRJACT_XX_H : Get History Record Counts

1 row created.


Commit complete.

..Get TableSpace, Index & Index TableSpace

1 row created.


Commit complete.


Export: Release 19.0.0.0.0 - Production on Fri Dec 12 02:02:17 2025
Version 19.27.0.0.0

Copyright (c) 1982, 2019, Oracle and/or its affiliates.  All rights reserved.

Connected to: Oracle Database 19c Enterprise Edition Release 19.0.0.0.0 - Production
FLASHBACK automatically enabled to preserve database integrity.
Starting "SYS"."SYS_EXPORT_TABLE_05":  userid="/******** AS SYSDBA" directory=PC_02_XX_FS dumpfile=PC_02_XX_11-12-2025_1995_2000_01-May-2023_01-Mar-2024_FS_%U.dmp logfile=PC_02_XX_11-12-2025_1995_2000_01-May-2023_01-Mar-2024_FS.log parallel=18 EXCLUDE=statistics EXCLUDE=TRIGGER ENCRYPTION=ALL ENCRYPTION_MODE=DUAL ENCRYPTION_ALGORITHM=AES256 ENCRYPTION_PASSWORD=******** FILESIZE=10G COMPRESSION=ALL TABLES=SYSADM.PS_INT_PRJACT_XX_H QUERY=SYSADM.PS_INT_PRJACT_XX_H:"WHERE PSARCH_ID='PC_02_XX' AND PSARCH_BATCHNUM||PSARCH_ID IN (SELECT PSARCH_BATCHNUM||PSARCH_ID FROM SYSADM.PSARCHBATCH WHERE PSARCH_DTTM >= '01-May-2023' AND PSARCH_DTTM < '01-Mar-2024')" 
Processing object type TABLE_EXPORT/TABLE/PROCACT_INSTANCE
Processing object type TABLE_EXPORT/TABLE/TABLE
Processing object type TABLE_EXPORT/TABLE/GRANT/OWNER_GRANT/OBJECT_GRANT
Processing object type TABLE_EXPORT/TABLE/TABLE_DATA
. . exported "SYSADM"."PS_INT_PRJACT_XX_H"                   0 KB       0 rows
Processing object type TABLE_EXPORT/TABLE/INDEX/INDEX
Master table "SYS"."SYS_EXPORT_TABLE_05" successfully loaded/unloaded
******************************************************************************
Dump file set for SYS.SYS_EXPORT_TABLE_05 is:
  /backup/data_arch/PC_02_XX/FS/PC_02_XX_11-12-2025_1995_2000_01-May-2023_01-Mar-2024_FS_01.dmp
  /backup/data_arch/PC_02_XX/FS/PC_02_XX_11-12-2025_1995_2000_01-May-2023_01-Mar-2024_FS_02.dmp
  /backup/data_arch/PC_02_XX/FS/PC_02_XX_11-12-2025_1995_2000_01-May-2023_01-Mar-2024_FS_03.dmp
  /backup/data_arch/PC_02_XX/FS/PC_02_XX_11-12-2025_1995_2000_01-May-2023_01-Mar-2024_FS_04.dmp
  /backup/data_arch/PC_02_XX/FS/PC_02_XX_11-12-2025_1995_2000_01-May-2023_01-Mar-2024_FS_05.dmp
  /backup/data_arch/PC_02_XX/FS/PC_02_XX_11-12-2025_1995_2000_01-May-2023_01-Mar-2024_FS_06.dmp
  /backup/data_arch/PC_02_XX/FS/PC_02_XX_11-12-2025_1995_2000_01-May-2023_01-Mar-2024_FS_07.dmp
  /backup/data_arch/PC_02_XX/FS/PC_02_XX_11-12-2025_1995_2000_01-May-2023_01-Mar-2024_FS_08.dmp
  /backup/data_arch/PC_02_XX/FS/PC_02_XX_11-12-2025_1995_2000_01-May-2023_01-Mar-2024_FS_09.dmp
Job "SYS"."SYS_EXPORT_TABLE_05" successfully completed at Fri Dec 12 02:03:12 2025 elapsed 0 00:00:53

TEMPLATE_NAME:  PC_02_XX
Error Count:  0
CURRENT DATE:  2025/12/12
Insert Data into PS_DATAMIN_EXPF_XX.

1 row created.


Commit complete.

Successful Export: Insert Done.
Template FSPRD-PC_02_XX successfully Exported, started at  Fri Dec 12 02:02:17 EST 2025 and finished at Fri Dec 12 02:03:17 EST 2025
----------------------------------------------------------------------------------------
Finished export of Template : PC_02_XX
----------------------------------------------------------------------------------------
#########################################################################################
Beginning export of Template : PC_03_XX
#########################################################################################
 
=> ( 1 ) PC_CMACCTLNXX_H : Get History Record Counts

1 row created.


Commit complete.

..Get TableSpace, Index & Index TableSpace

1 row created.


Commit complete.


Export: Release 19.0.0.0.0 - Production on Fri Dec 12 02:03:17 2025
Version 19.27.0.0.0

Copyright (c) 1982, 2019, Oracle and/or its affiliates.  All rights reserved.

Connected to: Oracle Database 19c Enterprise Edition Release 19.0.0.0.0 - Production
FLASHBACK automatically enabled to preserve database integrity.
Starting "SYS"."SYS_EXPORT_TABLE_05":  userid="/******** AS SYSDBA" directory=PC_03_XX_FS dumpfile=PC_03_XX_11-12-2025_1995_2000_01-May-2023_01-Mar-2024_FS_%U.dmp logfile=PC_03_XX_11-12-2025_1995_2000_01-May-2023_01-Mar-2024_FS.log parallel=18 EXCLUDE=statistics EXCLUDE=TRIGGER ENCRYPTION=ALL ENCRYPTION_MODE=DUAL ENCRYPTION_ALGORITHM=AES256 ENCRYPTION_PASSWORD=******** FILESIZE=10G COMPRESSION=ALL TABLES=SYSADM.PS_PC_CMACCTLNXX_H QUERY=SYSADM.PS_PC_CMACCTLNXX_H:"WHERE PSARCH_ID='PC_03_XX' AND PSARCH_BATCHNUM||PSARCH_ID IN (SELECT PSARCH_BATCHNUM||PSARCH_ID FROM SYSADM.PSARCHBATCH WHERE PSARCH_DTTM >= '01-May-2023' AND PSARCH_DTTM < '01-Mar-2024')" 
Processing object type TABLE_EXPORT/TABLE/PROCACT_INSTANCE
Processing object type TABLE_EXPORT/TABLE/TABLE
Processing object type TABLE_EXPORT/TABLE/GRANT/OWNER_GRANT/OBJECT_GRANT
Processing object type TABLE_EXPORT/TABLE/TABLE_DATA
. . exported "SYSADM"."PS_PC_CMACCTLNXX_H"                   0 KB       0 rows
Processing object type TABLE_EXPORT/TABLE/INDEX/INDEX
Master table "SYS"."SYS_EXPORT_TABLE_05" successfully loaded/unloaded
******************************************************************************
Dump file set for SYS.SYS_EXPORT_TABLE_05 is:
  /backup/data_arch/PC_03_XX/FS/PC_03_XX_11-12-2025_1995_2000_01-May-2023_01-Mar-2024_FS_01.dmp
  /backup/data_arch/PC_03_XX/FS/PC_03_XX_11-12-2025_1995_2000_01-May-2023_01-Mar-2024_FS_02.dmp
  /backup/data_arch/PC_03_XX/FS/PC_03_XX_11-12-2025_1995_2000_01-May-2023_01-Mar-2024_FS_03.dmp
  /backup/data_arch/PC_03_XX/FS/PC_03_XX_11-12-2025_1995_2000_01-May-2023_01-Mar-2024_FS_04.dmp
  /backup/data_arch/PC_03_XX/FS/PC_03_XX_11-12-2025_1995_2000_01-May-2023_01-Mar-2024_FS_05.dmp
  /backup/data_arch/PC_03_XX/FS/PC_03_XX_11-12-2025_1995_2000_01-May-2023_01-Mar-2024_FS_06.dmp
  /backup/data_arch/PC_03_XX/FS/PC_03_XX_11-12-2025_1995_2000_01-May-2023_01-Mar-2024_FS_07.dmp
  /backup/data_arch/PC_03_XX/FS/PC_03_XX_11-12-2025_1995_2000_01-May-2023_01-Mar-2024_FS_08.dmp
  /backup/data_arch/PC_03_XX/FS/PC_03_XX_11-12-2025_1995_2000_01-May-2023_01-Mar-2024_FS_09.dmp
Job "SYS"."SYS_EXPORT_TABLE_05" successfully completed at Fri Dec 12 02:04:11 2025 elapsed 0 00:00:53

TEMPLATE_NAME:  PC_03_XX
Error Count:  0
CURRENT DATE:  2025/12/12
Insert Data into PS_DATAMIN_EXPF_XX.

1 row created.


Commit complete.

Successful Export: Insert Done.
Template FSPRD-PC_03_XX successfully Exported, started at  Fri Dec 12 02:03:17 EST 2025 and finished at Fri Dec 12 02:04:16 EST 2025
----------------------------------------------------------------------------------------
Finished export of Template : PC_03_XX
----------------------------------------------------------------------------------------
#########################################################################################
Beginning export of Template : PC_04_XX
#########################################################################################
 
=> ( 1 ) PCX0015_ERRXX_H : Get History Record Counts

1 row created.


Commit complete.

..Get TableSpace, Index & Index TableSpace

1 row created.


Commit complete.


Export: Release 19.0.0.0.0 - Production on Fri Dec 12 02:04:17 2025
Version 19.27.0.0.0

Copyright (c) 1982, 2019, Oracle and/or its affiliates.  All rights reserved.

Connected to: Oracle Database 19c Enterprise Edition Release 19.0.0.0.0 - Production
FLASHBACK automatically enabled to preserve database integrity.
Starting "SYS"."SYS_EXPORT_TABLE_05":  userid="/******** AS SYSDBA" directory=PC_04_XX_FS dumpfile=PC_04_XX_11-12-2025_1995_2000_01-May-2023_01-Mar-2024_FS_%U.dmp logfile=PC_04_XX_11-12-2025_1995_2000_01-May-2023_01-Mar-2024_FS.log parallel=18 EXCLUDE=statistics EXCLUDE=TRIGGER ENCRYPTION=ALL ENCRYPTION_MODE=DUAL ENCRYPTION_ALGORITHM=AES256 ENCRYPTION_PASSWORD=******** FILESIZE=10G COMPRESSION=ALL TABLES=SYSADM.PS_PCX0015_ERRXX_H QUERY=SYSADM.PS_PCX0015_ERRXX_H:"WHERE PSARCH_ID='PC_04_XX' AND PSARCH_BATCHNUM||PSARCH_ID IN (SELECT PSARCH_BATCHNUM||PSARCH_ID FROM SYSADM.PSARCHBATCH WHERE PSARCH_DTTM >= '01-May-2023' AND PSARCH_DTTM < '01-Mar-2024')" 
Processing object type TABLE_EXPORT/TABLE/PROCACT_INSTANCE
Processing object type TABLE_EXPORT/TABLE/TABLE
Processing object type TABLE_EXPORT/TABLE/GRANT/OWNER_GRANT/OBJECT_GRANT
Processing object type TABLE_EXPORT/TABLE/TABLE_DATA
. . exported "SYSADM"."PS_PCX0015_ERRXX_H"                   0 KB       0 rows
Processing object type TABLE_EXPORT/TABLE/INDEX/INDEX
Master table "SYS"."SYS_EXPORT_TABLE_05" successfully loaded/unloaded
******************************************************************************
Dump file set for SYS.SYS_EXPORT_TABLE_05 is:
  /backup/data_arch/PC_04_XX/FS/PC_04_XX_11-12-2025_1995_2000_01-May-2023_01-Mar-2024_FS_01.dmp
  /backup/data_arch/PC_04_XX/FS/PC_04_XX_11-12-2025_1995_2000_01-May-2023_01-Mar-2024_FS_02.dmp
  /backup/data_arch/PC_04_XX/FS/PC_04_XX_11-12-2025_1995_2000_01-May-2023_01-Mar-2024_FS_03.dmp
  /backup/data_arch/PC_04_XX/FS/PC_04_XX_11-12-2025_1995_2000_01-May-2023_01-Mar-2024_FS_04.dmp
  /backup/data_arch/PC_04_XX/FS/PC_04_XX_11-12-2025_1995_2000_01-May-2023_01-Mar-2024_FS_05.dmp
  /backup/data_arch/PC_04_XX/FS/PC_04_XX_11-12-2025_1995_2000_01-May-2023_01-Mar-2024_FS_06.dmp
  /backup/data_arch/PC_04_XX/FS/PC_04_XX_11-12-2025_1995_2000_01-May-2023_01-Mar-2024_FS_07.dmp
  /backup/data_arch/PC_04_XX/FS/PC_04_XX_11-12-2025_1995_2000_01-May-2023_01-Mar-2024_FS_08.dmp
  /backup/data_arch/PC_04_XX/FS/PC_04_XX_11-12-2025_1995_2000_01-May-2023_01-Mar-2024_FS_09.dmp
Job "SYS"."SYS_EXPORT_TABLE_05" successfully completed at Fri Dec 12 02:05:10 2025 elapsed 0 00:00:53

TEMPLATE_NAME:  PC_04_XX
Error Count:  0
CURRENT DATE:  2025/12/12
Insert Data into PS_DATAMIN_EXPF_XX.

1 row created.


Commit complete.

Successful Export: Insert Done.
Template FSPRD-PC_04_XX successfully Exported, started at  Fri Dec 12 02:04:17 EST 2025 and finished at Fri Dec 12 02:05:15 EST 2025
----------------------------------------------------------------------------------------
Finished export of Template : PC_04_XX
----------------------------------------------------------------------------------------
#########################################################################################
Beginning export of Template : PC_05_XX
#########################################################################################
 
=> ( 1 ) PC_INTFCSTGXX_H : Get History Record Counts

1 row created.


Commit complete.

..Get TableSpace, Index & Index TableSpace

1 row created.


Commit complete.


Export: Release 19.0.0.0.0 - Production on Fri Dec 12 02:05:15 2025
Version 19.27.0.0.0

Copyright (c) 1982, 2019, Oracle and/or its affiliates.  All rights reserved.

Connected to: Oracle Database 19c Enterprise Edition Release 19.0.0.0.0 - Production
FLASHBACK automatically enabled to preserve database integrity.
Starting "SYS"."SYS_EXPORT_TABLE_05":  userid="/******** AS SYSDBA" directory=PC_05_XX_FS dumpfile=PC_05_XX_11-12-2025_1995_2000_01-May-2023_01-Mar-2024_FS_%U.dmp logfile=PC_05_XX_11-12-2025_1995_2000_01-May-2023_01-Mar-2024_FS.log parallel=18 EXCLUDE=statistics EXCLUDE=TRIGGER ENCRYPTION=ALL ENCRYPTION_MODE=DUAL ENCRYPTION_ALGORITHM=AES256 ENCRYPTION_PASSWORD=******** FILESIZE=10G COMPRESSION=ALL TABLES=SYSADM.PS_PC_INTFCSTGXX_H QUERY=SYSADM.PS_PC_INTFCSTGXX_H:"WHERE PSARCH_ID='PC_05_XX' AND PSARCH_BATCHNUM||PSARCH_ID IN (SELECT PSARCH_BATCHNUM||PSARCH_ID FROM SYSADM.PSARCHBATCH WHERE PSARCH_DTTM >= '01-May-2023' AND PSARCH_DTTM < '01-Mar-2024')" 
Processing object type TABLE_EXPORT/TABLE/PROCACT_INSTANCE
Processing object type TABLE_EXPORT/TABLE/TABLE
Processing object type TABLE_EXPORT/TABLE/GRANT/OWNER_GRANT/OBJECT_GRANT
Processing object type TABLE_EXPORT/TABLE/TABLE_DATA
. . exported "SYSADM"."PS_PC_INTFCSTGXX_H"                   0 KB       0 rows
Processing object type TABLE_EXPORT/TABLE/INDEX/INDEX
Master table "SYS"."SYS_EXPORT_TABLE_05" successfully loaded/unloaded
******************************************************************************
Dump file set for SYS.SYS_EXPORT_TABLE_05 is:
  /backup/data_arch/PC_05_XX/FS/PC_05_XX_11-12-2025_1995_2000_01-May-2023_01-Mar-2024_FS_01.dmp
  /backup/data_arch/PC_05_XX/FS/PC_05_XX_11-12-2025_1995_2000_01-May-2023_01-Mar-2024_FS_02.dmp
  /backup/data_arch/PC_05_XX/FS/PC_05_XX_11-12-2025_1995_2000_01-May-2023_01-Mar-2024_FS_03.dmp
  /backup/data_arch/PC_05_XX/FS/PC_05_XX_11-12-2025_1995_2000_01-May-2023_01-Mar-2024_FS_04.dmp
  /backup/data_arch/PC_05_XX/FS/PC_05_XX_11-12-2025_1995_2000_01-May-2023_01-Mar-2024_FS_05.dmp
  /backup/data_arch/PC_05_XX/FS/PC_05_XX_11-12-2025_1995_2000_01-May-2023_01-Mar-2024_FS_06.dmp
  /backup/data_arch/PC_05_XX/FS/PC_05_XX_11-12-2025_1995_2000_01-May-2023_01-Mar-2024_FS_07.dmp
  /backup/data_arch/PC_05_XX/FS/PC_05_XX_11-12-2025_1995_2000_01-May-2023_01-Mar-2024_FS_08.dmp
  /backup/data_arch/PC_05_XX/FS/PC_05_XX_11-12-2025_1995_2000_01-May-2023_01-Mar-2024_FS_09.dmp
Job "SYS"."SYS_EXPORT_TABLE_05" successfully completed at Fri Dec 12 02:06:08 2025 elapsed 0 00:00:52

TEMPLATE_NAME:  PC_05_XX
Error Count:  0
CURRENT DATE:  2025/12/12
Insert Data into PS_DATAMIN_EXPF_XX.

1 row created.


Commit complete.

Successful Export: Insert Done.
Template FSPRD-PC_05_XX successfully Exported, started at  Fri Dec 12 02:05:15 EST 2025 and finished at Fri Dec 12 02:06:13 EST 2025
----------------------------------------------------------------------------------------
Finished export of Template : PC_05_XX
----------------------------------------------------------------------------------------
#########################################################################################
Beginning export of Template : PC_06_XX
#########################################################################################
 
=> ( 1 ) PC_UPLD_CI_XX_H : Get History Record Counts

1 row created.


Commit complete.

..Get TableSpace, Index & Index TableSpace

1 row created.


Commit complete.


Export: Release 19.0.0.0.0 - Production on Fri Dec 12 02:06:14 2025
Version 19.27.0.0.0

Copyright (c) 1982, 2019, Oracle and/or its affiliates.  All rights reserved.

Connected to: Oracle Database 19c Enterprise Edition Release 19.0.0.0.0 - Production
FLASHBACK automatically enabled to preserve database integrity.
Starting "SYS"."SYS_EXPORT_TABLE_05":  userid="/******** AS SYSDBA" directory=PC_06_XX_FS dumpfile=PC_06_XX_11-12-2025_1995_2000_01-May-2023_01-Mar-2024_FS_%U.dmp logfile=PC_06_XX_11-12-2025_1995_2000_01-May-2023_01-Mar-2024_FS.log parallel=18 EXCLUDE=statistics EXCLUDE=TRIGGER ENCRYPTION=ALL ENCRYPTION_MODE=DUAL ENCRYPTION_ALGORITHM=AES256 ENCRYPTION_PASSWORD=******** FILESIZE=10G COMPRESSION=ALL TABLES=SYSADM.PS_PC_UPLD_CI_XX_H QUERY=SYSADM.PS_PC_UPLD_CI_XX_H:"WHERE PSARCH_ID='PC_06_XX' AND PSARCH_BATCHNUM||PSARCH_ID IN (SELECT PSARCH_BATCHNUM||PSARCH_ID FROM SYSADM.PSARCHBATCH WHERE PSARCH_DTTM >= '01-May-2023' AND PSARCH_DTTM < '01-Mar-2024')" 
Processing object type TABLE_EXPORT/TABLE/PROCACT_INSTANCE
Processing object type TABLE_EXPORT/TABLE/TABLE
Processing object type TABLE_EXPORT/TABLE/GRANT/OWNER_GRANT/OBJECT_GRANT
Processing object type TABLE_EXPORT/TABLE/TABLE_DATA
. . exported "SYSADM"."PS_PC_UPLD_CI_XX_H"                   0 KB       0 rows
Processing object type TABLE_EXPORT/TABLE/INDEX/INDEX
Master table "SYS"."SYS_EXPORT_TABLE_05" successfully loaded/unloaded
******************************************************************************
Dump file set for SYS.SYS_EXPORT_TABLE_05 is:
  /backup/data_arch/PC_06_XX/FS/PC_06_XX_11-12-2025_1995_2000_01-May-2023_01-Mar-2024_FS_01.dmp
  /backup/data_arch/PC_06_XX/FS/PC_06_XX_11-12-2025_1995_2000_01-May-2023_01-Mar-2024_FS_02.dmp
  /backup/data_arch/PC_06_XX/FS/PC_06_XX_11-12-2025_1995_2000_01-May-2023_01-Mar-2024_FS_03.dmp
  /backup/data_arch/PC_06_XX/FS/PC_06_XX_11-12-2025_1995_2000_01-May-2023_01-Mar-2024_FS_04.dmp
  /backup/data_arch/PC_06_XX/FS/PC_06_XX_11-12-2025_1995_2000_01-May-2023_01-Mar-2024_FS_05.dmp
  /backup/data_arch/PC_06_XX/FS/PC_06_XX_11-12-2025_1995_2000_01-May-2023_01-Mar-2024_FS_06.dmp
  /backup/data_arch/PC_06_XX/FS/PC_06_XX_11-12-2025_1995_2000_01-May-2023_01-Mar-2024_FS_07.dmp
  /backup/data_arch/PC_06_XX/FS/PC_06_XX_11-12-2025_1995_2000_01-May-2023_01-Mar-2024_FS_08.dmp
  /backup/data_arch/PC_06_XX/FS/PC_06_XX_11-12-2025_1995_2000_01-May-2023_01-Mar-2024_FS_09.dmp
Job "SYS"."SYS_EXPORT_TABLE_05" successfully completed at Fri Dec 12 02:07:05 2025 elapsed 0 00:00:51

TEMPLATE_NAME:  PC_06_XX
Error Count:  0
CURRENT DATE:  2025/12/12
Insert Data into PS_DATAMIN_EXPF_XX.

1 row created.


Commit complete.

Successful Export: Insert Done.
Template FSPRD-PC_06_XX successfully Exported, started at  Fri Dec 12 02:06:14 EST 2025 and finished at Fri Dec 12 02:07:08 EST 2025
----------------------------------------------------------------------------------------
Finished export of Template : PC_06_XX
----------------------------------------------------------------------------------------
#########################################################################################
Beginning export of Template : PC_07_XX
#########################################################################################
 
=> ( 1 ) PCX0013_ERRXX_H : Get History Record Counts

1 row created.


Commit complete.

..Get TableSpace, Index & Index TableSpace

1 row created.


Commit complete.


Export: Release 19.0.0.0.0 - Production on Fri Dec 12 02:07:08 2025
Version 19.27.0.0.0

Copyright (c) 1982, 2019, Oracle and/or its affiliates.  All rights reserved.

Connected to: Oracle Database 19c Enterprise Edition Release 19.0.0.0.0 - Production
FLASHBACK automatically enabled to preserve database integrity.
Starting "SYS"."SYS_EXPORT_TABLE_05":  userid="/******** AS SYSDBA" directory=PC_07_XX_FS dumpfile=PC_07_XX_11-12-2025_1995_2000_01-May-2023_01-Mar-2024_FS_%U.dmp logfile=PC_07_XX_11-12-2025_1995_2000_01-May-2023_01-Mar-2024_FS.log parallel=18 EXCLUDE=statistics EXCLUDE=TRIGGER ENCRYPTION=ALL ENCRYPTION_MODE=DUAL ENCRYPTION_ALGORITHM=AES256 ENCRYPTION_PASSWORD=******** FILESIZE=10G COMPRESSION=ALL TABLES=SYSADM.PS_PCX0013_ERRXX_H QUERY=SYSADM.PS_PCX0013_ERRXX_H:"WHERE PSARCH_ID='PC_07_XX' AND PSARCH_BATCHNUM||PSARCH_ID IN (SELECT PSARCH_BATCHNUM||PSARCH_ID FROM SYSADM.PSARCHBATCH WHERE PSARCH_DTTM >= '01-May-2023' AND PSARCH_DTTM < '01-Mar-2024')" 
Processing object type TABLE_EXPORT/TABLE/PROCACT_INSTANCE
Processing object type TABLE_EXPORT/TABLE/TABLE
Processing object type TABLE_EXPORT/TABLE/GRANT/OWNER_GRANT/OBJECT_GRANT
Processing object type TABLE_EXPORT/TABLE/TABLE_DATA
. . exported "SYSADM"."PS_PCX0013_ERRXX_H"                   0 KB       0 rows
Processing object type TABLE_EXPORT/TABLE/INDEX/INDEX
Master table "SYS"."SYS_EXPORT_TABLE_05" successfully loaded/unloaded
******************************************************************************
Dump file set for SYS.SYS_EXPORT_TABLE_05 is:
  /backup/data_arch/PC_07_XX/FS/PC_07_XX_11-12-2025_1995_2000_01-May-2023_01-Mar-2024_FS_01.dmp
  /backup/data_arch/PC_07_XX/FS/PC_07_XX_11-12-2025_1995_2000_01-May-2023_01-Mar-2024_FS_02.dmp
  /backup/data_arch/PC_07_XX/FS/PC_07_XX_11-12-2025_1995_2000_01-May-2023_01-Mar-2024_FS_03.dmp
  /backup/data_arch/PC_07_XX/FS/PC_07_XX_11-12-2025_1995_2000_01-May-2023_01-Mar-2024_FS_04.dmp
  /backup/data_arch/PC_07_XX/FS/PC_07_XX_11-12-2025_1995_2000_01-May-2023_01-Mar-2024_FS_05.dmp
  /backup/data_arch/PC_07_XX/FS/PC_07_XX_11-12-2025_1995_2000_01-May-2023_01-Mar-2024_FS_06.dmp
  /backup/data_arch/PC_07_XX/FS/PC_07_XX_11-12-2025_1995_2000_01-May-2023_01-Mar-2024_FS_07.dmp
  /backup/data_arch/PC_07_XX/FS/PC_07_XX_11-12-2025_1995_2000_01-May-2023_01-Mar-2024_FS_08.dmp
  /backup/data_arch/PC_07_XX/FS/PC_07_XX_11-12-2025_1995_2000_01-May-2023_01-Mar-2024_FS_09.dmp
Job "SYS"."SYS_EXPORT_TABLE_05" successfully completed at Fri Dec 12 02:08:00 2025 elapsed 0 00:00:50

TEMPLATE_NAME:  PC_07_XX
Error Count:  0
CURRENT DATE:  2025/12/12
Insert Data into PS_DATAMIN_EXPF_XX.

1 row created.


Commit complete.

Successful Export: Insert Done.
Template FSPRD-PC_07_XX successfully Exported, started at  Fri Dec 12 02:07:08 EST 2025 and finished at Fri Dec 12 02:08:03 EST 2025
----------------------------------------------------------------------------------------
Finished export of Template : PC_07_XX
----------------------------------------------------------------------------------------
#########################################################################################
Beginning export of Template : PC_08_XX
#########################################################################################
 
=> ( 1 ) PC_UB_FDET_XX_H : Get History Record Counts

1 row created.


Commit complete.

..Get TableSpace, Index & Index TableSpace

2 rows created.


Commit complete.


Export: Release 19.0.0.0.0 - Production on Fri Dec 12 02:08:04 2025
Version 19.27.0.0.0

Copyright (c) 1982, 2019, Oracle and/or its affiliates.  All rights reserved.

Connected to: Oracle Database 19c Enterprise Edition Release 19.0.0.0.0 - Production
FLASHBACK automatically enabled to preserve database integrity.
Starting "SYS"."SYS_EXPORT_TABLE_05":  userid="/******** AS SYSDBA" directory=PC_08_XX_FS dumpfile=PC_08_XX_11-12-2025_1995_2000_01-May-2023_01-Mar-2024_FS_%U.dmp logfile=PC_08_XX_11-12-2025_1995_2000_01-May-2023_01-Mar-2024_FS.log parallel=18 EXCLUDE=statistics EXCLUDE=TRIGGER ENCRYPTION=ALL ENCRYPTION_MODE=DUAL ENCRYPTION_ALGORITHM=AES256 ENCRYPTION_PASSWORD=******** FILESIZE=10G COMPRESSION=ALL TABLES=SYSADM.PS_PC_UB_FDET_XX_H QUERY=SYSADM.PS_PC_UB_FDET_XX_H:"WHERE PSARCH_ID='PC_08_XX' AND PSARCH_BATCHNUM||PSARCH_ID IN (SELECT PSARCH_BATCHNUM||PSARCH_ID FROM SYSADM.PSARCHBATCH WHERE PSARCH_DTTM >= '01-May-2023' AND PSARCH_DTTM < '01-Mar-2024')" 
Processing object type TABLE_EXPORT/TABLE/PROCACT_INSTANCE
Processing object type TABLE_EXPORT/TABLE/TABLE
Processing object type TABLE_EXPORT/TABLE/GRANT/OWNER_GRANT/OBJECT_GRANT
Processing object type TABLE_EXPORT/TABLE/TABLE_DATA
. . exported "SYSADM"."PS_PC_UB_FDET_XX_H"                   0 KB       0 rows
Processing object type TABLE_EXPORT/TABLE/INDEX/INDEX
Master table "SYS"."SYS_EXPORT_TABLE_05" successfully loaded/unloaded
******************************************************************************
Dump file set for SYS.SYS_EXPORT_TABLE_05 is:
  /backup/data_arch/PC_08_XX/FS/PC_08_XX_11-12-2025_1995_2000_01-May-2023_01-Mar-2024_FS_01.dmp
  /backup/data_arch/PC_08_XX/FS/PC_08_XX_11-12-2025_1995_2000_01-May-2023_01-Mar-2024_FS_02.dmp
  /backup/data_arch/PC_08_XX/FS/PC_08_XX_11-12-2025_1995_2000_01-May-2023_01-Mar-2024_FS_03.dmp
  /backup/data_arch/PC_08_XX/FS/PC_08_XX_11-12-2025_1995_2000_01-May-2023_01-Mar-2024_FS_04.dmp
  /backup/data_arch/PC_08_XX/FS/PC_08_XX_11-12-2025_1995_2000_01-May-2023_01-Mar-2024_FS_05.dmp
  /backup/data_arch/PC_08_XX/FS/PC_08_XX_11-12-2025_1995_2000_01-May-2023_01-Mar-2024_FS_06.dmp
  /backup/data_arch/PC_08_XX/FS/PC_08_XX_11-12-2025_1995_2000_01-May-2023_01-Mar-2024_FS_07.dmp
  /backup/data_arch/PC_08_XX/FS/PC_08_XX_11-12-2025_1995_2000_01-May-2023_01-Mar-2024_FS_08.dmp
  /backup/data_arch/PC_08_XX/FS/PC_08_XX_11-12-2025_1995_2000_01-May-2023_01-Mar-2024_FS_09.dmp
Job "SYS"."SYS_EXPORT_TABLE_05" successfully completed at Fri Dec 12 02:08:57 2025 elapsed 0 00:00:52

TEMPLATE_NAME:  PC_08_XX
Error Count:  0
CURRENT DATE:  2025/12/12
Insert Data into PS_DATAMIN_EXPF_XX.

1 row created.


Commit complete.

Successful Export: Insert Done.
Template FSPRD-PC_08_XX successfully Exported, started at  Fri Dec 12 02:08:04 EST 2025 and finished at Fri Dec 12 02:09:01 EST 2025
----------------------------------------------------------------------------------------
Finished export of Template : PC_08_XX
----------------------------------------------------------------------------------------
#########################################################################################
Beginning export of Template : PC_09_XX
#########################################################################################
 
=> ( 1 ) PC_UB_PO_XX_H : Get History Record Counts

1 row created.


Commit complete.

..Get TableSpace, Index & Index TableSpace

1 row created.


Commit complete.


Export: Release 19.0.0.0.0 - Production on Fri Dec 12 02:09:02 2025
Version 19.27.0.0.0

Copyright (c) 1982, 2019, Oracle and/or its affiliates.  All rights reserved.

Connected to: Oracle Database 19c Enterprise Edition Release 19.0.0.0.0 - Production
FLASHBACK automatically enabled to preserve database integrity.
Starting "SYS"."SYS_EXPORT_TABLE_05":  userid="/******** AS SYSDBA" directory=PC_09_XX_FS dumpfile=PC_09_XX_11-12-2025_1995_2000_01-May-2023_01-Mar-2024_FS_%U.dmp logfile=PC_09_XX_11-12-2025_1995_2000_01-May-2023_01-Mar-2024_FS.log parallel=18 EXCLUDE=statistics EXCLUDE=TRIGGER ENCRYPTION=ALL ENCRYPTION_MODE=DUAL ENCRYPTION_ALGORITHM=AES256 ENCRYPTION_PASSWORD=******** FILESIZE=10G COMPRESSION=ALL TABLES=SYSADM.PS_PC_UB_PO_XX_H QUERY=SYSADM.PS_PC_UB_PO_XX_H:"WHERE PSARCH_ID='PC_09_XX' AND PSARCH_BATCHNUM||PSARCH_ID IN (SELECT PSARCH_BATCHNUM||PSARCH_ID FROM SYSADM.PSARCHBATCH WHERE PSARCH_DTTM >= '01-May-2023' AND PSARCH_DTTM < '01-Mar-2024')" 
Processing object type TABLE_EXPORT/TABLE/PROCACT_INSTANCE
Processing object type TABLE_EXPORT/TABLE/TABLE
Processing object type TABLE_EXPORT/TABLE/GRANT/OWNER_GRANT/OBJECT_GRANT
Processing object type TABLE_EXPORT/TABLE/TABLE_DATA
. . exported "SYSADM"."PS_PC_UB_PO_XX_H"                     0 KB       0 rows
Processing object type TABLE_EXPORT/TABLE/INDEX/INDEX
Master table "SYS"."SYS_EXPORT_TABLE_05" successfully loaded/unloaded
******************************************************************************
Dump file set for SYS.SYS_EXPORT_TABLE_05 is:
  /backup/data_arch/PC_09_XX/FS/PC_09_XX_11-12-2025_1995_2000_01-May-2023_01-Mar-2024_FS_01.dmp
  /backup/data_arch/PC_09_XX/FS/PC_09_XX_11-12-2025_1995_2000_01-May-2023_01-Mar-2024_FS_02.dmp
  /backup/data_arch/PC_09_XX/FS/PC_09_XX_11-12-2025_1995_2000_01-May-2023_01-Mar-2024_FS_03.dmp
  /backup/data_arch/PC_09_XX/FS/PC_09_XX_11-12-2025_1995_2000_01-May-2023_01-Mar-2024_FS_04.dmp
  /backup/data_arch/PC_09_XX/FS/PC_09_XX_11-12-2025_1995_2000_01-May-2023_01-Mar-2024_FS_05.dmp
  /backup/data_arch/PC_09_XX/FS/PC_09_XX_11-12-2025_1995_2000_01-May-2023_01-Mar-2024_FS_06.dmp
  /backup/data_arch/PC_09_XX/FS/PC_09_XX_11-12-2025_1995_2000_01-May-2023_01-Mar-2024_FS_07.dmp
  /backup/data_arch/PC_09_XX/FS/PC_09_XX_11-12-2025_1995_2000_01-May-2023_01-Mar-2024_FS_08.dmp
  /backup/data_arch/PC_09_XX/FS/PC_09_XX_11-12-2025_1995_2000_01-May-2023_01-Mar-2024_FS_09.dmp
Job "SYS"."SYS_EXPORT_TABLE_05" successfully completed at Fri Dec 12 02:09:55 2025 elapsed 0 00:00:53

TEMPLATE_NAME:  PC_09_XX
Error Count:  0
CURRENT DATE:  2025/12/12
Insert Data into PS_DATAMIN_EXPF_XX.

1 row created.


Commit complete.

Successful Export: Insert Done.
Template FSPRD-PC_09_XX successfully Exported, started at  Fri Dec 12 02:09:02 EST 2025 and finished at Fri Dec 12 02:10:01 EST 2025
----------------------------------------------------------------------------------------
Finished export of Template : PC_09_XX
----------------------------------------------------------------------------------------
#########################################################################################
Beginning export of Template : PC_10_XX
#########################################################################################
 
=> ( 1 ) PC_GLTOPC_SUM_H : Get History Record Counts

1 row created.


Commit complete.

..Get TableSpace, Index & Index TableSpace

1 row created.


Commit complete.


Export: Release 19.0.0.0.0 - Production on Fri Dec 12 02:10:01 2025
Version 19.27.0.0.0

Copyright (c) 1982, 2019, Oracle and/or its affiliates.  All rights reserved.

Connected to: Oracle Database 19c Enterprise Edition Release 19.0.0.0.0 - Production
FLASHBACK automatically enabled to preserve database integrity.
Starting "SYS"."SYS_EXPORT_TABLE_05":  userid="/******** AS SYSDBA" directory=PC_10_XX_FS dumpfile=PC_10_XX_11-12-2025_1995_2000_01-May-2023_01-Mar-2024_FS_%U.dmp logfile=PC_10_XX_11-12-2025_1995_2000_01-May-2023_01-Mar-2024_FS.log parallel=18 EXCLUDE=statistics EXCLUDE=TRIGGER ENCRYPTION=ALL ENCRYPTION_MODE=DUAL ENCRYPTION_ALGORITHM=AES256 ENCRYPTION_PASSWORD=******** FILESIZE=10G COMPRESSION=ALL TABLES=SYSADM.PS_PC_GLTOPC_SUM_H QUERY=SYSADM.PS_PC_GLTOPC_SUM_H:"WHERE PSARCH_ID='PC_10_XX' AND PSARCH_BATCHNUM||PSARCH_ID IN (SELECT PSARCH_BATCHNUM||PSARCH_ID FROM SYSADM.PSARCHBATCH WHERE PSARCH_DTTM >= '01-May-2023' AND PSARCH_DTTM < '01-Mar-2024')" 
Processing object type TABLE_EXPORT/TABLE/PROCACT_INSTANCE
Processing object type TABLE_EXPORT/TABLE/TABLE
Processing object type TABLE_EXPORT/TABLE/GRANT/OWNER_GRANT/OBJECT_GRANT
Processing object type TABLE_EXPORT/TABLE/TABLE_DATA
. . exported "SYSADM"."PS_PC_GLTOPC_SUM_H"               6.453 KB       0 rows
Processing object type TABLE_EXPORT/TABLE/INDEX/INDEX
Master table "SYS"."SYS_EXPORT_TABLE_05" successfully loaded/unloaded
******************************************************************************
Dump file set for SYS.SYS_EXPORT_TABLE_05 is:
  /backup/data_arch/PC_10_XX/FS/PC_10_XX_11-12-2025_1995_2000_01-May-2023_01-Mar-2024_FS_01.dmp
  /backup/data_arch/PC_10_XX/FS/PC_10_XX_11-12-2025_1995_2000_01-May-2023_01-Mar-2024_FS_02.dmp
  /backup/data_arch/PC_10_XX/FS/PC_10_XX_11-12-2025_1995_2000_01-May-2023_01-Mar-2024_FS_03.dmp
  /backup/data_arch/PC_10_XX/FS/PC_10_XX_11-12-2025_1995_2000_01-May-2023_01-Mar-2024_FS_04.dmp
  /backup/data_arch/PC_10_XX/FS/PC_10_XX_11-12-2025_1995_2000_01-May-2023_01-Mar-2024_FS_05.dmp
  /backup/data_arch/PC_10_XX/FS/PC_10_XX_11-12-2025_1995_2000_01-May-2023_01-Mar-2024_FS_06.dmp
  /backup/data_arch/PC_10_XX/FS/PC_10_XX_11-12-2025_1995_2000_01-May-2023_01-Mar-2024_FS_07.dmp
  /backup/data_arch/PC_10_XX/FS/PC_10_XX_11-12-2025_1995_2000_01-May-2023_01-Mar-2024_FS_08.dmp
  /backup/data_arch/PC_10_XX/FS/PC_10_XX_11-12-2025_1995_2000_01-May-2023_01-Mar-2024_FS_09.dmp
  /backup/data_arch/PC_10_XX/FS/PC_10_XX_11-12-2025_1995_2000_01-May-2023_01-Mar-2024_FS_10.dmp
Job "SYS"."SYS_EXPORT_TABLE_05" successfully completed at Fri Dec 12 02:10:54 2025 elapsed 0 00:00:52

TEMPLATE_NAME:  PC_10_XX
Error Count:  0
CURRENT DATE:  2025/12/12
Insert Data into PS_DATAMIN_EXPF_XX.

1 row created.


Commit complete.

Successful Export: Insert Done.
Template FSPRD-PC_10_XX successfully Exported, started at  Fri Dec 12 02:10:01 EST 2025 and finished at Fri Dec 12 02:10:59 EST 2025
----------------------------------------------------------------------------------------
Finished export of Template : PC_10_XX
----------------------------------------------------------------------------------------
#########################################################################################
Beginning export of Template : PC_11_XX
#########################################################################################
 
=> ( 1 ) PC_APTOPC_SUM_H : Get History Record Counts

1 row created.


Commit complete.

..Get TableSpace, Index & Index TableSpace

1 row created.


Commit complete.


Export: Release 19.0.0.0.0 - Production on Fri Dec 12 02:10:59 2025
Version 19.27.0.0.0

Copyright (c) 1982, 2019, Oracle and/or its affiliates.  All rights reserved.

Connected to: Oracle Database 19c Enterprise Edition Release 19.0.0.0.0 - Production
FLASHBACK automatically enabled to preserve database integrity.
Starting "SYS"."SYS_EXPORT_TABLE_05":  userid="/******** AS SYSDBA" directory=PC_11_XX_FS dumpfile=PC_11_XX_11-12-2025_1995_2000_01-May-2023_01-Mar-2024_FS_%U.dmp logfile=PC_11_XX_11-12-2025_1995_2000_01-May-2023_01-Mar-2024_FS.log parallel=18 EXCLUDE=statistics EXCLUDE=TRIGGER ENCRYPTION=ALL ENCRYPTION_MODE=DUAL ENCRYPTION_ALGORITHM=AES256 ENCRYPTION_PASSWORD=******** FILESIZE=10G COMPRESSION=ALL TABLES=SYSADM.PS_PC_APTOPC_SUM_H QUERY=SYSADM.PS_PC_APTOPC_SUM_H:"WHERE PSARCH_ID='PC_11_XX' AND PSARCH_BATCHNUM||PSARCH_ID IN (SELECT PSARCH_BATCHNUM||PSARCH_ID FROM SYSADM.PSARCHBATCH WHERE PSARCH_DTTM >= '01-May-2023' AND PSARCH_DTTM < '01-Mar-2024')" 
Processing object type TABLE_EXPORT/TABLE/PROCACT_INSTANCE
Processing object type TABLE_EXPORT/TABLE/TABLE
Processing object type TABLE_EXPORT/TABLE/GRANT/OWNER_GRANT/OBJECT_GRANT
Processing object type TABLE_EXPORT/TABLE/TABLE_DATA
. . exported "SYSADM"."PS_PC_APTOPC_SUM_H"               9.390 KB     100 rows
Processing object type TABLE_EXPORT/TABLE/INDEX/INDEX
Master table "SYS"."SYS_EXPORT_TABLE_05" successfully loaded/unloaded
******************************************************************************
Dump file set for SYS.SYS_EXPORT_TABLE_05 is:
  /backup/data_arch/PC_11_XX/FS/PC_11_XX_11-12-2025_1995_2000_01-May-2023_01-Mar-2024_FS_01.dmp
  /backup/data_arch/PC_11_XX/FS/PC_11_XX_11-12-2025_1995_2000_01-May-2023_01-Mar-2024_FS_02.dmp
  /backup/data_arch/PC_11_XX/FS/PC_11_XX_11-12-2025_1995_2000_01-May-2023_01-Mar-2024_FS_03.dmp
  /backup/data_arch/PC_11_XX/FS/PC_11_XX_11-12-2025_1995_2000_01-May-2023_01-Mar-2024_FS_04.dmp
  /backup/data_arch/PC_11_XX/FS/PC_11_XX_11-12-2025_1995_2000_01-May-2023_01-Mar-2024_FS_05.dmp
  /backup/data_arch/PC_11_XX/FS/PC_11_XX_11-12-2025_1995_2000_01-May-2023_01-Mar-2024_FS_06.dmp
  /backup/data_arch/PC_11_XX/FS/PC_11_XX_11-12-2025_1995_2000_01-May-2023_01-Mar-2024_FS_07.dmp
  /backup/data_arch/PC_11_XX/FS/PC_11_XX_11-12-2025_1995_2000_01-May-2023_01-Mar-2024_FS_08.dmp
  /backup/data_arch/PC_11_XX/FS/PC_11_XX_11-12-2025_1995_2000_01-May-2023_01-Mar-2024_FS_09.dmp
  /backup/data_arch/PC_11_XX/FS/PC_11_XX_11-12-2025_1995_2000_01-May-2023_01-Mar-2024_FS_10.dmp
Job "SYS"."SYS_EXPORT_TABLE_05" successfully completed at Fri Dec 12 02:11:51 2025 elapsed 0 00:00:51

TEMPLATE_NAME:  PC_11_XX
Error Count:  0
CURRENT DATE:  2025/12/12
Insert Data into PS_DATAMIN_EXPF_XX.

1 row created.


Commit complete.

Successful Export: Insert Done.
Template FSPRD-PC_11_XX successfully Exported, started at  Fri Dec 12 02:10:59 EST 2025 and finished at Fri Dec 12 02:11:56 EST 2025
----------------------------------------------------------------------------------------
Finished export of Template : PC_11_XX
----------------------------------------------------------------------------------------
#########################################################################################
Beginning export of Template : PC_12_XX
#########################################################################################
 
=> ( 1 ) PC_EXTOPC_SUM_H : Get History Record Counts

1 row created.


Commit complete.

..Get TableSpace, Index & Index TableSpace

1 row created.


Commit complete.


Export: Release 19.0.0.0.0 - Production on Fri Dec 12 02:11:56 2025
Version 19.27.0.0.0

Copyright (c) 1982, 2019, Oracle and/or its affiliates.  All rights reserved.

Connected to: Oracle Database 19c Enterprise Edition Release 19.0.0.0.0 - Production
FLASHBACK automatically enabled to preserve database integrity.
Starting "SYS"."SYS_EXPORT_TABLE_05":  userid="/******** AS SYSDBA" directory=PC_12_XX_FS dumpfile=PC_12_XX_11-12-2025_1995_2000_01-May-2023_01-Mar-2024_FS_%U.dmp logfile=PC_12_XX_11-12-2025_1995_2000_01-May-2023_01-Mar-2024_FS.log parallel=18 EXCLUDE=statistics EXCLUDE=TRIGGER ENCRYPTION=ALL ENCRYPTION_MODE=DUAL ENCRYPTION_ALGORITHM=AES256 ENCRYPTION_PASSWORD=******** FILESIZE=10G COMPRESSION=ALL TABLES=SYSADM.PS_PC_EXTOPC_SUM_H QUERY=SYSADM.PS_PC_EXTOPC_SUM_H:"WHERE PSARCH_ID='PC_12_XX' AND PSARCH_BATCHNUM||PSARCH_ID IN (SELECT PSARCH_BATCHNUM||PSARCH_ID FROM SYSADM.PSARCHBATCH WHERE PSARCH_DTTM >= '01-May-2023' AND PSARCH_DTTM < '01-Mar-2024')" 
Processing object type TABLE_EXPORT/TABLE/PROCACT_INSTANCE
Processing object type TABLE_EXPORT/TABLE/TABLE
Processing object type TABLE_EXPORT/TABLE/GRANT/OWNER_GRANT/OBJECT_GRANT
Processing object type TABLE_EXPORT/TABLE/TABLE_DATA
. . exported "SYSADM"."PS_PC_EXTOPC_SUM_H"                   0 KB       0 rows
Processing object type TABLE_EXPORT/TABLE/INDEX/INDEX
Master table "SYS"."SYS_EXPORT_TABLE_05" successfully loaded/unloaded
******************************************************************************
Dump file set for SYS.SYS_EXPORT_TABLE_05 is:
  /backup/data_arch/PC_12_XX/FS/PC_12_XX_11-12-2025_1995_2000_01-May-2023_01-Mar-2024_FS_01.dmp
  /backup/data_arch/PC_12_XX/FS/PC_12_XX_11-12-2025_1995_2000_01-May-2023_01-Mar-2024_FS_02.dmp
  /backup/data_arch/PC_12_XX/FS/PC_12_XX_11-12-2025_1995_2000_01-May-2023_01-Mar-2024_FS_03.dmp
  /backup/data_arch/PC_12_XX/FS/PC_12_XX_11-12-2025_1995_2000_01-May-2023_01-Mar-2024_FS_04.dmp
  /backup/data_arch/PC_12_XX/FS/PC_12_XX_11-12-2025_1995_2000_01-May-2023_01-Mar-2024_FS_05.dmp
  /backup/data_arch/PC_12_XX/FS/PC_12_XX_11-12-2025_1995_2000_01-May-2023_01-Mar-2024_FS_06.dmp
  /backup/data_arch/PC_12_XX/FS/PC_12_XX_11-12-2025_1995_2000_01-May-2023_01-Mar-2024_FS_07.dmp
  /backup/data_arch/PC_12_XX/FS/PC_12_XX_11-12-2025_1995_2000_01-May-2023_01-Mar-2024_FS_08.dmp
  /backup/data_arch/PC_12_XX/FS/PC_12_XX_11-12-2025_1995_2000_01-May-2023_01-Mar-2024_FS_09.dmp
Job "SYS"."SYS_EXPORT_TABLE_05" successfully completed at Fri Dec 12 02:12:48 2025 elapsed 0 00:00:51

TEMPLATE_NAME:  PC_12_XX
Error Count:  0
CURRENT DATE:  2025/12/12
Insert Data into PS_DATAMIN_EXPF_XX.

1 row created.


Commit complete.

Successful Export: Insert Done.
Template FSPRD-PC_12_XX successfully Exported, started at  Fri Dec 12 02:11:56 EST 2025 and finished at Fri Dec 12 02:12:51 EST 2025
----------------------------------------------------------------------------------------
Finished export of Template : PC_12_XX
----------------------------------------------------------------------------------------
#########################################################################################
Beginning export of Template : PGMST1XX
#########################################################################################
 
=> ( 1 ) PGM_CONVST1_XXH : Get History Record Counts

1 row created.


Commit complete.

..Get TableSpace, Index & Index TableSpace

1 row created.


Commit complete.


Export: Release 19.0.0.0.0 - Production on Fri Dec 12 02:12:51 2025
Version 19.27.0.0.0

Copyright (c) 1982, 2019, Oracle and/or its affiliates.  All rights reserved.

Connected to: Oracle Database 19c Enterprise Edition Release 19.0.0.0.0 - Production
FLASHBACK automatically enabled to preserve database integrity.
Starting "SYS"."SYS_EXPORT_TABLE_05":  userid="/******** AS SYSDBA" directory=PGMST1XX_FS dumpfile=PGMST1XX_11-12-2025_1995_2000_01-May-2023_01-Mar-2024_FS_%U.dmp logfile=PGMST1XX_11-12-2025_1995_2000_01-May-2023_01-Mar-2024_FS.log parallel=18 EXCLUDE=statistics EXCLUDE=TRIGGER ENCRYPTION=ALL ENCRYPTION_MODE=DUAL ENCRYPTION_ALGORITHM=AES256 ENCRYPTION_PASSWORD=******** FILESIZE=10G COMPRESSION=ALL TABLES=SYSADM.PS_PGM_CONVST1_XXH QUERY=SYSADM.PS_PGM_CONVST1_XXH:"WHERE PSARCH_ID='PGMST1XX' AND PSARCH_BATCHNUM||PSARCH_ID IN (SELECT PSARCH_BATCHNUM||PSARCH_ID FROM SYSADM.PSARCHBATCH WHERE PSARCH_DTTM >= '01-May-2023' AND PSARCH_DTTM < '01-Mar-2024')" 
Processing object type TABLE_EXPORT/TABLE/PROCACT_INSTANCE
Processing object type TABLE_EXPORT/TABLE/TABLE
Processing object type TABLE_EXPORT/TABLE/GRANT/OWNER_GRANT/OBJECT_GRANT
Processing object type TABLE_EXPORT/TABLE/TABLE_DATA
. . exported "SYSADM"."PS_PGM_CONVST1_XXH"                   0 KB       0 rows
Processing object type TABLE_EXPORT/TABLE/INDEX/INDEX
Master table "SYS"."SYS_EXPORT_TABLE_05" successfully loaded/unloaded
******************************************************************************
Dump file set for SYS.SYS_EXPORT_TABLE_05 is:
  /backup/data_arch/PGMST1XX/FS/PGMST1XX_11-12-2025_1995_2000_01-May-2023_01-Mar-2024_FS_01.dmp
  /backup/data_arch/PGMST1XX/FS/PGMST1XX_11-12-2025_1995_2000_01-May-2023_01-Mar-2024_FS_02.dmp
  /backup/data_arch/PGMST1XX/FS/PGMST1XX_11-12-2025_1995_2000_01-May-2023_01-Mar-2024_FS_03.dmp
  /backup/data_arch/PGMST1XX/FS/PGMST1XX_11-12-2025_1995_2000_01-May-2023_01-Mar-2024_FS_04.dmp
  /backup/data_arch/PGMST1XX/FS/PGMST1XX_11-12-2025_1995_2000_01-May-2023_01-Mar-2024_FS_05.dmp
  /backup/data_arch/PGMST1XX/FS/PGMST1XX_11-12-2025_1995_2000_01-May-2023_01-Mar-2024_FS_06.dmp
  /backup/data_arch/PGMST1XX/FS/PGMST1XX_11-12-2025_1995_2000_01-May-2023_01-Mar-2024_FS_07.dmp
  /backup/data_arch/PGMST1XX/FS/PGMST1XX_11-12-2025_1995_2000_01-May-2023_01-Mar-2024_FS_08.dmp
  /backup/data_arch/PGMST1XX/FS/PGMST1XX_11-12-2025_1995_2000_01-May-2023_01-Mar-2024_FS_09.dmp
Job "SYS"."SYS_EXPORT_TABLE_05" successfully completed at Fri Dec 12 02:13:42 2025 elapsed 0 00:00:50

TEMPLATE_NAME:  PGMST1XX
Error Count:  0
CURRENT DATE:  2025/12/12
Insert Data into PS_DATAMIN_EXPF_XX.

1 row created.


Commit complete.

Successful Export: Insert Done.
Template FSPRD-PGMST1XX successfully Exported, started at  Fri Dec 12 02:12:51 EST 2025 and finished at Fri Dec 12 02:13:46 EST 2025
----------------------------------------------------------------------------------------
Finished export of Template : PGMST1XX
----------------------------------------------------------------------------------------
#########################################################################################
Beginning export of Template : PGMST2XX
#########################################################################################
 
=> ( 1 ) PGM_CONVST2_XXH : Get History Record Counts

1 row created.


Commit complete.

..Get TableSpace, Index & Index TableSpace

1 row created.


Commit complete.


Export: Release 19.0.0.0.0 - Production on Fri Dec 12 02:13:47 2025
Version 19.27.0.0.0

Copyright (c) 1982, 2019, Oracle and/or its affiliates.  All rights reserved.

Connected to: Oracle Database 19c Enterprise Edition Release 19.0.0.0.0 - Production
FLASHBACK automatically enabled to preserve database integrity.
Starting "SYS"."SYS_EXPORT_TABLE_05":  userid="/******** AS SYSDBA" directory=PGMST2XX_FS dumpfile=PGMST2XX_11-12-2025_1995_2000_01-May-2023_01-Mar-2024_FS_%U.dmp logfile=PGMST2XX_11-12-2025_1995_2000_01-May-2023_01-Mar-2024_FS.log parallel=18 EXCLUDE=statistics EXCLUDE=TRIGGER ENCRYPTION=ALL ENCRYPTION_MODE=DUAL ENCRYPTION_ALGORITHM=AES256 ENCRYPTION_PASSWORD=******** FILESIZE=10G COMPRESSION=ALL TABLES=SYSADM.PS_PGM_CONVST2_XXH QUERY=SYSADM.PS_PGM_CONVST2_XXH:"WHERE PSARCH_ID='PGMST2XX' AND PSARCH_BATCHNUM||PSARCH_ID IN (SELECT PSARCH_BATCHNUM||PSARCH_ID FROM SYSADM.PSARCHBATCH WHERE PSARCH_DTTM >= '01-May-2023' AND PSARCH_DTTM < '01-Mar-2024')" 
Processing object type TABLE_EXPORT/TABLE/PROCACT_INSTANCE
Processing object type TABLE_EXPORT/TABLE/TABLE
Processing object type TABLE_EXPORT/TABLE/GRANT/OWNER_GRANT/OBJECT_GRANT
Processing object type TABLE_EXPORT/TABLE/TABLE_DATA
. . exported "SYSADM"."PS_PGM_CONVST2_XXH"                   0 KB       0 rows
Processing object type TABLE_EXPORT/TABLE/INDEX/INDEX
Master table "SYS"."SYS_EXPORT_TABLE_05" successfully loaded/unloaded
******************************************************************************
Dump file set for SYS.SYS_EXPORT_TABLE_05 is:
  /backup/data_arch/PGMST2XX/FS/PGMST2XX_11-12-2025_1995_2000_01-May-2023_01-Mar-2024_FS_01.dmp
  /backup/data_arch/PGMST2XX/FS/PGMST2XX_11-12-2025_1995_2000_01-May-2023_01-Mar-2024_FS_02.dmp
  /backup/data_arch/PGMST2XX/FS/PGMST2XX_11-12-2025_1995_2000_01-May-2023_01-Mar-2024_FS_03.dmp
  /backup/data_arch/PGMST2XX/FS/PGMST2XX_11-12-2025_1995_2000_01-May-2023_01-Mar-2024_FS_04.dmp
  /backup/data_arch/PGMST2XX/FS/PGMST2XX_11-12-2025_1995_2000_01-May-2023_01-Mar-2024_FS_05.dmp
  /backup/data_arch/PGMST2XX/FS/PGMST2XX_11-12-2025_1995_2000_01-May-2023_01-Mar-2024_FS_06.dmp
  /backup/data_arch/PGMST2XX/FS/PGMST2XX_11-12-2025_1995_2000_01-May-2023_01-Mar-2024_FS_07.dmp
  /backup/data_arch/PGMST2XX/FS/PGMST2XX_11-12-2025_1995_2000_01-May-2023_01-Mar-2024_FS_08.dmp
  /backup/data_arch/PGMST2XX/FS/PGMST2XX_11-12-2025_1995_2000_01-May-2023_01-Mar-2024_FS_09.dmp
Job "SYS"."SYS_EXPORT_TABLE_05" successfully completed at Fri Dec 12 02:14:39 2025 elapsed 0 00:00:51

TEMPLATE_NAME:  PGMST2XX
Error Count:  0
CURRENT DATE:  2025/12/12
Insert Data into PS_DATAMIN_EXPF_XX.

1 row created.


Commit complete.

Successful Export: Insert Done.
Template FSPRD-PGMST2XX successfully Exported, started at  Fri Dec 12 02:13:47 EST 2025 and finished at Fri Dec 12 02:14:41 EST 2025
----------------------------------------------------------------------------------------
Finished export of Template : PGMST2XX
----------------------------------------------------------------------------------------
#########################################################################################
Beginning export of Template : PGM_MHXX
#########################################################################################
 
=> ( 1 ) PGM_MRHGRID_HXX : Get History Record Counts

1 row created.


Commit complete.

..Get TableSpace, Index & Index TableSpace

1 row created.


Commit complete.


Export: Release 19.0.0.0.0 - Production on Fri Dec 12 02:14:42 2025
Version 19.27.0.0.0

Copyright (c) 1982, 2019, Oracle and/or its affiliates.  All rights reserved.

Connected to: Oracle Database 19c Enterprise Edition Release 19.0.0.0.0 - Production
FLASHBACK automatically enabled to preserve database integrity.
Starting "SYS"."SYS_EXPORT_TABLE_05":  userid="/******** AS SYSDBA" directory=PGM_MHXX_FS dumpfile=PGM_MHXX_11-12-2025_1995_2000_01-May-2023_01-Mar-2024_FS_%U.dmp logfile=PGM_MHXX_11-12-2025_1995_2000_01-May-2023_01-Mar-2024_FS.log parallel=18 EXCLUDE=statistics EXCLUDE=TRIGGER ENCRYPTION=ALL ENCRYPTION_MODE=DUAL ENCRYPTION_ALGORITHM=AES256 ENCRYPTION_PASSWORD=******** FILESIZE=10G COMPRESSION=ALL TABLES=SYSADM.PS_PGM_MRHGRID_HXX QUERY=SYSADM.PS_PGM_MRHGRID_HXX:"WHERE PSARCH_ID='PGM_MHXX' AND PSARCH_BATCHNUM||PSARCH_ID IN (SELECT PSARCH_BATCHNUM||PSARCH_ID FROM SYSADM.PSARCHBATCH WHERE PSARCH_DTTM >= '01-May-2023' AND PSARCH_DTTM < '01-Mar-2024')" 
Processing object type TABLE_EXPORT/TABLE/PROCACT_INSTANCE
Processing object type TABLE_EXPORT/TABLE/TABLE
Processing object type TABLE_EXPORT/TABLE/GRANT/OWNER_GRANT/OBJECT_GRANT
Processing object type TABLE_EXPORT/TABLE/TABLE_DATA
. . exported "SYSADM"."PS_PGM_MRHGRID_HXX"                   0 KB       0 rows
Processing object type TABLE_EXPORT/TABLE/INDEX/INDEX
Master table "SYS"."SYS_EXPORT_TABLE_05" successfully loaded/unloaded
******************************************************************************
Dump file set for SYS.SYS_EXPORT_TABLE_05 is:
  /backup/data_arch/PGM_MHXX/FS/PGM_MHXX_11-12-2025_1995_2000_01-May-2023_01-Mar-2024_FS_01.dmp
  /backup/data_arch/PGM_MHXX/FS/PGM_MHXX_11-12-2025_1995_2000_01-May-2023_01-Mar-2024_FS_02.dmp
  /backup/data_arch/PGM_MHXX/FS/PGM_MHXX_11-12-2025_1995_2000_01-May-2023_01-Mar-2024_FS_03.dmp
  /backup/data_arch/PGM_MHXX/FS/PGM_MHXX_11-12-2025_1995_2000_01-May-2023_01-Mar-2024_FS_04.dmp
  /backup/data_arch/PGM_MHXX/FS/PGM_MHXX_11-12-2025_1995_2000_01-May-2023_01-Mar-2024_FS_05.dmp
  /backup/data_arch/PGM_MHXX/FS/PGM_MHXX_11-12-2025_1995_2000_01-May-2023_01-Mar-2024_FS_06.dmp
  /backup/data_arch/PGM_MHXX/FS/PGM_MHXX_11-12-2025_1995_2000_01-May-2023_01-Mar-2024_FS_07.dmp
  /backup/data_arch/PGM_MHXX/FS/PGM_MHXX_11-12-2025_1995_2000_01-May-2023_01-Mar-2024_FS_08.dmp
  /backup/data_arch/PGM_MHXX/FS/PGM_MHXX_11-12-2025_1995_2000_01-May-2023_01-Mar-2024_FS_09.dmp
Job "SYS"."SYS_EXPORT_TABLE_05" successfully completed at Fri Dec 12 02:15:40 2025 elapsed 0 00:00:58

TEMPLATE_NAME:  PGM_MHXX
Error Count:  0
CURRENT DATE:  2025/12/12
Insert Data into PS_DATAMIN_EXPF_XX.

1 row created.


Commit complete.

Successful Export: Insert Done.
Template FSPRD-PGM_MHXX successfully Exported, started at  Fri Dec 12 02:14:42 EST 2025 and finished at Fri Dec 12 02:15:46 EST 2025
----------------------------------------------------------------------------------------
Finished export of Template : PGM_MHXX
----------------------------------------------------------------------------------------
#########################################################################################
Beginning export of Template : PGM_MOXX
#########################################################################################
 
=> ( 1 ) PGM_MROVRLD_HXX : Get History Record Counts

1 row created.


Commit complete.

..Get TableSpace, Index & Index TableSpace

1 row created.


Commit complete.


Export: Release 19.0.0.0.0 - Production on Fri Dec 12 02:15:47 2025
Version 19.27.0.0.0

Copyright (c) 1982, 2019, Oracle and/or its affiliates.  All rights reserved.

Connected to: Oracle Database 19c Enterprise Edition Release 19.0.0.0.0 - Production
FLASHBACK automatically enabled to preserve database integrity.
Starting "SYS"."SYS_EXPORT_TABLE_05":  userid="/******** AS SYSDBA" directory=PGM_MOXX_FS dumpfile=PGM_MOXX_11-12-2025_1995_2000_01-May-2023_01-Mar-2024_FS_%U.dmp logfile=PGM_MOXX_11-12-2025_1995_2000_01-May-2023_01-Mar-2024_FS.log parallel=18 EXCLUDE=statistics EXCLUDE=TRIGGER ENCRYPTION=ALL ENCRYPTION_MODE=DUAL ENCRYPTION_ALGORITHM=AES256 ENCRYPTION_PASSWORD=******** FILESIZE=10G COMPRESSION=ALL TABLES=SYSADM.PS_PGM_MROVRLD_HXX QUERY=SYSADM.PS_PGM_MROVRLD_HXX:"WHERE PSARCH_ID='PGM_MOXX' AND PSARCH_BATCHNUM||PSARCH_ID IN (SELECT PSARCH_BATCHNUM||PSARCH_ID FROM SYSADM.PSARCHBATCH WHERE PSARCH_DTTM >= '01-May-2023' AND PSARCH_DTTM < '01-Mar-2024')" 
Processing object type TABLE_EXPORT/TABLE/PROCACT_INSTANCE
Processing object type TABLE_EXPORT/TABLE/TABLE
Processing object type TABLE_EXPORT/TABLE/GRANT/OWNER_GRANT/OBJECT_GRANT
Processing object type TABLE_EXPORT/TABLE/TABLE_DATA
. . exported "SYSADM"."PS_PGM_MROVRLD_HXX"                   0 KB       0 rows
Processing object type TABLE_EXPORT/TABLE/INDEX/INDEX
Master table "SYS"."SYS_EXPORT_TABLE_05" successfully loaded/unloaded
******************************************************************************
Dump file set for SYS.SYS_EXPORT_TABLE_05 is:
  /backup/data_arch/PGM_MOXX/FS/PGM_MOXX_11-12-2025_1995_2000_01-May-2023_01-Mar-2024_FS_01.dmp
  /backup/data_arch/PGM_MOXX/FS/PGM_MOXX_11-12-2025_1995_2000_01-May-2023_01-Mar-2024_FS_02.dmp
  /backup/data_arch/PGM_MOXX/FS/PGM_MOXX_11-12-2025_1995_2000_01-May-2023_01-Mar-2024_FS_03.dmp
  /backup/data_arch/PGM_MOXX/FS/PGM_MOXX_11-12-2025_1995_2000_01-May-2023_01-Mar-2024_FS_04.dmp
  /backup/data_arch/PGM_MOXX/FS/PGM_MOXX_11-12-2025_1995_2000_01-May-2023_01-Mar-2024_FS_05.dmp
  /backup/data_arch/PGM_MOXX/FS/PGM_MOXX_11-12-2025_1995_2000_01-May-2023_01-Mar-2024_FS_06.dmp
  /backup/data_arch/PGM_MOXX/FS/PGM_MOXX_11-12-2025_1995_2000_01-May-2023_01-Mar-2024_FS_07.dmp
  /backup/data_arch/PGM_MOXX/FS/PGM_MOXX_11-12-2025_1995_2000_01-May-2023_01-Mar-2024_FS_08.dmp
  /backup/data_arch/PGM_MOXX/FS/PGM_MOXX_11-12-2025_1995_2000_01-May-2023_01-Mar-2024_FS_09.dmp
Job "SYS"."SYS_EXPORT_TABLE_05" successfully completed at Fri Dec 12 02:16:50 2025 elapsed 0 00:01:03

TEMPLATE_NAME:  PGM_MOXX
Error Count:  0
CURRENT DATE:  2025/12/12
Insert Data into PS_DATAMIN_EXPF_XX.

1 row created.


Commit complete.

Successful Export: Insert Done.
Template FSPRD-PGM_MOXX successfully Exported, started at  Fri Dec 12 02:15:47 EST 2025 and finished at Fri Dec 12 02:16:53 EST 2025
----------------------------------------------------------------------------------------
Finished export of Template : PGM_MOXX
----------------------------------------------------------------------------------------
#########################################################################################
Beginning export of Template : PGM_PRXX
#########################################################################################
 
=> ( 1 ) PGM_PRLQLNT_HXX : Get History Record Counts

1 row created.


Commit complete.

..Get TableSpace, Index & Index TableSpace

2 rows created.


Commit complete.


Export: Release 19.0.0.0.0 - Production on Fri Dec 12 02:16:53 2025
Version 19.27.0.0.0

Copyright (c) 1982, 2019, Oracle and/or its affiliates.  All rights reserved.

Connected to: Oracle Database 19c Enterprise Edition Release 19.0.0.0.0 - Production
FLASHBACK automatically enabled to preserve database integrity.
Starting "SYS"."SYS_EXPORT_TABLE_05":  userid="/******** AS SYSDBA" directory=PGM_PRXX_FS dumpfile=PGM_PRXX_11-12-2025_1995_2000_01-May-2023_01-Mar-2024_FS_%U.dmp logfile=PGM_PRXX_11-12-2025_1995_2000_01-May-2023_01-Mar-2024_FS.log parallel=18 EXCLUDE=statistics EXCLUDE=TRIGGER ENCRYPTION=ALL ENCRYPTION_MODE=DUAL ENCRYPTION_ALGORITHM=AES256 ENCRYPTION_PASSWORD=******** FILESIZE=10G COMPRESSION=ALL TABLES=SYSADM.PS_PGM_PRLQLNT_HXX QUERY=SYSADM.PS_PGM_PRLQLNT_HXX:"WHERE PSARCH_ID='PGM_PRXX' AND PSARCH_BATCHNUM||PSARCH_ID IN (SELECT PSARCH_BATCHNUM||PSARCH_ID FROM SYSADM.PSARCHBATCH WHERE PSARCH_DTTM >= '01-May-2023' AND PSARCH_DTTM < '01-Mar-2024')" 
Processing object type TABLE_EXPORT/TABLE/PROCACT_INSTANCE
Processing object type TABLE_EXPORT/TABLE/TABLE
Processing object type TABLE_EXPORT/TABLE/GRANT/OWNER_GRANT/OBJECT_GRANT
Processing object type TABLE_EXPORT/TABLE/TABLE_DATA
. . exported "SYSADM"."PS_PGM_PRLQLNT_HXX"                   0 KB       0 rows
Processing object type TABLE_EXPORT/TABLE/INDEX/INDEX
Master table "SYS"."SYS_EXPORT_TABLE_05" successfully loaded/unloaded
******************************************************************************
Dump file set for SYS.SYS_EXPORT_TABLE_05 is:
  /backup/data_arch/PGM_PRXX/FS/PGM_PRXX_11-12-2025_1995_2000_01-May-2023_01-Mar-2024_FS_01.dmp
  /backup/data_arch/PGM_PRXX/FS/PGM_PRXX_11-12-2025_1995_2000_01-May-2023_01-Mar-2024_FS_02.dmp
  /backup/data_arch/PGM_PRXX/FS/PGM_PRXX_11-12-2025_1995_2000_01-May-2023_01-Mar-2024_FS_03.dmp
  /backup/data_arch/PGM_PRXX/FS/PGM_PRXX_11-12-2025_1995_2000_01-May-2023_01-Mar-2024_FS_04.dmp
  /backup/data_arch/PGM_PRXX/FS/PGM_PRXX_11-12-2025_1995_2000_01-May-2023_01-Mar-2024_FS_05.dmp
  /backup/data_arch/PGM_PRXX/FS/PGM_PRXX_11-12-2025_1995_2000_01-May-2023_01-Mar-2024_FS_06.dmp
  /backup/data_arch/PGM_PRXX/FS/PGM_PRXX_11-12-2025_1995_2000_01-May-2023_01-Mar-2024_FS_07.dmp
  /backup/data_arch/PGM_PRXX/FS/PGM_PRXX_11-12-2025_1995_2000_01-May-2023_01-Mar-2024_FS_08.dmp
  /backup/data_arch/PGM_PRXX/FS/PGM_PRXX_11-12-2025_1995_2000_01-May-2023_01-Mar-2024_FS_09.dmp
Job "SYS"."SYS_EXPORT_TABLE_05" successfully completed at Fri Dec 12 02:17:50 2025 elapsed 0 00:00:55

TEMPLATE_NAME:  PGM_PRXX
Error Count:  0
CURRENT DATE:  2025/12/12
Insert Data into PS_DATAMIN_EXPF_XX.

1 row created.


Commit complete.

Successful Export: Insert Done.
Template FSPRD-PGM_PRXX successfully Exported, started at  Fri Dec 12 02:16:53 EST 2025 and finished at Fri Dec 12 02:17:53 EST 2025
----------------------------------------------------------------------------------------
Finished export of Template : PGM_PRXX
----------------------------------------------------------------------------------------
#########################################################################################
Beginning export of Template : PGM_WDXX
#########################################################################################
 
=> ( 1 ) PGM_WRKLDST_HXX : Get History Record Counts

1 row created.


Commit complete.

..Get TableSpace, Index & Index TableSpace

1 row created.


Commit complete.


Export: Release 19.0.0.0.0 - Production on Fri Dec 12 02:17:53 2025
Version 19.27.0.0.0

Copyright (c) 1982, 2019, Oracle and/or its affiliates.  All rights reserved.

Connected to: Oracle Database 19c Enterprise Edition Release 19.0.0.0.0 - Production
FLASHBACK automatically enabled to preserve database integrity.
Starting "SYS"."SYS_EXPORT_TABLE_05":  userid="/******** AS SYSDBA" directory=PGM_WDXX_FS dumpfile=PGM_WDXX_11-12-2025_1995_2000_01-May-2023_01-Mar-2024_FS_%U.dmp logfile=PGM_WDXX_11-12-2025_1995_2000_01-May-2023_01-Mar-2024_FS.log parallel=18 EXCLUDE=statistics EXCLUDE=TRIGGER ENCRYPTION=ALL ENCRYPTION_MODE=DUAL ENCRYPTION_ALGORITHM=AES256 ENCRYPTION_PASSWORD=******** FILESIZE=10G COMPRESSION=ALL TABLES=SYSADM.PS_PGM_WRKLDST_HXX QUERY=SYSADM.PS_PGM_WRKLDST_HXX:"WHERE PSARCH_ID='PGM_WDXX' AND PSARCH_BATCHNUM||PSARCH_ID IN (SELECT PSARCH_BATCHNUM||PSARCH_ID FROM SYSADM.PSARCHBATCH WHERE PSARCH_DTTM >= '01-May-2023' AND PSARCH_DTTM < '01-Mar-2024')" 
Processing object type TABLE_EXPORT/TABLE/PROCACT_INSTANCE
Processing object type TABLE_EXPORT/TABLE/TABLE
Processing object type TABLE_EXPORT/TABLE/GRANT/OWNER_GRANT/OBJECT_GRANT
Processing object type TABLE_EXPORT/TABLE/TABLE_DATA
. . exported "SYSADM"."PS_PGM_WRKLDST_HXX"                   0 KB       0 rows
Processing object type TABLE_EXPORT/TABLE/INDEX/INDEX
Master table "SYS"."SYS_EXPORT_TABLE_05" successfully loaded/unloaded
******************************************************************************
Dump file set for SYS.SYS_EXPORT_TABLE_05 is:
  /backup/data_arch/PGM_WDXX/FS/PGM_WDXX_11-12-2025_1995_2000_01-May-2023_01-Mar-2024_FS_01.dmp
  /backup/data_arch/PGM_WDXX/FS/PGM_WDXX_11-12-2025_1995_2000_01-May-2023_01-Mar-2024_FS_02.dmp
  /backup/data_arch/PGM_WDXX/FS/PGM_WDXX_11-12-2025_1995_2000_01-May-2023_01-Mar-2024_FS_03.dmp
  /backup/data_arch/PGM_WDXX/FS/PGM_WDXX_11-12-2025_1995_2000_01-May-2023_01-Mar-2024_FS_04.dmp
  /backup/data_arch/PGM_WDXX/FS/PGM_WDXX_11-12-2025_1995_2000_01-May-2023_01-Mar-2024_FS_05.dmp
  /backup/data_arch/PGM_WDXX/FS/PGM_WDXX_11-12-2025_1995_2000_01-May-2023_01-Mar-2024_FS_06.dmp
  /backup/data_arch/PGM_WDXX/FS/PGM_WDXX_11-12-2025_1995_2000_01-May-2023_01-Mar-2024_FS_07.dmp
  /backup/data_arch/PGM_WDXX/FS/PGM_WDXX_11-12-2025_1995_2000_01-May-2023_01-Mar-2024_FS_08.dmp
  /backup/data_arch/PGM_WDXX/FS/PGM_WDXX_11-12-2025_1995_2000_01-May-2023_01-Mar-2024_FS_09.dmp
Job "SYS"."SYS_EXPORT_TABLE_05" successfully completed at Fri Dec 12 02:18:46 2025 elapsed 0 00:00:52

TEMPLATE_NAME:  PGM_WDXX
Error Count:  0
CURRENT DATE:  2025/12/12
Insert Data into PS_DATAMIN_EXPF_XX.

1 row created.


Commit complete.

Successful Export: Insert Done.
Template FSPRD-PGM_WDXX successfully Exported, started at  Fri Dec 12 02:17:53 EST 2025 and finished at Fri Dec 12 02:18:52 EST 2025
----------------------------------------------------------------------------------------
Finished export of Template : PGM_WDXX
----------------------------------------------------------------------------------------
#########################################################################################
Beginning export of Template : PMTAUDXX
#########################################################################################
 
=> ( 1 ) AP_PYMT_AUD_ARC : Get History Record Counts

1 row created.


Commit complete.

..Get TableSpace, Index & Index TableSpace

1 row created.


Commit complete.


Export: Release 19.0.0.0.0 - Production on Fri Dec 12 02:18:52 2025
Version 19.27.0.0.0

Copyright (c) 1982, 2019, Oracle and/or its affiliates.  All rights reserved.

Connected to: Oracle Database 19c Enterprise Edition Release 19.0.0.0.0 - Production
FLASHBACK automatically enabled to preserve database integrity.
Starting "SYS"."SYS_EXPORT_TABLE_05":  userid="/******** AS SYSDBA" directory=PMTAUDXX_FS dumpfile=PMTAUDXX_11-12-2025_1995_2000_01-May-2023_01-Mar-2024_FS_%U.dmp logfile=PMTAUDXX_11-12-2025_1995_2000_01-May-2023_01-Mar-2024_FS.log parallel=18 EXCLUDE=statistics EXCLUDE=TRIGGER ENCRYPTION=ALL ENCRYPTION_MODE=DUAL ENCRYPTION_ALGORITHM=AES256 ENCRYPTION_PASSWORD=******** FILESIZE=10G COMPRESSION=ALL TABLES=SYSADM.PS_AP_PYMT_AUD_ARC QUERY=SYSADM.PS_AP_PYMT_AUD_ARC:"WHERE PSARCH_ID='PMTAUDXX' AND PSARCH_BATCHNUM||PSARCH_ID IN (SELECT PSARCH_BATCHNUM||PSARCH_ID FROM SYSADM.PSARCHBATCH WHERE PSARCH_DTTM >= '01-May-2023' AND PSARCH_DTTM < '01-Mar-2024')" 
Processing object type TABLE_EXPORT/TABLE/PROCACT_INSTANCE
Processing object type TABLE_EXPORT/TABLE/TABLE
Processing object type TABLE_EXPORT/TABLE/INDEX/FUNCTIONAL_INDEX/INDEX
Processing object type TABLE_EXPORT/TABLE/GRANT/OWNER_GRANT/OBJECT_GRANT
Processing object type TABLE_EXPORT/TABLE/TABLE_DATA
. . exported "SYSADM"."PS_AP_PYMT_AUD_ARC"               5.882 KB       0 rows
Master table "SYS"."SYS_EXPORT_TABLE_05" successfully loaded/unloaded
******************************************************************************
Dump file set for SYS.SYS_EXPORT_TABLE_05 is:
  /backup/data_arch/PMTAUDXX/FS/PMTAUDXX_11-12-2025_1995_2000_01-May-2023_01-Mar-2024_FS_01.dmp
  /backup/data_arch/PMTAUDXX/FS/PMTAUDXX_11-12-2025_1995_2000_01-May-2023_01-Mar-2024_FS_02.dmp
  /backup/data_arch/PMTAUDXX/FS/PMTAUDXX_11-12-2025_1995_2000_01-May-2023_01-Mar-2024_FS_03.dmp
  /backup/data_arch/PMTAUDXX/FS/PMTAUDXX_11-12-2025_1995_2000_01-May-2023_01-Mar-2024_FS_04.dmp
  /backup/data_arch/PMTAUDXX/FS/PMTAUDXX_11-12-2025_1995_2000_01-May-2023_01-Mar-2024_FS_05.dmp
  /backup/data_arch/PMTAUDXX/FS/PMTAUDXX_11-12-2025_1995_2000_01-May-2023_01-Mar-2024_FS_06.dmp
  /backup/data_arch/PMTAUDXX/FS/PMTAUDXX_11-12-2025_1995_2000_01-May-2023_01-Mar-2024_FS_07.dmp
  /backup/data_arch/PMTAUDXX/FS/PMTAUDXX_11-12-2025_1995_2000_01-May-2023_01-Mar-2024_FS_08.dmp
  /backup/data_arch/PMTAUDXX/FS/PMTAUDXX_11-12-2025_1995_2000_01-May-2023_01-Mar-2024_FS_09.dmp
  /backup/data_arch/PMTAUDXX/FS/PMTAUDXX_11-12-2025_1995_2000_01-May-2023_01-Mar-2024_FS_10.dmp
Job "SYS"."SYS_EXPORT_TABLE_05" successfully completed at Fri Dec 12 02:19:45 2025 elapsed 0 00:00:52

TEMPLATE_NAME:  PMTAUDXX
Error Count:  0
CURRENT DATE:  2025/12/12
Insert Data into PS_DATAMIN_EXPF_XX.

1 row created.


Commit complete.

Successful Export: Insert Done.
Template FSPRD-PMTAUDXX successfully Exported, started at  Fri Dec 12 02:18:52 EST 2025 and finished at Fri Dec 12 02:19:51 EST 2025
----------------------------------------------------------------------------------------
Finished export of Template : PMTAUDXX
----------------------------------------------------------------------------------------
#########################################################################################
Beginning export of Template : PRCS_XX
#########################################################################################
 
=> ( 1 ) CDMAUTHIST_H_XX : Get History Record Counts

1 row created.


Commit complete.

..Get TableSpace, Index & Index TableSpace

1 row created.


Commit complete.

=> ( 2 ) CDMFILELIS_H_XX : Get History Record Counts

1 row created.


Commit complete.

..Get TableSpace, Index & Index TableSpace

1 row created.


Commit complete.

=> ( 3 ) CDMLISTHIS_H_XX : Get History Record Counts

1 row created.


Commit complete.

..Get TableSpace, Index & Index TableSpace

1 row created.


Commit complete.

=> ( 4 ) PRCDISTHIS_H_XX : Get History Record Counts

1 row created.


Commit complete.

..Get TableSpace, Index & Index TableSpace

1 row created.


Commit complete.

=> ( 5 ) PRCJOBSTAT_H_XX : Get History Record Counts

1 row created.


Commit complete.

..Get TableSpace, Index & Index TableSpace

1 row created.


Commit complete.

=> ( 6 ) PRCPARMHIS_H_XX : Get History Record Counts

1 row created.


Commit complete.

..Get TableSpace, Index & Index TableSpace

1 row created.


Commit complete.

=> ( 7 ) PRCQUEHIST_H_XX : Get History Record Counts

1 row created.


Commit complete.

..Get TableSpace, Index & Index TableSpace

1 row created.


Commit complete.

=> ( 8 ) PRCRQSTFLE_H_XX : Get History Record Counts

1 row created.


Commit complete.

..Get TableSpace, Index & Index TableSpace

1 row created.


Commit complete.

=> ( 9 ) PRCRQSTHIS_H_XX : Get History Record Counts

1 row created.


Commit complete.

..Get TableSpace, Index & Index TableSpace

1 row created.


Commit complete.

=> ( 10 ) PRCRQSTSTR_H_XX : Get History Record Counts

1 row created.


Commit complete.

..Get TableSpace, Index & Index TableSpace

1 row created.


Commit complete.

=> ( 11 ) PRCTEXTHIS_H_XX : Get History Record Counts

1 row created.


Commit complete.

..Get TableSpace, Index & Index TableSpace

2 rows created.


Commit complete.

=> ( 12 ) PRCTXFRHIS_H_XX : Get History Record Counts

1 row created.


Commit complete.

..Get TableSpace, Index & Index TableSpace

1 row created.


Commit complete.


Export: Release 19.0.0.0.0 - Production on Fri Dec 12 02:19:56 2025
Version 19.27.0.0.0

Copyright (c) 1982, 2019, Oracle and/or its affiliates.  All rights reserved.

Connected to: Oracle Database 19c Enterprise Edition Release 19.0.0.0.0 - Production
FLASHBACK automatically enabled to preserve database integrity.
Starting "SYS"."SYS_EXPORT_TABLE_05":  userid="/******** AS SYSDBA" directory=PRCS_XX_FS dumpfile=PRCS_XX_11-12-2025_1995_2000_01-May-2023_01-Mar-2024_FS_%U.dmp logfile=PRCS_XX_11-12-2025_1995_2000_01-May-2023_01-Mar-2024_FS.log parallel=18 EXCLUDE=statistics EXCLUDE=TRIGGER ENCRYPTION=ALL ENCRYPTION_MODE=DUAL ENCRYPTION_ALGORITHM=AES256 ENCRYPTION_PASSWORD=******** FILESIZE=10G COMPRESSION=ALL TABLES=SYSADM.PS_CDMAUTHIST_H_XX QUERY=SYSADM.PS_CDMAUTHIST_H_XX:"WHERE PSARCH_ID='PRCS_XX' AND PSARCH_BATCHNUM||PSARCH_ID IN (SELECT PSARCH_BATCHNUM||PSARCH_ID FROM SYSADM.PSARCHBATCH WHERE PSARCH_DTTM >= '01-May-2023' AND PSARCH_DTTM < '01-Mar-2024')" TABLES=SYSADM.PS_CDMFILELIS_H_XX QUERY=SYSADM.PS_CDMFILELIS_H_XX:"WHERE PSARCH_ID='PRCS_XX' AND PSARCH_BATCHNUM||PSARCH_ID IN (SELECT PSARCH_BATCHNUM||PSARCH_ID FROM SYSADM.PSARCHBATCH WHERE PSARCH_DTTM >= '01-May-2023' AND PSARCH_DTTM < '01-Mar-2024')" TABLES=SYSADM.PS_CDMLISTHIS_H_XX QUERY=SYSADM.PS_CDMLISTHIS_H_XX:"WHERE PSARCH_ID='PRCS_XX' AND PSARCH_BATCHNUM||PSARCH_ID IN (SELECT PSARCH_BATCHNUM||PSARCH_ID FROM SYSADM.PSARCHBATCH WHERE PSARCH_DTTM >= '01-May-2023' AND PSARCH_DTTM < '01-Mar-2024')" TABLES=SYSADM.PS_PRCDISTHIS_H_XX QUERY=SYSADM.PS_PRCDISTHIS_H_XX:"WHERE PSARCH_ID='PRCS_XX' AND PSARCH_BATCHNUM||PSARCH_ID IN (SELECT PSARCH_BATCHNUM||PSARCH_ID FROM SYSADM.PSARCHBATCH WHERE PSARCH_DTTM >= '01-May-2023' AND PSARCH_DTTM < '01-Mar-2024')" TABLES=SYSADM.PS_PRCJOBSTAT_H_XX QUERY=SYSADM.PS_PRCJOBSTAT_H_XX:"WHERE PSARCH_ID='PRCS_XX' AND PSARCH_BATCHNUM||PSARCH_ID IN (SELECT PSARCH_BATCHNUM||PSARCH_ID FROM SYSADM.PSARCHBATCH WHERE PSARCH_DTTM >= '01-May-2023' AND PSARCH_DTTM < '01-Mar-2024')" TABLES=SYSADM.PS_PRCPARMHIS_H_XX QUERY=SYSADM.PS_PRCPARMHIS_H_XX:"WHERE PSARCH_ID='PRCS_XX' AND PSARCH_BATCHNUM||PSARCH_ID IN (SELECT PSARCH_BATCHNUM||PSARCH_ID FROM SYSADM.PSARCHBATCH WHERE PSARCH_DTTM >= '01-May-2023' AND PSARCH_DTTM < '01-Mar-2024')" TABLES=SYSADM.PS_PRCQUEHIST_H_XX QUERY=SYSADM.PS_PRCQUEHIST_H_XX:"
Processing object type TABLE_EXPORT/TABLE/PROCACT_INSTANCE
Processing object type TABLE_EXPORT/TABLE/TABLE
Processing object type TABLE_EXPORT/TABLE/GRANT/OWNER_GRANT/OBJECT_GRANT
Processing object type TABLE_EXPORT/TABLE/TABLE_DATA
. . exported "SYSADM"."PS_PRCPARMHIS_H_XX"               125.9 KB    2043 rows
. . exported "SYSADM"."PS_PRCRQSTHIS_H_XX"               113.6 KB    2043 rows
. . exported "SYSADM"."PS_PRCTXFRHIS_H_XX"               5.007 KB       0 rows
. . exported "SYSADM"."PS_PRCRQSTSTR_H_XX"               8.523 KB    2041 rows
. . exported "SYSADM"."PS_CDMLISTHIS_H_XX"               6.062 KB       0 rows
. . exported "SYSADM"."PS_PRCRQSTFLE_H_XX"               5.007 KB       0 rows
. . exported "SYSADM"."PS_CDMAUTHIST_H_XX"               5.101 KB       0 rows
. . exported "SYSADM"."PS_PRCJOBSTAT_H_XX"               5.421 KB       0 rows
. . exported "SYSADM"."PS_PRCDISTHIS_H_XX"               8.546 KB    2043 rows
Processing object type TABLE_EXPORT/TABLE/INDEX/INDEX
. . exported "SYSADM"."PS_PRCTEXTHIS_H_XX"               7.671 KB     160 rows
. . exported "SYSADM"."PS_PRCQUEHIST_H_XX"               91.36 KB    2043 rows
. . exported "SYSADM"."PS_CDMFILELIS_H_XX"               64.92 KB    4129 rows
Master table "SYS"."SYS_EXPORT_TABLE_05" successfully loaded/unloaded
******************************************************************************
Dump file set for SYS.SYS_EXPORT_TABLE_05 is:
  /backup/data_arch/PRCS_XX/FS/PRCS_XX_11-12-2025_1995_2000_01-May-2023_01-Mar-2024_FS_01.dmp
  /backup/data_arch/PRCS_XX/FS/PRCS_XX_11-12-2025_1995_2000_01-May-2023_01-Mar-2024_FS_02.dmp
  /backup/data_arch/PRCS_XX/FS/PRCS_XX_11-12-2025_1995_2000_01-May-2023_01-Mar-2024_FS_03.dmp
  /backup/data_arch/PRCS_XX/FS/PRCS_XX_11-12-2025_1995_2000_01-May-2023_01-Mar-2024_FS_04.dmp
  /backup/data_arch/PRCS_XX/FS/PRCS_XX_11-12-2025_1995_2000_01-May-2023_01-Mar-2024_FS_05.dmp
  /backup/data_arch/PRCS_XX/FS/PRCS_XX_11-12-2025_1995_2000_01-May-2023_01-Mar-2024_FS_06.dmp
  /backup/data_arch/PRCS_XX/FS/PRCS_XX_11-12-2025_1995_2000_01-May-2023_01-Mar-2024_FS_07.dmp
  /backup/data_arch/PRCS_XX/FS/PRCS_XX_11-12-2025_1995_2000_01-May-2023_01-Mar-2024_FS_08.dmp
  /backup/data_arch/PRCS_XX/FS/PRCS_XX_11-12-2025_1995_2000_01-May-2023_01-Mar-2024_FS_09.dmp
  /backup/data_arch/PRCS_XX/FS/PRCS_XX_11-12-2025_1995_2000_01-May-2023_01-Mar-2024_FS_10.dmp
  /backup/data_arch/PRCS_XX/FS/PRCS_XX_11-12-2025_1995_2000_01-May-2023_01-Mar-2024_FS_11.dmp
  /backup/data_arch/PRCS_XX/FS/PRCS_XX_11-12-2025_1995_2000_01-May-2023_01-Mar-2024_FS_12.dmp
  /backup/data_arch/PRCS_XX/FS/PRCS_XX_11-12-2025_1995_2000_01-May-2023_01-Mar-2024_FS_13.dmp
  /backup/data_arch/PRCS_XX/FS/PRCS_XX_11-12-2025_1995_2000_01-May-2023_01-Mar-2024_FS_14.dmp
  /backup/data_arch/PRCS_XX/FS/PRCS_XX_11-12-2025_1995_2000_01-May-2023_01-Mar-2024_FS_15.dmp
  /backup/data_arch/PRCS_XX/FS/PRCS_XX_11-12-2025_1995_2000_01-May-2023_01-Mar-2024_FS_16.dmp
  /backup/data_arch/PRCS_XX/FS/PRCS_XX_11-12-2025_1995_2000_01-May-2023_01-Mar-2024_FS_17.dmp
  /backup/data_arch/PRCS_XX/FS/PRCS_XX_11-12-2025_1995_2000_01-May-2023_01-Mar-2024_FS_18.dmp
  /backup/data_arch/PRCS_XX/FS/PRCS_XX_11-12-2025_1995_2000_01-May-2023_01-Mar-2024_FS_19.dmp
  /backup/data_arch/PRCS_XX/FS/PRCS_XX_11-12-2025_1995_2000_01-May-2023_01-Mar-2024_FS_20.dmp
  /backup/data_arch/PRCS_XX/FS/PRCS_XX_11-12-2025_1995_2000_01-May-2023_01-Mar-2024_FS_21.dmp
Job "SYS"."SYS_EXPORT_TABLE_05" successfully completed at Fri Dec 12 02:21:02 2025 elapsed 0 00:01:06

TEMPLATE_NAME:  PRCS_XX
Error Count:  0
CURRENT DATE:  2025/12/12
Insert Data into PS_DATAMIN_EXPF_XX.

1 row created.


Commit complete.

Successful Export: Insert Done.
Template FSPRD-PRCS_XX successfully Exported, started at  Fri Dec 12 02:19:56 EST 2025 and finished at Fri Dec 12 02:21:07 EST 2025
----------------------------------------------------------------------------------------
Finished export of Template : PRCS_XX
----------------------------------------------------------------------------------------
#########################################################################################
Beginning export of Template : PRMGT_XX
#########################################################################################
 
=> ( 1 ) GM_BUDHDRXX_HXX : Get History Record Counts

1 row created.


Commit complete.

..Get TableSpace, Index & Index TableSpace

1 row created.


Commit complete.

=> ( 2 ) GM_BUD_HDR_HXX : Get History Record Counts

1 row created.


Commit complete.

..Get TableSpace, Index & Index TableSpace

1 row created.


Commit complete.

=> ( 3 ) GM_BUD_LNSM_HXX : Get History Record Counts

1 row created.


Commit complete.

..Get TableSpace, Index & Index TableSpace

2 rows created.


Commit complete.

=> ( 4 ) GM_BUD_PERD_HXX : Get History Record Counts

1 row created.


Commit complete.

..Get TableSpace, Index & Index TableSpace

2 rows created.


Commit complete.

=> ( 5 ) GM_OPDTTMXX_HXX : Get History Record Counts

1 row created.


Commit complete.

..Get TableSpace, Index & Index TableSpace

1 row created.


Commit complete.

=> ( 6 ) GM_OPTYDTTM_HXX : Get History Record Counts

1 row created.


Commit complete.

..Get TableSpace, Index & Index TableSpace

1 row created.


Commit complete.

=> ( 7 ) GM_PMDTRSC_HXX : Get History Record Counts

1 row created.


Commit complete.

..Get TableSpace, Index & Index TableSpace

1 row created.


Commit complete.

=> ( 8 ) GM_PROPCHXX_HXX : Get History Record Counts

1 row created.


Commit complete.

..Get TableSpace, Index & Index TableSpace

1 row created.


Commit complete.

=> ( 9 ) GM_PROPCMMT_HXX : Get History Record Counts

1 row created.


Commit complete.

..Get TableSpace, Index & Index TableSpace

2 rows created.


Commit complete.

=> ( 10 ) GM_PROPOSAL_HXX : Get History Record Counts

1 row created.


Commit complete.

..Get TableSpace, Index & Index TableSpace

9 rows created.


Commit complete.

=> ( 11 ) GM_PROPRJXX_HXX : Get History Record Counts

1 row created.


Commit complete.

..Get TableSpace, Index & Index TableSpace

1 row created.


Commit complete.

=> ( 12 ) GM_PROP_PRJ_HXX : Get History Record Counts

1 row created.


Commit complete.

..Get TableSpace, Index & Index TableSpace

2 rows created.


Commit complete.

=> ( 13 ) GM_PROP_XX_HXX : Get History Record Counts

1 row created.


Commit complete.

..Get TableSpace, Index & Index TableSpace

1 row created.


Commit complete.


Export: Release 19.0.0.0.0 - Production on Fri Dec 12 02:21:12 2025
Version 19.27.0.0.0

Copyright (c) 1982, 2019, Oracle and/or its affiliates.  All rights reserved.

Connected to: Oracle Database 19c Enterprise Edition Release 19.0.0.0.0 - Production
FLASHBACK automatically enabled to preserve database integrity.
Starting "SYS"."SYS_EXPORT_TABLE_05":  userid="/******** AS SYSDBA" directory=PRMGT_XX_FS dumpfile=PRMGT_XX_11-12-2025_1995_2000_01-May-2023_01-Mar-2024_FS_%U.dmp logfile=PRMGT_XX_11-12-2025_1995_2000_01-May-2023_01-Mar-2024_FS.log parallel=18 EXCLUDE=statistics EXCLUDE=TRIGGER ENCRYPTION=ALL ENCRYPTION_MODE=DUAL ENCRYPTION_ALGORITHM=AES256 ENCRYPTION_PASSWORD=******** FILESIZE=10G COMPRESSION=ALL TABLES=SYSADM.PS_GM_BUDHDRXX_HXX QUERY=SYSADM.PS_GM_BUDHDRXX_HXX:"WHERE PSARCH_ID='PRMGT_XX' AND PSARCH_BATCHNUM||PSARCH_ID IN (SELECT PSARCH_BATCHNUM||PSARCH_ID FROM SYSADM.PSARCHBATCH WHERE PSARCH_DTTM >= '01-May-2023' AND PSARCH_DTTM < '01-Mar-2024')" TABLES=SYSADM.PS_GM_BUD_HDR_HXX QUERY=SYSADM.PS_GM_BUD_HDR_HXX:"WHERE PSARCH_ID='PRMGT_XX' AND PSARCH_BATCHNUM||PSARCH_ID IN (SELECT PSARCH_BATCHNUM||PSARCH_ID FROM SYSADM.PSARCHBATCH WHERE PSARCH_DTTM >= '01-May-2023' AND PSARCH_DTTM < '01-Mar-2024')" TABLES=SYSADM.PS_GM_BUD_LNSM_HXX QUERY=SYSADM.PS_GM_BUD_LNSM_HXX:"WHERE PSARCH_ID='PRMGT_XX' AND PSARCH_BATCHNUM||PSARCH_ID IN (SELECT PSARCH_BATCHNUM||PSARCH_ID FROM SYSADM.PSARCHBATCH WHERE PSARCH_DTTM >= '01-May-2023' AND PSARCH_DTTM < '01-Mar-2024')" TABLES=SYSADM.PS_GM_BUD_PERD_HXX QUERY=SYSADM.PS_GM_BUD_PERD_HXX:"WHERE PSARCH_ID='PRMGT_XX' AND PSARCH_BATCHNUM||PSARCH_ID IN (SELECT PSARCH_BATCHNUM||PSARCH_ID FROM SYSADM.PSARCHBATCH WHERE PSARCH_DTTM >= '01-May-2023' AND PSARCH_DTTM < '01-Mar-2024')" TABLES=SYSADM.PS_GM_OPDTTMXX_HXX QUERY=SYSADM.PS_GM_OPDTTMXX_HXX:"WHERE PSARCH_ID='PRMGT_XX' AND PSARCH_BATCHNUM||PSARCH_ID IN (SELECT PSARCH_BATCHNUM||PSARCH_ID FROM SYSADM.PSARCHBATCH WHERE PSARCH_DTTM >= '01-May-2023' AND PSARCH_DTTM < '01-Mar-2024')" TABLES=SYSADM.PS_GM_OPTYDTTM_HXX QUERY=SYSADM.PS_GM_OPTYDTTM_HXX:"WHERE PSARCH_ID='PRMGT_XX' AND PSARCH_BATCHNUM||PSARCH_ID IN (SELECT PSARCH_BATCHNUM||PSARCH_ID FROM SYSADM.PSARCHBATCH WHERE PSARCH_DTTM >= '01-May-2023' AND PSARCH_DTTM < '01-Mar-2024')" TABLES=SYSADM.PS_GM_PMDTRSC_HXX QUERY=SYSADM.PS_GM_PMDTRSC_
Processing object type TABLE_EXPORT/TABLE/PROCACT_INSTANCE
Processing object type TABLE_EXPORT/TABLE/TABLE
Processing object type TABLE_EXPORT/TABLE/GRANT/OWNER_GRANT/OBJECT_GRANT
Processing object type TABLE_EXPORT/TABLE/TABLE_DATA
. . exported "SYSADM"."PS_GM_PROPOSAL_HXX"               13.10 KB       0 rows
. . exported "SYSADM"."PS_GM_OPTYDTTM_HXX"               7.960 KB       0 rows
. . exported "SYSADM"."PS_GM_PROP_XX_HXX"                6.664 KB       0 rows
. . exported "SYSADM"."PS_GM_BUD_LNSM_HXX"               6.757 KB       0 rows
. . exported "SYSADM"."PS_GM_PROP_PRJ_HXX"               6.343 KB       0 rows
. . exported "SYSADM"."PS_GM_BUD_HDR_HXX"                6.343 KB       0 rows
. . exported "SYSADM"."PS_GM_BUD_PERD_HXX"               6.195 KB       0 rows
. . exported "SYSADM"."PS_GM_PROPRJXX_HXX"               5.546 KB       0 rows
. . exported "SYSADM"."PS_GM_OPDTTMXX_HXX"               5.539 KB       0 rows
. . exported "SYSADM"."PS_GM_PMDTRSC_HXX"                5.539 KB       0 rows
. . exported "SYSADM"."PS_GM_BUDHDRXX_HXX"                5.25 KB       0 rows
. . exported "SYSADM"."PS_GM_PROPCHXX_HXX"               5.218 KB       0 rows
. . exported "SYSADM"."PS_GM_PROPCMMT_HXX"                   0 KB       0 rows
Processing object type TABLE_EXPORT/TABLE/INDEX/INDEX
Master table "SYS"."SYS_EXPORT_TABLE_05" successfully loaded/unloaded
******************************************************************************
Dump file set for SYS.SYS_EXPORT_TABLE_05 is:
  /backup/data_arch/PRMGT_XX/FS/PRMGT_XX_11-12-2025_1995_2000_01-May-2023_01-Mar-2024_FS_01.dmp
  /backup/data_arch/PRMGT_XX/FS/PRMGT_XX_11-12-2025_1995_2000_01-May-2023_01-Mar-2024_FS_02.dmp
  /backup/data_arch/PRMGT_XX/FS/PRMGT_XX_11-12-2025_1995_2000_01-May-2023_01-Mar-2024_FS_03.dmp
  /backup/data_arch/PRMGT_XX/FS/PRMGT_XX_11-12-2025_1995_2000_01-May-2023_01-Mar-2024_FS_04.dmp
  /backup/data_arch/PRMGT_XX/FS/PRMGT_XX_11-12-2025_1995_2000_01-May-2023_01-Mar-2024_FS_05.dmp
  /backup/data_arch/PRMGT_XX/FS/PRMGT_XX_11-12-2025_1995_2000_01-May-2023_01-Mar-2024_FS_06.dmp
  /backup/data_arch/PRMGT_XX/FS/PRMGT_XX_11-12-2025_1995_2000_01-May-2023_01-Mar-2024_FS_07.dmp
  /backup/data_arch/PRMGT_XX/FS/PRMGT_XX_11-12-2025_1995_2000_01-May-2023_01-Mar-2024_FS_08.dmp
  /backup/data_arch/PRMGT_XX/FS/PRMGT_XX_11-12-2025_1995_2000_01-May-2023_01-Mar-2024_FS_09.dmp
  /backup/data_arch/PRMGT_XX/FS/PRMGT_XX_11-12-2025_1995_2000_01-May-2023_01-Mar-2024_FS_10.dmp
Job "SYS"."SYS_EXPORT_TABLE_05" successfully completed at Fri Dec 12 02:22:04 2025 elapsed 0 00:00:52

TEMPLATE_NAME:  PRMGT_XX
Error Count:  0
CURRENT DATE:  2025/12/12
Insert Data into PS_DATAMIN_EXPF_XX.

1 row created.


Commit complete.

Successful Export: Insert Done.
Template FSPRD-PRMGT_XX successfully Exported, started at  Fri Dec 12 02:21:12 EST 2025 and finished at Fri Dec 12 02:22:10 EST 2025
----------------------------------------------------------------------------------------
Finished export of Template : PRMGT_XX
----------------------------------------------------------------------------------------
#########################################################################################
Beginning export of Template : PSHDR_XX
#########################################################################################
 
=> ( 1 ) TE_EMP_HDR_H_XX : Get History Record Counts

1 row created.


Commit complete.

..Get TableSpace, Index & Index TableSpace

1 row created.


Commit complete.

=> ( 2 ) TE_EMP_OBU_H_XX : Get History Record Counts

1 row created.


Commit complete.

..Get TableSpace, Index & Index TableSpace

1 row created.


Commit complete.

=> ( 3 ) TE_EMP_UP_H_XX : Get History Record Counts

1 row created.


Commit complete.

..Get TableSpace, Index & Index TableSpace

1 row created.


Commit complete.


Export: Release 19.0.0.0.0 - Production on Fri Dec 12 02:22:11 2025
Version 19.27.0.0.0

Copyright (c) 1982, 2019, Oracle and/or its affiliates.  All rights reserved.

Connected to: Oracle Database 19c Enterprise Edition Release 19.0.0.0.0 - Production
FLASHBACK automatically enabled to preserve database integrity.
Starting "SYS"."SYS_EXPORT_TABLE_05":  userid="/******** AS SYSDBA" directory=PSHDR_XX_FS dumpfile=PSHDR_XX_11-12-2025_1995_2000_01-May-2023_01-Mar-2024_FS_%U.dmp logfile=PSHDR_XX_11-12-2025_1995_2000_01-May-2023_01-Mar-2024_FS.log parallel=18 EXCLUDE=statistics EXCLUDE=TRIGGER ENCRYPTION=ALL ENCRYPTION_MODE=DUAL ENCRYPTION_ALGORITHM=AES256 ENCRYPTION_PASSWORD=******** FILESIZE=10G COMPRESSION=ALL TABLES=SYSADM.PS_TE_EMP_HDR_H_XX QUERY=SYSADM.PS_TE_EMP_HDR_H_XX:"WHERE PSARCH_ID='PSHDR_XX' AND PSARCH_BATCHNUM||PSARCH_ID IN (SELECT PSARCH_BATCHNUM||PSARCH_ID FROM SYSADM.PSARCHBATCH WHERE PSARCH_DTTM >= '01-May-2023' AND PSARCH_DTTM < '01-Mar-2024')" TABLES=SYSADM.PS_TE_EMP_OBU_H_XX QUERY=SYSADM.PS_TE_EMP_OBU_H_XX:"WHERE PSARCH_ID='PSHDR_XX' AND PSARCH_BATCHNUM||PSARCH_ID IN (SELECT PSARCH_BATCHNUM||PSARCH_ID FROM SYSADM.PSARCHBATCH WHERE PSARCH_DTTM >= '01-May-2023' AND PSARCH_DTTM < '01-Mar-2024')" TABLES=SYSADM.PS_TE_EMP_UP_H_XX QUERY=SYSADM.PS_TE_EMP_UP_H_XX:"WHERE PSARCH_ID='PSHDR_XX' AND PSARCH_BATCHNUM||PSARCH_ID IN (SELECT PSARCH_BATCHNUM||PSARCH_ID FROM SYSADM.PSARCHBATCH WHERE PSARCH_DTTM >= '01-May-2023' AND PSARCH_DTTM < '01-Mar-2024')" 
Processing object type TABLE_EXPORT/TABLE/PROCACT_INSTANCE
Processing object type TABLE_EXPORT/TABLE/TABLE
Processing object type TABLE_EXPORT/TABLE/GRANT/OWNER_GRANT/OBJECT_GRANT
Processing object type TABLE_EXPORT/TABLE/TABLE_DATA
. . exported "SYSADM"."PS_TE_EMP_HDR_H_XX"                   0 KB       0 rows
. . exported "SYSADM"."PS_TE_EMP_OBU_H_XX"                   0 KB       0 rows
. . exported "SYSADM"."PS_TE_EMP_UP_H_XX"                    0 KB       0 rows
Processing object type TABLE_EXPORT/TABLE/INDEX/INDEX
Master table "SYS"."SYS_EXPORT_TABLE_05" successfully loaded/unloaded
******************************************************************************
Dump file set for SYS.SYS_EXPORT_TABLE_05 is:
  /backup/data_arch/PSHDR_XX/FS/PSHDR_XX_11-12-2025_1995_2000_01-May-2023_01-Mar-2024_FS_01.dmp
  /backup/data_arch/PSHDR_XX/FS/PSHDR_XX_11-12-2025_1995_2000_01-May-2023_01-Mar-2024_FS_02.dmp
  /backup/data_arch/PSHDR_XX/FS/PSHDR_XX_11-12-2025_1995_2000_01-May-2023_01-Mar-2024_FS_03.dmp
  /backup/data_arch/PSHDR_XX/FS/PSHDR_XX_11-12-2025_1995_2000_01-May-2023_01-Mar-2024_FS_04.dmp
  /backup/data_arch/PSHDR_XX/FS/PSHDR_XX_11-12-2025_1995_2000_01-May-2023_01-Mar-2024_FS_05.dmp
  /backup/data_arch/PSHDR_XX/FS/PSHDR_XX_11-12-2025_1995_2000_01-May-2023_01-Mar-2024_FS_06.dmp
  /backup/data_arch/PSHDR_XX/FS/PSHDR_XX_11-12-2025_1995_2000_01-May-2023_01-Mar-2024_FS_07.dmp
  /backup/data_arch/PSHDR_XX/FS/PSHDR_XX_11-12-2025_1995_2000_01-May-2023_01-Mar-2024_FS_08.dmp
  /backup/data_arch/PSHDR_XX/FS/PSHDR_XX_11-12-2025_1995_2000_01-May-2023_01-Mar-2024_FS_09.dmp
Job "SYS"."SYS_EXPORT_TABLE_05" successfully completed at Fri Dec 12 02:23:04 2025 elapsed 0 00:00:53

TEMPLATE_NAME:  PSHDR_XX
Error Count:  0
CURRENT DATE:  2025/12/12
Insert Data into PS_DATAMIN_EXPF_XX.

1 row created.


Commit complete.

Successful Export: Insert Done.
Template FSPRD-PSHDR_XX successfully Exported, started at  Fri Dec 12 02:22:11 EST 2025 and finished at Fri Dec 12 02:23:10 EST 2025
----------------------------------------------------------------------------------------
Finished export of Template : PSHDR_XX
----------------------------------------------------------------------------------------
#########################################################################################
Beginning export of Template : PSPDA_XX
#########################################################################################
 
=> ( 1 ) BEN_PRGPRTC_HXX : Get History Record Counts

1 row created.


Commit complete.

..Get TableSpace, Index & Index TableSpace

1 row created.


Commit complete.

=> ( 2 ) COMPNSTION_H_XX : Get History Record Counts

1 row created.


Commit complete.

..Get TableSpace, Index & Index TableSpace

1 row created.


Commit complete.

=> ( 3 ) EMAILADRS_H_XX : Get History Record Counts

1 row created.


Commit complete.

..Get TableSpace, Index & Index TableSpace

1 row created.


Commit complete.

=> ( 4 ) EMPLOYMENT_H_XX : Get History Record Counts

1 row created.


Commit complete.

..Get TableSpace, Index & Index TableSpace

2 rows created.


Commit complete.

=> ( 5 ) JOB_H_XX : Get History Record Counts

1 row created.


Commit complete.

..Get TableSpace, Index & Index TableSpace

6 rows created.


Commit complete.

=> ( 6 ) JOB_XX_H_XX : Get History Record Counts

1 row created.


Commit complete.

..Get TableSpace, Index & Index TableSpace

1 row created.


Commit complete.

=> ( 7 ) PERSDATAEF_H_XX : Get History Record Counts

1 row created.


Commit complete.

..Get TableSpace, Index & Index TableSpace

3 rows created.


Commit complete.

=> ( 8 ) PERSONALDA_H_XX : Get History Record Counts

1 row created.


Commit complete.

..Get TableSpace, Index & Index TableSpace

3 rows created.


Commit complete.

=> ( 9 ) PERSONALPH_H_XX : Get History Record Counts

1 row created.


Commit complete.

..Get TableSpace, Index & Index TableSpace

1 row created.


Commit complete.

=> ( 10 ) PERS_NID_H_XX : Get History Record Counts

1 row created.


Commit complete.

..Get TableSpace, Index & Index TableSpace

1 row created.


Commit complete.


Export: Release 19.0.0.0.0 - Production on Fri Dec 12 02:23:14 2025
Version 19.27.0.0.0

Copyright (c) 1982, 2019, Oracle and/or its affiliates.  All rights reserved.

Connected to: Oracle Database 19c Enterprise Edition Release 19.0.0.0.0 - Production
FLASHBACK automatically enabled to preserve database integrity.
Starting "SYS"."SYS_EXPORT_TABLE_05":  userid="/******** AS SYSDBA" directory=PSPDA_XX_FS dumpfile=PSPDA_XX_11-12-2025_1995_2000_01-May-2023_01-Mar-2024_FS_%U.dmp logfile=PSPDA_XX_11-12-2025_1995_2000_01-May-2023_01-Mar-2024_FS.log parallel=18 EXCLUDE=statistics EXCLUDE=TRIGGER ENCRYPTION=ALL ENCRYPTION_MODE=DUAL ENCRYPTION_ALGORITHM=AES256 ENCRYPTION_PASSWORD=******** FILESIZE=10G COMPRESSION=ALL TABLES=SYSADM.PS_BEN_PRGPRTC_HXX QUERY=SYSADM.PS_BEN_PRGPRTC_HXX:"WHERE PSARCH_ID='PSPDA_XX' AND PSARCH_BATCHNUM||PSARCH_ID IN (SELECT PSARCH_BATCHNUM||PSARCH_ID FROM SYSADM.PSARCHBATCH WHERE PSARCH_DTTM >= '01-May-2023' AND PSARCH_DTTM < '01-Mar-2024')" TABLES=SYSADM.PS_COMPNSTION_H_XX QUERY=SYSADM.PS_COMPNSTION_H_XX:"WHERE PSARCH_ID='PSPDA_XX' AND PSARCH_BATCHNUM||PSARCH_ID IN (SELECT PSARCH_BATCHNUM||PSARCH_ID FROM SYSADM.PSARCHBATCH WHERE PSARCH_DTTM >= '01-May-2023' AND PSARCH_DTTM < '01-Mar-2024')" TABLES=SYSADM.PS_EMAILADRS_H_XX QUERY=SYSADM.PS_EMAILADRS_H_XX:"WHERE PSARCH_ID='PSPDA_XX' AND PSARCH_BATCHNUM||PSARCH_ID IN (SELECT PSARCH_BATCHNUM||PSARCH_ID FROM SYSADM.PSARCHBATCH WHERE PSARCH_DTTM >= '01-May-2023' AND PSARCH_DTTM < '01-Mar-2024')" TABLES=SYSADM.PS_EMPLOYMENT_H_XX QUERY=SYSADM.PS_EMPLOYMENT_H_XX:"WHERE PSARCH_ID='PSPDA_XX' AND PSARCH_BATCHNUM||PSARCH_ID IN (SELECT PSARCH_BATCHNUM||PSARCH_ID FROM SYSADM.PSARCHBATCH WHERE PSARCH_DTTM >= '01-May-2023' AND PSARCH_DTTM < '01-Mar-2024')" TABLES=SYSADM.PS_JOB_H_XX QUERY=SYSADM.PS_JOB_H_XX:"WHERE PSARCH_ID='PSPDA_XX' AND PSARCH_BATCHNUM||PSARCH_ID IN (SELECT PSARCH_BATCHNUM||PSARCH_ID FROM SYSADM.PSARCHBATCH WHERE PSARCH_DTTM >= '01-May-2023' AND PSARCH_DTTM < '01-Mar-2024')" TABLES=SYSADM.PS_JOB_XX_H_XX QUERY=SYSADM.PS_JOB_XX_H_XX:"WHERE PSARCH_ID='PSPDA_XX' AND PSARCH_BATCHNUM||PSARCH_ID IN (SELECT PSARCH_BATCHNUM||PSARCH_ID FROM SYSADM.PSARCHBATCH WHERE PSARCH_DTTM >= '01-May-2023' AND PSARCH_DTTM < '01-Mar-2024')" TABLES=SYSADM.PS_PERSDATAEF_H_XX QUERY=SYSADM.PS_PERSDATAEF_H_XX:"WHERE PSARCH_ID
Processing object type TABLE_EXPORT/TABLE/PROCACT_INSTANCE
Processing object type TABLE_EXPORT/TABLE/TABLE
Processing object type TABLE_EXPORT/TABLE/GRANT/OWNER_GRANT/OBJECT_GRANT
Processing object type TABLE_EXPORT/TABLE/TABLE_DATA
. . exported "SYSADM"."PS_BEN_PRGPRTC_HXX"                   0 KB       0 rows
. . exported "SYSADM"."PS_COMPNSTION_H_XX"                   0 KB       0 rows
. . exported "SYSADM"."PS_EMAILADRS_H_XX"                    0 KB       0 rows
. . exported "SYSADM"."PS_EMPLOYMENT_H_XX"                   0 KB       0 rows
. . exported "SYSADM"."PS_JOB_H_XX"                          0 KB       0 rows
. . exported "SYSADM"."PS_JOB_XX_H_XX"                       0 KB       0 rows
. . exported "SYSADM"."PS_PERSDATAEF_H_XX"                   0 KB       0 rows
. . exported "SYSADM"."PS_PERSONALDA_H_XX"                   0 KB       0 rows
. . exported "SYSADM"."PS_PERSONALPH_H_XX"                   0 KB       0 rows
. . exported "SYSADM"."PS_PERS_NID_H_XX"                     0 KB       0 rows
Processing object type TABLE_EXPORT/TABLE/INDEX/INDEX
Master table "SYS"."SYS_EXPORT_TABLE_05" successfully loaded/unloaded
******************************************************************************
Dump file set for SYS.SYS_EXPORT_TABLE_05 is:
  /backup/data_arch/PSPDA_XX/FS/PSPDA_XX_11-12-2025_1995_2000_01-May-2023_01-Mar-2024_FS_01.dmp
  /backup/data_arch/PSPDA_XX/FS/PSPDA_XX_11-12-2025_1995_2000_01-May-2023_01-Mar-2024_FS_02.dmp
  /backup/data_arch/PSPDA_XX/FS/PSPDA_XX_11-12-2025_1995_2000_01-May-2023_01-Mar-2024_FS_03.dmp
  /backup/data_arch/PSPDA_XX/FS/PSPDA_XX_11-12-2025_1995_2000_01-May-2023_01-Mar-2024_FS_04.dmp
  /backup/data_arch/PSPDA_XX/FS/PSPDA_XX_11-12-2025_1995_2000_01-May-2023_01-Mar-2024_FS_05.dmp
  /backup/data_arch/PSPDA_XX/FS/PSPDA_XX_11-12-2025_1995_2000_01-May-2023_01-Mar-2024_FS_06.dmp
  /backup/data_arch/PSPDA_XX/FS/PSPDA_XX_11-12-2025_1995_2000_01-May-2023_01-Mar-2024_FS_07.dmp
  /backup/data_arch/PSPDA_XX/FS/PSPDA_XX_11-12-2025_1995_2000_01-May-2023_01-Mar-2024_FS_08.dmp
  /backup/data_arch/PSPDA_XX/FS/PSPDA_XX_11-12-2025_1995_2000_01-May-2023_01-Mar-2024_FS_09.dmp
Job "SYS"."SYS_EXPORT_TABLE_05" successfully completed at Fri Dec 12 02:24:05 2025 elapsed 0 00:00:50

TEMPLATE_NAME:  PSPDA_XX
Error Count:  0
CURRENT DATE:  2025/12/12
Insert Data into PS_DATAMIN_EXPF_XX.

1 row created.


Commit complete.

Successful Export: Insert Done.
Template FSPRD-PSPDA_XX successfully Exported, started at  Fri Dec 12 02:23:14 EST 2025 and finished at Fri Dec 12 02:24:09 EST 2025
----------------------------------------------------------------------------------------
Finished export of Template : PSPDA_XX
----------------------------------------------------------------------------------------
#########################################################################################
Beginning export of Template : PSPUR_XX
#########################################################################################
 
=> ( 1 ) PURGEDATA_H_XX : Get History Record Counts

1 row created.


Commit complete.

..Get TableSpace, Index & Index TableSpace

1 row created.


Commit complete.


Export: Release 19.0.0.0.0 - Production on Fri Dec 12 02:24:09 2025
Version 19.27.0.0.0

Copyright (c) 1982, 2019, Oracle and/or its affiliates.  All rights reserved.

Connected to: Oracle Database 19c Enterprise Edition Release 19.0.0.0.0 - Production
FLASHBACK automatically enabled to preserve database integrity.
Starting "SYS"."SYS_EXPORT_TABLE_05":  userid="/******** AS SYSDBA" directory=PSPUR_XX_FS dumpfile=PSPUR_XX_11-12-2025_1995_2000_01-May-2023_01-Mar-2024_FS_%U.dmp logfile=PSPUR_XX_11-12-2025_1995_2000_01-May-2023_01-Mar-2024_FS.log parallel=18 EXCLUDE=statistics EXCLUDE=TRIGGER ENCRYPTION=ALL ENCRYPTION_MODE=DUAL ENCRYPTION_ALGORITHM=AES256 ENCRYPTION_PASSWORD=******** FILESIZE=10G COMPRESSION=ALL TABLES=SYSADM.PS_PURGEDATA_H_XX QUERY=SYSADM.PS_PURGEDATA_H_XX:"WHERE PSARCH_ID='PSPUR_XX' AND PSARCH_BATCHNUM||PSARCH_ID IN (SELECT PSARCH_BATCHNUM||PSARCH_ID FROM SYSADM.PSARCHBATCH WHERE PSARCH_DTTM >= '01-May-2023' AND PSARCH_DTTM < '01-Mar-2024')" 
Processing object type TABLE_EXPORT/TABLE/PROCACT_INSTANCE
Processing object type TABLE_EXPORT/TABLE/TABLE
Processing object type TABLE_EXPORT/TABLE/GRANT/OWNER_GRANT/OBJECT_GRANT
Processing object type TABLE_EXPORT/TABLE/TABLE_DATA
. . exported "SYSADM"."PS_PURGEDATA_H_XX"                    0 KB       0 rows
Processing object type TABLE_EXPORT/TABLE/INDEX/INDEX
Master table "SYS"."SYS_EXPORT_TABLE_05" successfully loaded/unloaded
******************************************************************************
Dump file set for SYS.SYS_EXPORT_TABLE_05 is:
  /backup/data_arch/PSPUR_XX/FS/PSPUR_XX_11-12-2025_1995_2000_01-May-2023_01-Mar-2024_FS_01.dmp
  /backup/data_arch/PSPUR_XX/FS/PSPUR_XX_11-12-2025_1995_2000_01-May-2023_01-Mar-2024_FS_02.dmp
  /backup/data_arch/PSPUR_XX/FS/PSPUR_XX_11-12-2025_1995_2000_01-May-2023_01-Mar-2024_FS_03.dmp
  /backup/data_arch/PSPUR_XX/FS/PSPUR_XX_11-12-2025_1995_2000_01-May-2023_01-Mar-2024_FS_04.dmp
  /backup/data_arch/PSPUR_XX/FS/PSPUR_XX_11-12-2025_1995_2000_01-May-2023_01-Mar-2024_FS_05.dmp
  /backup/data_arch/PSPUR_XX/FS/PSPUR_XX_11-12-2025_1995_2000_01-May-2023_01-Mar-2024_FS_06.dmp
  /backup/data_arch/PSPUR_XX/FS/PSPUR_XX_11-12-2025_1995_2000_01-May-2023_01-Mar-2024_FS_07.dmp
  /backup/data_arch/PSPUR_XX/FS/PSPUR_XX_11-12-2025_1995_2000_01-May-2023_01-Mar-2024_FS_08.dmp
  /backup/data_arch/PSPUR_XX/FS/PSPUR_XX_11-12-2025_1995_2000_01-May-2023_01-Mar-2024_FS_09.dmp
Job "SYS"."SYS_EXPORT_TABLE_05" successfully completed at Fri Dec 12 02:25:02 2025 elapsed 0 00:00:52

TEMPLATE_NAME:  PSPUR_XX
Error Count:  0
CURRENT DATE:  2025/12/12
Insert Data into PS_DATAMIN_EXPF_XX.

1 row created.


Commit complete.

Successful Export: Insert Done.
Template FSPRD-PSPUR_XX successfully Exported, started at  Fri Dec 12 02:24:09 EST 2025 and finished at Fri Dec 12 02:25:08 EST 2025
----------------------------------------------------------------------------------------
Finished export of Template : PSPUR_XX
----------------------------------------------------------------------------------------
#########################################################################################
Beginning export of Template : PURCMTXX
#########################################################################################
 
=> ( 1 ) CMMTS_TBL_H_XX : Get History Record Counts

1 row created.


Commit complete.

..Get TableSpace, Index & Index TableSpace

2 rows created.


Commit complete.

=> ( 2 ) COMMENT_TBL_HXX : Get History Record Counts

1 row created.


Commit complete.

..Get TableSpace, Index & Index TableSpace

2 rows created.


Commit complete.


Export: Release 19.0.0.0.0 - Production on Fri Dec 12 02:25:09 2025
Version 19.27.0.0.0

Copyright (c) 1982, 2019, Oracle and/or its affiliates.  All rights reserved.

Connected to: Oracle Database 19c Enterprise Edition Release 19.0.0.0.0 - Production
FLASHBACK automatically enabled to preserve database integrity.
Starting "SYS"."SYS_EXPORT_TABLE_05":  userid="/******** AS SYSDBA" directory=PURCMTXX_FS dumpfile=PURCMTXX_11-12-2025_1995_2000_01-May-2023_01-Mar-2024_FS_%U.dmp logfile=PURCMTXX_11-12-2025_1995_2000_01-May-2023_01-Mar-2024_FS.log parallel=18 EXCLUDE=statistics EXCLUDE=TRIGGER ENCRYPTION=ALL ENCRYPTION_MODE=DUAL ENCRYPTION_ALGORITHM=AES256 ENCRYPTION_PASSWORD=******** FILESIZE=10G COMPRESSION=ALL TABLES=SYSADM.PS_CMMTS_TBL_H_XX QUERY=SYSADM.PS_CMMTS_TBL_H_XX:"WHERE PSARCH_ID='PURCMTXX' AND PSARCH_BATCHNUM||PSARCH_ID IN (SELECT PSARCH_BATCHNUM||PSARCH_ID FROM SYSADM.PSARCHBATCH WHERE PSARCH_DTTM >= '01-May-2023' AND PSARCH_DTTM < '01-Mar-2024')" TABLES=SYSADM.PS_COMMENT_TBL_HXX QUERY=SYSADM.PS_COMMENT_TBL_HXX:"WHERE PSARCH_ID='PURCMTXX' AND PSARCH_BATCHNUM||PSARCH_ID IN (SELECT PSARCH_BATCHNUM||PSARCH_ID FROM SYSADM.PSARCHBATCH WHERE PSARCH_DTTM >= '01-May-2023' AND PSARCH_DTTM < '01-Mar-2024')" 
Processing object type TABLE_EXPORT/TABLE/PROCACT_INSTANCE
Processing object type TABLE_EXPORT/TABLE/TABLE
Processing object type TABLE_EXPORT/TABLE/GRANT/OWNER_GRANT/OBJECT_GRANT
Processing object type TABLE_EXPORT/TABLE/TABLE_DATA
. . exported "SYSADM"."PS_CMMTS_TBL_H_XX"                5.179 KB       0 rows
. . exported "SYSADM"."PS_COMMENT_TBL_HXX"               5.210 KB       0 rows
Processing object type TABLE_EXPORT/TABLE/INDEX/INDEX
Master table "SYS"."SYS_EXPORT_TABLE_05" successfully loaded/unloaded
******************************************************************************
Dump file set for SYS.SYS_EXPORT_TABLE_05 is:
  /backup/data_arch/PURCMTXX/FS/PURCMTXX_11-12-2025_1995_2000_01-May-2023_01-Mar-2024_FS_01.dmp
  /backup/data_arch/PURCMTXX/FS/PURCMTXX_11-12-2025_1995_2000_01-May-2023_01-Mar-2024_FS_02.dmp
  /backup/data_arch/PURCMTXX/FS/PURCMTXX_11-12-2025_1995_2000_01-May-2023_01-Mar-2024_FS_03.dmp
  /backup/data_arch/PURCMTXX/FS/PURCMTXX_11-12-2025_1995_2000_01-May-2023_01-Mar-2024_FS_04.dmp
  /backup/data_arch/PURCMTXX/FS/PURCMTXX_11-12-2025_1995_2000_01-May-2023_01-Mar-2024_FS_05.dmp
  /backup/data_arch/PURCMTXX/FS/PURCMTXX_11-12-2025_1995_2000_01-May-2023_01-Mar-2024_FS_06.dmp
  /backup/data_arch/PURCMTXX/FS/PURCMTXX_11-12-2025_1995_2000_01-May-2023_01-Mar-2024_FS_07.dmp
  /backup/data_arch/PURCMTXX/FS/PURCMTXX_11-12-2025_1995_2000_01-May-2023_01-Mar-2024_FS_08.dmp
  /backup/data_arch/PURCMTXX/FS/PURCMTXX_11-12-2025_1995_2000_01-May-2023_01-Mar-2024_FS_09.dmp
  /backup/data_arch/PURCMTXX/FS/PURCMTXX_11-12-2025_1995_2000_01-May-2023_01-Mar-2024_FS_10.dmp
Job "SYS"."SYS_EXPORT_TABLE_05" successfully completed at Fri Dec 12 02:26:01 2025 elapsed 0 00:00:51

TEMPLATE_NAME:  PURCMTXX
Error Count:  0
CURRENT DATE:  2025/12/12
Insert Data into PS_DATAMIN_EXPF_XX.

1 row created.


Commit complete.

Successful Export: Insert Done.
Template FSPRD-PURCMTXX successfully Exported, started at  Fri Dec 12 02:25:09 EST 2025 and finished at Fri Dec 12 02:26:03 EST 2025
----------------------------------------------------------------------------------------
Finished export of Template : PURCMTXX
----------------------------------------------------------------------------------------
#########################################################################################
Beginning export of Template : PURITMXX
#########################################################################################
 
=> ( 1 ) ASET_ITMATR_HXX : Get History Record Counts

1 row created.


Commit complete.

..Get TableSpace, Index & Index TableSpace

1 row created.


Commit complete.

=> ( 2 ) INV_ITEMS_H_XX : Get History Record Counts

1 row created.


Commit complete.

..Get TableSpace, Index & Index TableSpace

1 row created.


Commit complete.

=> ( 3 ) INV_ITEMUOM_HXX : Get History Record Counts

1 row created.


Commit complete.

..Get TableSpace, Index & Index TableSpace

1 row created.


Commit complete.

=> ( 4 ) INV_ITM_PHT_HXX : Get History Record Counts

1 row created.


Commit complete.

..Get TableSpace, Index & Index TableSpace

2 rows created.


Commit complete.

=> ( 5 ) ITM_VENDOR_H_XX : Get History Record Counts

1 row created.


Commit complete.

..Get TableSpace, Index & Index TableSpace

2 rows created.


Commit complete.

=> ( 6 ) MSTR_ITMTBL_HXX : Get History Record Counts

1 row created.


Commit complete.

..Get TableSpace, Index & Index TableSpace

5 rows created.


Commit complete.

=> ( 7 ) PURCH_ITMBU_HXX : Get History Record Counts

1 row created.


Commit complete.

..Get TableSpace, Index & Index TableSpace

2 rows created.


Commit complete.

=> ( 8 ) PURC_ITMATR_HXX : Get History Record Counts

1 row created.


Commit complete.

..Get TableSpace, Index & Index TableSpace

3 rows created.


Commit complete.


Export: Release 19.0.0.0.0 - Production on Fri Dec 12 02:26:06 2025
Version 19.27.0.0.0

Copyright (c) 1982, 2019, Oracle and/or its affiliates.  All rights reserved.

Connected to: Oracle Database 19c Enterprise Edition Release 19.0.0.0.0 - Production
FLASHBACK automatically enabled to preserve database integrity.
Starting "SYS"."SYS_EXPORT_TABLE_05":  userid="/******** AS SYSDBA" directory=PURITMXX_FS dumpfile=PURITMXX_11-12-2025_1995_2000_01-May-2023_01-Mar-2024_FS_%U.dmp logfile=PURITMXX_11-12-2025_1995_2000_01-May-2023_01-Mar-2024_FS.log parallel=18 EXCLUDE=statistics EXCLUDE=TRIGGER ENCRYPTION=ALL ENCRYPTION_MODE=DUAL ENCRYPTION_ALGORITHM=AES256 ENCRYPTION_PASSWORD=******** FILESIZE=10G COMPRESSION=ALL TABLES=SYSADM.PS_ASET_ITMATR_HXX QUERY=SYSADM.PS_ASET_ITMATR_HXX:"WHERE PSARCH_ID='PURITMXX' AND PSARCH_BATCHNUM||PSARCH_ID IN (SELECT PSARCH_BATCHNUM||PSARCH_ID FROM SYSADM.PSARCHBATCH WHERE PSARCH_DTTM >= '01-May-2023' AND PSARCH_DTTM < '01-Mar-2024')" TABLES=SYSADM.PS_INV_ITEMS_H_XX QUERY=SYSADM.PS_INV_ITEMS_H_XX:"WHERE PSARCH_ID='PURITMXX' AND PSARCH_BATCHNUM||PSARCH_ID IN (SELECT PSARCH_BATCHNUM||PSARCH_ID FROM SYSADM.PSARCHBATCH WHERE PSARCH_DTTM >= '01-May-2023' AND PSARCH_DTTM < '01-Mar-2024')" TABLES=SYSADM.PS_INV_ITEMUOM_HXX QUERY=SYSADM.PS_INV_ITEMUOM_HXX:"WHERE PSARCH_ID='PURITMXX' AND PSARCH_BATCHNUM||PSARCH_ID IN (SELECT PSARCH_BATCHNUM||PSARCH_ID FROM SYSADM.PSARCHBATCH WHERE PSARCH_DTTM >= '01-May-2023' AND PSARCH_DTTM < '01-Mar-2024')" TABLES=SYSADM.PS_INV_ITM_PHT_HXX QUERY=SYSADM.PS_INV_ITM_PHT_HXX:"WHERE PSARCH_ID='PURITMXX' AND PSARCH_BATCHNUM||PSARCH_ID IN (SELECT PSARCH_BATCHNUM||PSARCH_ID FROM SYSADM.PSARCHBATCH WHERE PSARCH_DTTM >= '01-May-2023' AND PSARCH_DTTM < '01-Mar-2024')" TABLES=SYSADM.PS_ITM_VENDOR_H_XX QUERY=SYSADM.PS_ITM_VENDOR_H_XX:"WHERE PSARCH_ID='PURITMXX' AND PSARCH_BATCHNUM||PSARCH_ID IN (SELECT PSARCH_BATCHNUM||PSARCH_ID FROM SYSADM.PSARCHBATCH WHERE PSARCH_DTTM >= '01-May-2023' AND PSARCH_DTTM < '01-Mar-2024')" TABLES=SYSADM.PS_MSTR_ITMTBL_HXX QUERY=SYSADM.PS_MSTR_ITMTBL_HXX:"WHERE PSARCH_ID='PURITMXX' AND PSARCH_BATCHNUM||PSARCH_ID IN (SELECT PSARCH_BATCHNUM||PSARCH_ID FROM SYSADM.PSARCHBATCH WHERE PSARCH_DTTM >= '01-May-2023' AND PSARCH_DTTM < '01-Mar-2024')" TABLES=SYSADM.PS_PURCH_ITMBU_HXX QUERY=SYSADM.PS_PURCH_ITMB
Processing object type TABLE_EXPORT/TABLE/PROCACT_INSTANCE
Processing object type TABLE_EXPORT/TABLE/TABLE
Processing object type TABLE_EXPORT/TABLE/GRANT/OWNER_GRANT/OBJECT_GRANT
Processing object type TABLE_EXPORT/TABLE/TABLE_DATA
. . exported "SYSADM"."PS_PURC_ITMATR_HXX"                 9.5 KB       0 rows
. . exported "SYSADM"."PS_MSTR_ITMTBL_HXX"               8.812 KB       0 rows
. . exported "SYSADM"."PS_PURCH_ITMBU_HXX"               8.515 KB       0 rows
. . exported "SYSADM"."PS_INV_ITEMS_H_XX"                7.929 KB       0 rows
. . exported "SYSADM"."PS_INV_ITEMUOM_HXX"               6.156 KB       0 rows
. . exported "SYSADM"."PS_INV_ITM_PHT_HXX"               5.078 KB       0 rows
. . exported "SYSADM"."PS_ASET_ITMATR_HXX"               5.015 KB       0 rows
. . exported "SYSADM"."PS_ITM_VENDOR_H_XX"               6.054 KB       0 rows
Processing object type TABLE_EXPORT/TABLE/INDEX/INDEX
Master table "SYS"."SYS_EXPORT_TABLE_05" successfully loaded/unloaded
******************************************************************************
Dump file set for SYS.SYS_EXPORT_TABLE_05 is:
  /backup/data_arch/PURITMXX/FS/PURITMXX_11-12-2025_1995_2000_01-May-2023_01-Mar-2024_FS_01.dmp
  /backup/data_arch/PURITMXX/FS/PURITMXX_11-12-2025_1995_2000_01-May-2023_01-Mar-2024_FS_02.dmp
  /backup/data_arch/PURITMXX/FS/PURITMXX_11-12-2025_1995_2000_01-May-2023_01-Mar-2024_FS_03.dmp
  /backup/data_arch/PURITMXX/FS/PURITMXX_11-12-2025_1995_2000_01-May-2023_01-Mar-2024_FS_04.dmp
  /backup/data_arch/PURITMXX/FS/PURITMXX_11-12-2025_1995_2000_01-May-2023_01-Mar-2024_FS_05.dmp
  /backup/data_arch/PURITMXX/FS/PURITMXX_11-12-2025_1995_2000_01-May-2023_01-Mar-2024_FS_06.dmp
  /backup/data_arch/PURITMXX/FS/PURITMXX_11-12-2025_1995_2000_01-May-2023_01-Mar-2024_FS_07.dmp
  /backup/data_arch/PURITMXX/FS/PURITMXX_11-12-2025_1995_2000_01-May-2023_01-Mar-2024_FS_08.dmp
  /backup/data_arch/PURITMXX/FS/PURITMXX_11-12-2025_1995_2000_01-May-2023_01-Mar-2024_FS_09.dmp
  /backup/data_arch/PURITMXX/FS/PURITMXX_11-12-2025_1995_2000_01-May-2023_01-Mar-2024_FS_10.dmp
Job "SYS"."SYS_EXPORT_TABLE_05" successfully completed at Fri Dec 12 02:26:58 2025 elapsed 0 00:00:51

TEMPLATE_NAME:  PURITMXX
Error Count:  0
CURRENT DATE:  2025/12/12
Insert Data into PS_DATAMIN_EXPF_XX.

1 row created.


Commit complete.

Successful Export: Insert Done.
Template FSPRD-PURITMXX successfully Exported, started at  Fri Dec 12 02:26:06 EST 2025 and finished at Fri Dec 12 02:27:04 EST 2025
----------------------------------------------------------------------------------------
Finished export of Template : PURITMXX
----------------------------------------------------------------------------------------
#########################################################################################
Beginning export of Template : PURRTVXX
#########################################################################################
 
=> ( 1 ) RTV_ADDR_H_XX : Get History Record Counts

1 row created.


Commit complete.

..Get TableSpace, Index & Index TableSpace

1 row created.


Commit complete.

=> ( 2 ) RTV_CMMNT_H_XX : Get History Record Counts

1 row created.


Commit complete.

..Get TableSpace, Index & Index TableSpace

1 row created.


Commit complete.

=> ( 3 ) RTV_DSPTCH_H_XX : Get History Record Counts

1 row created.


Commit complete.

..Get TableSpace, Index & Index TableSpace

1 row created.


Commit complete.

=> ( 4 ) RTV_HDR_H_XX : Get History Record Counts

1 row created.


Commit complete.

..Get TableSpace, Index & Index TableSpace

3 rows created.


Commit complete.

=> ( 5 ) RTV_LN_DSTB_HXX : Get History Record Counts

1 row created.


Commit complete.

..Get TableSpace, Index & Index TableSpace

1 row created.


Commit complete.

=> ( 6 ) RTV_LN_FEE_H_XX : Get History Record Counts

1 row created.


Commit complete.

..Get TableSpace, Index & Index TableSpace

1 row created.


Commit complete.

=> ( 7 ) RTV_LN_H_XX : Get History Record Counts

1 row created.


Commit complete.

..Get TableSpace, Index & Index TableSpace

1 row created.


Commit complete.


Export: Release 19.0.0.0.0 - Production on Fri Dec 12 02:27:07 2025
Version 19.27.0.0.0

Copyright (c) 1982, 2019, Oracle and/or its affiliates.  All rights reserved.

Connected to: Oracle Database 19c Enterprise Edition Release 19.0.0.0.0 - Production
FLASHBACK automatically enabled to preserve database integrity.
Starting "SYS"."SYS_EXPORT_TABLE_05":  userid="/******** AS SYSDBA" directory=PURRTVXX_FS dumpfile=PURRTVXX_11-12-2025_1995_2000_01-May-2023_01-Mar-2024_FS_%U.dmp logfile=PURRTVXX_11-12-2025_1995_2000_01-May-2023_01-Mar-2024_FS.log parallel=18 EXCLUDE=statistics EXCLUDE=TRIGGER ENCRYPTION=ALL ENCRYPTION_MODE=DUAL ENCRYPTION_ALGORITHM=AES256 ENCRYPTION_PASSWORD=******** FILESIZE=10G COMPRESSION=ALL TABLES=SYSADM.PS_RTV_ADDR_H_XX QUERY=SYSADM.PS_RTV_ADDR_H_XX:"WHERE PSARCH_ID='PURRTVXX' AND PSARCH_BATCHNUM||PSARCH_ID IN (SELECT PSARCH_BATCHNUM||PSARCH_ID FROM SYSADM.PSARCHBATCH WHERE PSARCH_DTTM >= '01-May-2023' AND PSARCH_DTTM < '01-Mar-2024')" TABLES=SYSADM.PS_RTV_CMMNT_H_XX QUERY=SYSADM.PS_RTV_CMMNT_H_XX:"WHERE PSARCH_ID='PURRTVXX' AND PSARCH_BATCHNUM||PSARCH_ID IN (SELECT PSARCH_BATCHNUM||PSARCH_ID FROM SYSADM.PSARCHBATCH WHERE PSARCH_DTTM >= '01-May-2023' AND PSARCH_DTTM < '01-Mar-2024')" TABLES=SYSADM.PS_RTV_DSPTCH_H_XX QUERY=SYSADM.PS_RTV_DSPTCH_H_XX:"WHERE PSARCH_ID='PURRTVXX' AND PSARCH_BATCHNUM||PSARCH_ID IN (SELECT PSARCH_BATCHNUM||PSARCH_ID FROM SYSADM.PSARCHBATCH WHERE PSARCH_DTTM >= '01-May-2023' AND PSARCH_DTTM < '01-Mar-2024')" TABLES=SYSADM.PS_RTV_HDR_H_XX QUERY=SYSADM.PS_RTV_HDR_H_XX:"WHERE PSARCH_ID='PURRTVXX' AND PSARCH_BATCHNUM||PSARCH_ID IN (SELECT PSARCH_BATCHNUM||PSARCH_ID FROM SYSADM.PSARCHBATCH WHERE PSARCH_DTTM >= '01-May-2023' AND PSARCH_DTTM < '01-Mar-2024')" TABLES=SYSADM.PS_RTV_LN_DSTB_HXX QUERY=SYSADM.PS_RTV_LN_DSTB_HXX:"WHERE PSARCH_ID='PURRTVXX' AND PSARCH_BATCHNUM||PSARCH_ID IN (SELECT PSARCH_BATCHNUM||PSARCH_ID FROM SYSADM.PSARCHBATCH WHERE PSARCH_DTTM >= '01-May-2023' AND PSARCH_DTTM < '01-Mar-2024')" TABLES=SYSADM.PS_RTV_LN_FEE_H_XX QUERY=SYSADM.PS_RTV_LN_FEE_H_XX:"WHERE PSARCH_ID='PURRTVXX' AND PSARCH_BATCHNUM||PSARCH_ID IN (SELECT PSARCH_BATCHNUM||PSARCH_ID FROM SYSADM.PSARCHBATCH WHERE PSARCH_DTTM >= '01-May-2023' AND PSARCH_DTTM < '01-Mar-2024')" TABLES=SYSADM.PS_RTV_LN_H_XX QUERY=SYSADM.PS_RTV_LN_H_XX:"WHERE PSARC
Processing object type TABLE_EXPORT/TABLE/PROCACT_INSTANCE
Processing object type TABLE_EXPORT/TABLE/TABLE
Processing object type TABLE_EXPORT/TABLE/GRANT/OWNER_GRANT/OBJECT_GRANT
Processing object type TABLE_EXPORT/TABLE/TABLE_DATA
. . exported "SYSADM"."PS_RTV_DSPTCH_H_XX"               5.757 KB       0 rows
. . exported "SYSADM"."PS_RTV_LN_DSTB_HXX"               9.187 KB       0 rows
. . exported "SYSADM"."PS_RTV_LN_H_XX"                   8.906 KB       0 rows
. . exported "SYSADM"."PS_RTV_HDR_H_XX"                  7.171 KB       0 rows
. . exported "SYSADM"."PS_RTV_ADDR_H_XX"                 6.328 KB       0 rows
. . exported "SYSADM"."PS_RTV_LN_FEE_H_XX"               6.007 KB       0 rows
. . exported "SYSADM"."PS_RTV_CMMNT_H_XX"                6.312 KB       0 rows
Processing object type TABLE_EXPORT/TABLE/INDEX/INDEX
Master table "SYS"."SYS_EXPORT_TABLE_05" successfully loaded/unloaded
******************************************************************************
Dump file set for SYS.SYS_EXPORT_TABLE_05 is:
  /backup/data_arch/PURRTVXX/FS/PURRTVXX_11-12-2025_1995_2000_01-May-2023_01-Mar-2024_FS_01.dmp
  /backup/data_arch/PURRTVXX/FS/PURRTVXX_11-12-2025_1995_2000_01-May-2023_01-Mar-2024_FS_02.dmp
  /backup/data_arch/PURRTVXX/FS/PURRTVXX_11-12-2025_1995_2000_01-May-2023_01-Mar-2024_FS_03.dmp
  /backup/data_arch/PURRTVXX/FS/PURRTVXX_11-12-2025_1995_2000_01-May-2023_01-Mar-2024_FS_04.dmp
  /backup/data_arch/PURRTVXX/FS/PURRTVXX_11-12-2025_1995_2000_01-May-2023_01-Mar-2024_FS_05.dmp
  /backup/data_arch/PURRTVXX/FS/PURRTVXX_11-12-2025_1995_2000_01-May-2023_01-Mar-2024_FS_06.dmp
  /backup/data_arch/PURRTVXX/FS/PURRTVXX_11-12-2025_1995_2000_01-May-2023_01-Mar-2024_FS_07.dmp
  /backup/data_arch/PURRTVXX/FS/PURRTVXX_11-12-2025_1995_2000_01-May-2023_01-Mar-2024_FS_08.dmp
  /backup/data_arch/PURRTVXX/FS/PURRTVXX_11-12-2025_1995_2000_01-May-2023_01-Mar-2024_FS_09.dmp
  /backup/data_arch/PURRTVXX/FS/PURRTVXX_11-12-2025_1995_2000_01-May-2023_01-Mar-2024_FS_10.dmp
Job "SYS"."SYS_EXPORT_TABLE_05" successfully completed at Fri Dec 12 02:27:59 2025 elapsed 0 00:00:52

TEMPLATE_NAME:  PURRTVXX
Error Count:  0
CURRENT DATE:  2025/12/12
Insert Data into PS_DATAMIN_EXPF_XX.

1 row created.


Commit complete.

Successful Export: Insert Done.
Template FSPRD-PURRTVXX successfully Exported, started at  Fri Dec 12 02:27:07 EST 2025 and finished at Fri Dec 12 02:28:01 EST 2025
----------------------------------------------------------------------------------------
Finished export of Template : PURRTVXX
----------------------------------------------------------------------------------------
#########################################################################################
Beginning export of Template : PUR_CTXX
#########################################################################################
 
=> ( 1 ) CNTRCT_DFLT_HXX : Get History Record Counts

1 row created.


Commit complete.

..Get TableSpace, Index & Index TableSpace

2 rows created.


Commit complete.

=> ( 2 ) CNTRCT_DSTB_HXX : Get History Record Counts

1 row created.


Commit complete.

..Get TableSpace, Index & Index TableSpace

1 row created.


Commit complete.

=> ( 3 ) CNTRCT_HDR_H_XX : Get History Record Counts

1 row created.


Commit complete.

..Get TableSpace, Index & Index TableSpace

1 row created.


Commit complete.

=> ( 4 ) CNTRCT_LN_H_XX : Get History Record Counts

1 row created.


Commit complete.

..Get TableSpace, Index & Index TableSpace

1 row created.


Commit complete.

=> ( 5 ) CNTRCT_MLST_HXX : Get History Record Counts

1 row created.


Commit complete.

..Get TableSpace, Index & Index TableSpace

1 row created.


Commit complete.

=> ( 6 ) CNTR_BUDSTB_HXX : Get History Record Counts

1 row created.


Commit complete.

..Get TableSpace, Index & Index TableSpace

1 row created.


Commit complete.

=> ( 7 ) CNTR_EVTVCH_HXX : Get History Record Counts

1 row created.


Commit complete.

..Get TableSpace, Index & Index TableSpace

1 row created.


Commit complete.

=> ( 8 ) CNTR_HDRRLS_HXX : Get History Record Counts

1 row created.


Commit complete.

..Get TableSpace, Index & Index TableSpace

1 row created.


Commit complete.

=> ( 9 ) CNTR_LNRLS_HXX : Get History Record Counts

1 row created.


Commit complete.

..Get TableSpace, Index & Index TableSpace

1 row created.


Commit complete.

=> ( 10 ) CNTR_LN_UOM_HXX : Get History Record Counts

1 row created.


Commit complete.

..Get TableSpace, Index & Index TableSpace

1 row created.


Commit complete.

=> ( 11 ) CNTR_RLSDTL_HXX : Get History Record Counts

1 row created.


Commit complete.

..Get TableSpace, Index & Index TableSpace

1 row created.


Commit complete.

=> ( 12 ) CNTR_RLSHDR_HXX : Get History Record Counts

1 row created.


Commit complete.

..Get TableSpace, Index & Index TableSpace

2 rows created.


Commit complete.

=> ( 13 ) CNTR_RLSTBL_HXX : Get History Record Counts

1 row created.


Commit complete.

..Get TableSpace, Index & Index TableSpace

1 row created.


Commit complete.

=> ( 14 ) CNTR_RLS_LN_HXX : Get History Record Counts

1 row created.


Commit complete.

..Get TableSpace, Index & Index TableSpace

1 row created.


Commit complete.

=> ( 15 ) CNTR_SCHDL_H_XX : Get History Record Counts

1 row created.


Commit complete.

..Get TableSpace, Index & Index TableSpace

1 row created.


Commit complete.


Export: Release 19.0.0.0.0 - Production on Fri Dec 12 02:28:09 2025
Version 19.27.0.0.0

Copyright (c) 1982, 2019, Oracle and/or its affiliates.  All rights reserved.

Connected to: Oracle Database 19c Enterprise Edition Release 19.0.0.0.0 - Production
FLASHBACK automatically enabled to preserve database integrity.
Starting "SYS"."SYS_EXPORT_TABLE_05":  userid="/******** AS SYSDBA" directory=PUR_CTXX_FS dumpfile=PUR_CTXX_11-12-2025_1995_2000_01-May-2023_01-Mar-2024_FS_%U.dmp logfile=PUR_CTXX_11-12-2025_1995_2000_01-May-2023_01-Mar-2024_FS.log parallel=18 EXCLUDE=statistics EXCLUDE=TRIGGER ENCRYPTION=ALL ENCRYPTION_MODE=DUAL ENCRYPTION_ALGORITHM=AES256 ENCRYPTION_PASSWORD=******** FILESIZE=10G COMPRESSION=ALL TABLES=SYSADM.PS_CNTRCT_DFLT_HXX QUERY=SYSADM.PS_CNTRCT_DFLT_HXX:"WHERE PSARCH_ID='PUR_CTXX' AND PSARCH_BATCHNUM||PSARCH_ID IN (SELECT PSARCH_BATCHNUM||PSARCH_ID FROM SYSADM.PSARCHBATCH WHERE PSARCH_DTTM >= '01-May-2023' AND PSARCH_DTTM < '01-Mar-2024')" TABLES=SYSADM.PS_CNTRCT_DSTB_HXX QUERY=SYSADM.PS_CNTRCT_DSTB_HXX:"WHERE PSARCH_ID='PUR_CTXX' AND PSARCH_BATCHNUM||PSARCH_ID IN (SELECT PSARCH_BATCHNUM||PSARCH_ID FROM SYSADM.PSARCHBATCH WHERE PSARCH_DTTM >= '01-May-2023' AND PSARCH_DTTM < '01-Mar-2024')" TABLES=SYSADM.PS_CNTRCT_HDR_H_XX QUERY=SYSADM.PS_CNTRCT_HDR_H_XX:"WHERE PSARCH_ID='PUR_CTXX' AND PSARCH_BATCHNUM||PSARCH_ID IN (SELECT PSARCH_BATCHNUM||PSARCH_ID FROM SYSADM.PSARCHBATCH WHERE PSARCH_DTTM >= '01-May-2023' AND PSARCH_DTTM < '01-Mar-2024')" TABLES=SYSADM.PS_CNTRCT_LN_H_XX QUERY=SYSADM.PS_CNTRCT_LN_H_XX:"WHERE PSARCH_ID='PUR_CTXX' AND PSARCH_BATCHNUM||PSARCH_ID IN (SELECT PSARCH_BATCHNUM||PSARCH_ID FROM SYSADM.PSARCHBATCH WHERE PSARCH_DTTM >= '01-May-2023' AND PSARCH_DTTM < '01-Mar-2024')" TABLES=SYSADM.PS_CNTRCT_MLST_HXX QUERY=SYSADM.PS_CNTRCT_MLST_HXX:"WHERE PSARCH_ID='PUR_CTXX' AND PSARCH_BATCHNUM||PSARCH_ID IN (SELECT PSARCH_BATCHNUM||PSARCH_ID FROM SYSADM.PSARCHBATCH WHERE PSARCH_DTTM >= '01-May-2023' AND PSARCH_DTTM < '01-Mar-2024')" TABLES=SYSADM.PS_CNTR_BUDSTB_HXX QUERY=SYSADM.PS_CNTR_BUDSTB_HXX:"WHERE PSARCH_ID='PUR_CTXX' AND PSARCH_BATCHNUM||PSARCH_ID IN (SELECT PSARCH_BATCHNUM||PSARCH_ID FROM SYSADM.PSARCHBATCH WHERE PSARCH_DTTM >= '01-May-2023' AND PSARCH_DTTM < '01-Mar-2024')" TABLES=SYSADM.PS_CNTR_EVTVCH_HXX QUERY=SYSADM.PS_CNTR_EVTVC
Processing object type TABLE_EXPORT/TABLE/PROCACT_INSTANCE
Processing object type TABLE_EXPORT/TABLE/TABLE
Processing object type TABLE_EXPORT/TABLE/GRANT/OWNER_GRANT/OBJECT_GRANT
Processing object type TABLE_EXPORT/TABLE/TABLE_DATA
. . exported "SYSADM"."PS_CNTR_RLSDTL_HXX"               9.640 KB       0 rows
. . exported "SYSADM"."PS_CNTR_RLSHDR_HXX"               8.312 KB       0 rows
. . exported "SYSADM"."PS_CNTR_RLS_LN_HXX"               8.570 KB       0 rows
. . exported "SYSADM"."PS_CNTRCT_HDR_H_XX"                  36 KB     640 rows
. . exported "SYSADM"."PS_CNTR_EVTVCH_HXX"               5.539 KB       0 rows
. . exported "SYSADM"."PS_CNTRCT_LN_H_XX"                21.23 KB     639 rows
. . exported "SYSADM"."PS_CNTRCT_DSTB_HXX"               18.07 KB     639 rows
. . exported "SYSADM"."PS_CNTR_SCHDL_H_XX"               10.46 KB     640 rows
. . exported "SYSADM"."PS_CNTR_BUDSTB_HXX"               7.375 KB     639 rows
. . exported "SYSADM"."PS_CNTR_LNRLS_HXX"                 7.25 KB     639 rows
. . exported "SYSADM"."PS_CNTR_HDRRLS_HXX"               6.640 KB     640 rows
. . exported "SYSADM"."PS_CNTR_RLSTBL_HXX"               5.023 KB       0 rows
. . exported "SYSADM"."PS_CNTRCT_DFLT_HXX"               8.039 KB       1 rows
. . exported "SYSADM"."PS_CNTRCT_MLST_HXX"               5.914 KB       0 rows
. . exported "SYSADM"."PS_CNTR_LN_UOM_HXX"               5.757 KB       0 rows
Processing object type TABLE_EXPORT/TABLE/INDEX/INDEX
Master table "SYS"."SYS_EXPORT_TABLE_05" successfully loaded/unloaded
******************************************************************************
Dump file set for SYS.SYS_EXPORT_TABLE_05 is:
  /backup/data_arch/PUR_CTXX/FS/PUR_CTXX_11-12-2025_1995_2000_01-May-2023_01-Mar-2024_FS_01.dmp
  /backup/data_arch/PUR_CTXX/FS/PUR_CTXX_11-12-2025_1995_2000_01-May-2023_01-Mar-2024_FS_02.dmp
  /backup/data_arch/PUR_CTXX/FS/PUR_CTXX_11-12-2025_1995_2000_01-May-2023_01-Mar-2024_FS_03.dmp
  /backup/data_arch/PUR_CTXX/FS/PUR_CTXX_11-12-2025_1995_2000_01-May-2023_01-Mar-2024_FS_04.dmp
  /backup/data_arch/PUR_CTXX/FS/PUR_CTXX_11-12-2025_1995_2000_01-May-2023_01-Mar-2024_FS_05.dmp
  /backup/data_arch/PUR_CTXX/FS/PUR_CTXX_11-12-2025_1995_2000_01-May-2023_01-Mar-2024_FS_06.dmp
  /backup/data_arch/PUR_CTXX/FS/PUR_CTXX_11-12-2025_1995_2000_01-May-2023_01-Mar-2024_FS_07.dmp
  /backup/data_arch/PUR_CTXX/FS/PUR_CTXX_11-12-2025_1995_2000_01-May-2023_01-Mar-2024_FS_08.dmp
  /backup/data_arch/PUR_CTXX/FS/PUR_CTXX_11-12-2025_1995_2000_01-May-2023_01-Mar-2024_FS_09.dmp
  /backup/data_arch/PUR_CTXX/FS/PUR_CTXX_11-12-2025_1995_2000_01-May-2023_01-Mar-2024_FS_10.dmp
Job "SYS"."SYS_EXPORT_TABLE_05" successfully completed at Fri Dec 12 02:29:02 2025 elapsed 0 00:00:53

TEMPLATE_NAME:  PUR_CTXX
Error Count:  0
CURRENT DATE:  2025/12/12
Insert Data into PS_DATAMIN_EXPF_XX.

1 row created.


Commit complete.

Successful Export: Insert Done.
Template FSPRD-PUR_CTXX successfully Exported, started at  Fri Dec 12 02:28:09 EST 2025 and finished at Fri Dec 12 02:29:07 EST 2025
----------------------------------------------------------------------------------------
Finished export of Template : PUR_CTXX
----------------------------------------------------------------------------------------
#########################################################################################
Beginning export of Template : PUR_POXX
#########################################################################################
 
=> ( 1 ) PO_APPROVAL_HXX : Get History Record Counts

1 row created.


Commit complete.

..Get TableSpace, Index & Index TableSpace

2 rows created.


Commit complete.

=> ( 2 ) PO_CHG_ADDR_HXX : Get History Record Counts

1 row created.


Commit complete.

..Get TableSpace, Index & Index TableSpace

1 row created.


Commit complete.

=> ( 3 ) PO_CHG_HDR_H_XX : Get History Record Counts

1 row created.


Commit complete.

..Get TableSpace, Index & Index TableSpace

1 row created.


Commit complete.

=> ( 4 ) PO_CHG_LN_H_XX : Get History Record Counts

1 row created.


Commit complete.

..Get TableSpace, Index & Index TableSpace

1 row created.


Commit complete.

=> ( 5 ) PO_CHG_ORD_H_XX : Get History Record Counts

1 row created.


Commit complete.

..Get TableSpace, Index & Index TableSpace

1 row created.


Commit complete.

=> ( 6 ) PO_CHG_SHP_H_XX : Get History Record Counts

1 row created.


Commit complete.

..Get TableSpace, Index & Index TableSpace

1 row created.


Commit complete.

=> ( 7 ) PO_COMMENT_H_XX : Get History Record Counts

1 row created.


Commit complete.

..Get TableSpace, Index & Index TableSpace

1 row created.


Commit complete.

=> ( 8 ) PO_DFLTDSTB_HXX : Get History Record Counts

1 row created.


Commit complete.

..Get TableSpace, Index & Index TableSpace

1 row created.


Commit complete.

=> ( 9 ) PO_DFLT_TBL_HXX : Get History Record Counts

1 row created.


Commit complete.

..Get TableSpace, Index & Index TableSpace

1 row created.


Commit complete.

=> ( 10 ) PO_DISPATCH_HXX : Get History Record Counts

1 row created.


Commit complete.

..Get TableSpace, Index & Index TableSpace

1 row created.


Commit complete.

=> ( 11 ) PO_ER_EMSGQ_HXX : Get History Record Counts

1 row created.


Commit complete.

..Get TableSpace, Index & Index TableSpace

1 row created.


Commit complete.

=> ( 12 ) PO_EST_SHIP_HXX : Get History Record Counts

1 row created.


Commit complete.

..Get TableSpace, Index & Index TableSpace

1 row created.


Commit complete.

=> ( 13 ) PO_HDR_EMAL_HXX : Get History Record Counts

1 row created.


Commit complete.

..Get TableSpace, Index & Index TableSpace

1 row created.


Commit complete.

=> ( 14 ) PO_HDR_EXS_H_XX : Get History Record Counts

1 row created.


Commit complete.

..Get TableSpace, Index & Index TableSpace

1 row created.


Commit complete.

=> ( 15 ) PO_HDR_H_XX : Get History Record Counts

1 row created.


Commit complete.

..Get TableSpace, Index & Index TableSpace

4 rows created.


Commit complete.

=> ( 16 ) PO_HDR_VAT_H_XX : Get History Record Counts

1 row created.


Commit complete.

..Get TableSpace, Index & Index TableSpace

1 row created.


Commit complete.

=> ( 17 ) PO_LINE_H_XX : Get History Record Counts

1 row created.


Commit complete.

..Get TableSpace, Index & Index TableSpace

2 rows created.


Commit complete.

=> ( 18 ) PO_LNSHPMCH_HXX : Get History Record Counts

1 row created.


Commit complete.

..Get TableSpace, Index & Index TableSpace

1 row created.


Commit complete.

=> ( 19 ) PO_LNSHPSUT_HXX : Get History Record Counts

1 row created.


Commit complete.

..Get TableSpace, Index & Index TableSpace

1 row created.


Commit complete.

=> ( 20 ) PO_LN_DISTB_HXX : Get History Record Counts

1 row created.


Commit complete.

..Get TableSpace, Index & Index TableSpace

1 row created.


Commit complete.

=> ( 21 ) PO_LN_SHIP_H_XX : Get History Record Counts

1 row created.


Commit complete.

..Get TableSpace, Index & Index TableSpace

2 rows created.


Commit complete.

=> ( 22 ) PO_RC_WB_EX_HXX : Get History Record Counts

1 row created.


Commit complete.

..Get TableSpace, Index & Index TableSpace

1 row created.


Commit complete.


Export: Release 19.0.0.0.0 - Production on Fri Dec 12 02:29:15 2025
Version 19.27.0.0.0

Copyright (c) 1982, 2019, Oracle and/or its affiliates.  All rights reserved.

Connected to: Oracle Database 19c Enterprise Edition Release 19.0.0.0.0 - Production
FLASHBACK automatically enabled to preserve database integrity.
Starting "SYS"."SYS_EXPORT_TABLE_05":  userid="/******** AS SYSDBA" directory=PUR_POXX_FS dumpfile=PUR_POXX_11-12-2025_1995_2000_01-May-2023_01-Mar-2024_FS_%U.dmp logfile=PUR_POXX_11-12-2025_1995_2000_01-May-2023_01-Mar-2024_FS.log parallel=18 EXCLUDE=statistics EXCLUDE=TRIGGER ENCRYPTION=ALL ENCRYPTION_MODE=DUAL ENCRYPTION_ALGORITHM=AES256 ENCRYPTION_PASSWORD=******** FILESIZE=10G COMPRESSION=ALL TABLES=SYSADM.PS_PO_APPROVAL_HXX QUERY=SYSADM.PS_PO_APPROVAL_HXX:"WHERE PSARCH_ID='PUR_POXX' AND PSARCH_BATCHNUM||PSARCH_ID IN (SELECT PSARCH_BATCHNUM||PSARCH_ID FROM SYSADM.PSARCHBATCH WHERE PSARCH_DTTM >= '01-May-2023' AND PSARCH_DTTM < '01-Mar-2024')" TABLES=SYSADM.PS_PO_CHG_ADDR_HXX QUERY=SYSADM.PS_PO_CHG_ADDR_HXX:"WHERE PSARCH_ID='PUR_POXX' AND PSARCH_BATCHNUM||PSARCH_ID IN (SELECT PSARCH_BATCHNUM||PSARCH_ID FROM SYSADM.PSARCHBATCH WHERE PSARCH_DTTM >= '01-May-2023' AND PSARCH_DTTM < '01-Mar-2024')" TABLES=SYSADM.PS_PO_CHG_HDR_H_XX QUERY=SYSADM.PS_PO_CHG_HDR_H_XX:"WHERE PSARCH_ID='PUR_POXX' AND PSARCH_BATCHNUM||PSARCH_ID IN (SELECT PSARCH_BATCHNUM||PSARCH_ID FROM SYSADM.PSARCHBATCH WHERE PSARCH_DTTM >= '01-May-2023' AND PSARCH_DTTM < '01-Mar-2024')" TABLES=SYSADM.PS_PO_CHG_LN_H_XX QUERY=SYSADM.PS_PO_CHG_LN_H_XX:"WHERE PSARCH_ID='PUR_POXX' AND PSARCH_BATCHNUM||PSARCH_ID IN (SELECT PSARCH_BATCHNUM||PSARCH_ID FROM SYSADM.PSARCHBATCH WHERE PSARCH_DTTM >= '01-May-2023' AND PSARCH_DTTM < '01-Mar-2024')" TABLES=SYSADM.PS_PO_CHG_ORD_H_XX QUERY=SYSADM.PS_PO_CHG_ORD_H_XX:"WHERE PSARCH_ID='PUR_POXX' AND PSARCH_BATCHNUM||PSARCH_ID IN (SELECT PSARCH_BATCHNUM||PSARCH_ID FROM SYSADM.PSARCHBATCH WHERE PSARCH_DTTM >= '01-May-2023' AND PSARCH_DTTM < '01-Mar-2024')" TABLES=SYSADM.PS_PO_CHG_SHP_H_XX QUERY=SYSADM.PS_PO_CHG_SHP_H_XX:"WHERE PSARCH_ID='PUR_POXX' AND PSARCH_BATCHNUM||PSARCH_ID IN (SELECT PSARCH_BATCHNUM||PSARCH_ID FROM SYSADM.PSARCHBATCH WHERE PSARCH_DTTM >= '01-May-2023' AND PSARCH_DTTM < '01-Mar-2024')" TABLES=SYSADM.PS_PO_COMMENT_H_XX QUERY=SYSADM.PS_PO_COMMENT
Processing object type TABLE_EXPORT/TABLE/PROCACT_INSTANCE
Processing object type TABLE_EXPORT/TABLE/TABLE
Processing object type TABLE_EXPORT/TABLE/GRANT/OWNER_GRANT/OBJECT_GRANT
Processing object type TABLE_EXPORT/TABLE/TABLE_DATA
. . exported "SYSADM"."PS_PO_LN_DISTB_HXX"               12.23 KB       0 rows
. . exported "SYSADM"."PS_PO_LN_SHIP_H_XX"               12.07 KB       0 rows
. . exported "SYSADM"."PS_PO_LINE_H_XX"                  8.484 KB       0 rows
. . exported "SYSADM"."PS_PO_DFLTDSTB_HXX"               6.960 KB       0 rows
. . exported "SYSADM"."PS_PO_DFLT_TBL_HXX"               6.914 KB       0 rows
. . exported "SYSADM"."PS_PO_DISPATCH_HXX"               5.828 KB       0 rows
. . exported "SYSADM"."PS_PO_LNSHPMCH_HXX"               5.382 KB       0 rows
. . exported "SYSADM"."PS_PO_LNSHPSUT_HXX"               6.265 KB       0 rows
Processing object type TABLE_EXPORT/TABLE/INDEX/INDEX
. . exported "SYSADM"."PS_PO_HDR_EXS_H_XX"               5.492 KB       0 rows
. . exported "SYSADM"."PS_PO_CHG_HDR_H_XX"               5.781 KB       0 rows
. . exported "SYSADM"."PS_PO_CHG_SHP_H_XX"               5.882 KB       0 rows
. . exported "SYSADM"."PS_PO_CHG_ORD_H_XX"               5.085 KB       0 rows
. . exported "SYSADM"."PS_PO_HDR_H_XX"                   9.921 KB       0 rows
. . exported "SYSADM"."PS_PO_HDR_VAT_H_XX"               6.789 KB       0 rows
. . exported "SYSADM"."PS_PO_CHG_LN_H_XX"                5.843 KB       0 rows
. . exported "SYSADM"."PS_PO_EST_SHIP_HXX"               6.117 KB       0 rows
. . exported "SYSADM"."PS_PO_COMMENT_H_XX"               6.382 KB       0 rows
. . exported "SYSADM"."PS_PO_RC_WB_EX_HXX"               5.492 KB       0 rows
. . exported "SYSADM"."PS_PO_APPROVAL_HXX"                   0 KB       0 rows
. . exported "SYSADM"."PS_PO_CHG_ADDR_HXX"                   0 KB       0 rows
. . exported "SYSADM"."PS_PO_HDR_EMAL_HXX"                   0 KB       0 rows
. . exported "SYSADM"."PS_PO_ER_EMSGQ_HXX"               5.609 KB       0 rows
Master table "SYS"."SYS_EXPORT_TABLE_05" successfully loaded/unloaded
******************************************************************************
Dump file set for SYS.SYS_EXPORT_TABLE_05 is:
  /backup/data_arch/PUR_POXX/FS/PUR_POXX_11-12-2025_1995_2000_01-May-2023_01-Mar-2024_FS_01.dmp
  /backup/data_arch/PUR_POXX/FS/PUR_POXX_11-12-2025_1995_2000_01-May-2023_01-Mar-2024_FS_02.dmp
  /backup/data_arch/PUR_POXX/FS/PUR_POXX_11-12-2025_1995_2000_01-May-2023_01-Mar-2024_FS_03.dmp
  /backup/data_arch/PUR_POXX/FS/PUR_POXX_11-12-2025_1995_2000_01-May-2023_01-Mar-2024_FS_04.dmp
  /backup/data_arch/PUR_POXX/FS/PUR_POXX_11-12-2025_1995_2000_01-May-2023_01-Mar-2024_FS_05.dmp
  /backup/data_arch/PUR_POXX/FS/PUR_POXX_11-12-2025_1995_2000_01-May-2023_01-Mar-2024_FS_06.dmp
  /backup/data_arch/PUR_POXX/FS/PUR_POXX_11-12-2025_1995_2000_01-May-2023_01-Mar-2024_FS_07.dmp
  /backup/data_arch/PUR_POXX/FS/PUR_POXX_11-12-2025_1995_2000_01-May-2023_01-Mar-2024_FS_08.dmp
  /backup/data_arch/PUR_POXX/FS/PUR_POXX_11-12-2025_1995_2000_01-May-2023_01-Mar-2024_FS_09.dmp
  /backup/data_arch/PUR_POXX/FS/PUR_POXX_11-12-2025_1995_2000_01-May-2023_01-Mar-2024_FS_10.dmp
  /backup/data_arch/PUR_POXX/FS/PUR_POXX_11-12-2025_1995_2000_01-May-2023_01-Mar-2024_FS_11.dmp
  /backup/data_arch/PUR_POXX/FS/PUR_POXX_11-12-2025_1995_2000_01-May-2023_01-Mar-2024_FS_12.dmp
Job "SYS"."SYS_EXPORT_TABLE_05" successfully completed at Fri Dec 12 02:30:11 2025 elapsed 0 00:00:55

TEMPLATE_NAME:  PUR_POXX
Error Count:  0
CURRENT DATE:  2025/12/12
Insert Data into PS_DATAMIN_EXPF_XX.

1 row created.


Commit complete.

Successful Export: Insert Done.
Template FSPRD-PUR_POXX successfully Exported, started at  Fri Dec 12 02:29:15 EST 2025 and finished at Fri Dec 12 02:30:17 EST 2025
----------------------------------------------------------------------------------------
Finished export of Template : PUR_POXX
----------------------------------------------------------------------------------------
#########################################################################################
Beginning export of Template : PUR_RCXX
#########################################################################################
 
=> ( 1 ) RECV_COMNT_HXX : Get History Record Counts

1 row created.


Commit complete.

..Get TableSpace, Index & Index TableSpace

1 row created.


Commit complete.

=> ( 2 ) RECV_HDR_H_XX : Get History Record Counts

1 row created.


Commit complete.

..Get TableSpace, Index & Index TableSpace

3 rows created.


Commit complete.

=> ( 3 ) RECV_LNASET_HXX : Get History Record Counts

1 row created.


Commit complete.

..Get TableSpace, Index & Index TableSpace

1 row created.


Commit complete.

=> ( 4 ) RECV_LNDSTB_HXX : Get History Record Counts

1 row created.


Commit complete.

..Get TableSpace, Index & Index TableSpace

1 row created.


Commit complete.

=> ( 5 ) RECV_LNINSP_HXX : Get History Record Counts

1 row created.


Commit complete.

..Get TableSpace, Index & Index TableSpace

2 rows created.


Commit complete.

=> ( 6 ) RECV_LNSHMT_HXX : Get History Record Counts

1 row created.


Commit complete.

..Get TableSpace, Index & Index TableSpace

1 row created.


Commit complete.

=> ( 7 ) RECV_LN_SHP_HXX : Get History Record Counts

1 row created.


Commit complete.

..Get TableSpace, Index & Index TableSpace

2 rows created.


Commit complete.


Export: Release 19.0.0.0.0 - Production on Fri Dec 12 02:30:20 2025
Version 19.27.0.0.0

Copyright (c) 1982, 2019, Oracle and/or its affiliates.  All rights reserved.

Connected to: Oracle Database 19c Enterprise Edition Release 19.0.0.0.0 - Production
FLASHBACK automatically enabled to preserve database integrity.
Starting "SYS"."SYS_EXPORT_TABLE_05":  userid="/******** AS SYSDBA" directory=PUR_RCXX_FS dumpfile=PUR_RCXX_11-12-2025_1995_2000_01-May-2023_01-Mar-2024_FS_%U.dmp logfile=PUR_RCXX_11-12-2025_1995_2000_01-May-2023_01-Mar-2024_FS.log parallel=18 EXCLUDE=statistics EXCLUDE=TRIGGER ENCRYPTION=ALL ENCRYPTION_MODE=DUAL ENCRYPTION_ALGORITHM=AES256 ENCRYPTION_PASSWORD=******** FILESIZE=10G COMPRESSION=ALL TABLES=SYSADM.PS_RECV_COMNT_HXX QUERY=SYSADM.PS_RECV_COMNT_HXX:"WHERE PSARCH_ID='PUR_RCXX' AND PSARCH_BATCHNUM||PSARCH_ID IN (SELECT PSARCH_BATCHNUM||PSARCH_ID FROM SYSADM.PSARCHBATCH WHERE PSARCH_DTTM >= '01-May-2023' AND PSARCH_DTTM < '01-Mar-2024')" TABLES=SYSADM.PS_RECV_HDR_H_XX QUERY=SYSADM.PS_RECV_HDR_H_XX:"WHERE PSARCH_ID='PUR_RCXX' AND PSARCH_BATCHNUM||PSARCH_ID IN (SELECT PSARCH_BATCHNUM||PSARCH_ID FROM SYSADM.PSARCHBATCH WHERE PSARCH_DTTM >= '01-May-2023' AND PSARCH_DTTM < '01-Mar-2024')" TABLES=SYSADM.PS_RECV_LNASET_HXX QUERY=SYSADM.PS_RECV_LNASET_HXX:"WHERE PSARCH_ID='PUR_RCXX' AND PSARCH_BATCHNUM||PSARCH_ID IN (SELECT PSARCH_BATCHNUM||PSARCH_ID FROM SYSADM.PSARCHBATCH WHERE PSARCH_DTTM >= '01-May-2023' AND PSARCH_DTTM < '01-Mar-2024')" TABLES=SYSADM.PS_RECV_LNDSTB_HXX QUERY=SYSADM.PS_RECV_LNDSTB_HXX:"WHERE PSARCH_ID='PUR_RCXX' AND PSARCH_BATCHNUM||PSARCH_ID IN (SELECT PSARCH_BATCHNUM||PSARCH_ID FROM SYSADM.PSARCHBATCH WHERE PSARCH_DTTM >= '01-May-2023' AND PSARCH_DTTM < '01-Mar-2024')" TABLES=SYSADM.PS_RECV_LNINSP_HXX QUERY=SYSADM.PS_RECV_LNINSP_HXX:"WHERE PSARCH_ID='PUR_RCXX' AND PSARCH_BATCHNUM||PSARCH_ID IN (SELECT PSARCH_BATCHNUM||PSARCH_ID FROM SYSADM.PSARCHBATCH WHERE PSARCH_DTTM >= '01-May-2023' AND PSARCH_DTTM < '01-Mar-2024')" TABLES=SYSADM.PS_RECV_LNSHMT_HXX QUERY=SYSADM.PS_RECV_LNSHMT_HXX:"WHERE PSARCH_ID='PUR_RCXX' AND PSARCH_BATCHNUM||PSARCH_ID IN (SELECT PSARCH_BATCHNUM||PSARCH_ID FROM SYSADM.PSARCHBATCH WHERE PSARCH_DTTM >= '01-May-2023' AND PSARCH_DTTM < '01-Mar-2024')" TABLES=SYSADM.PS_RECV_LN_SHP_HXX QUERY=SYSADM.PS_RECV_LN_SHP_HX
Processing object type TABLE_EXPORT/TABLE/PROCACT_INSTANCE
Processing object type TABLE_EXPORT/TABLE/TABLE
Processing object type TABLE_EXPORT/TABLE/GRANT/OWNER_GRANT/OBJECT_GRANT
Processing object type TABLE_EXPORT/TABLE/TABLE_DATA
. . exported "SYSADM"."PS_RECV_LNDSTB_HXX"               9.515 KB       0 rows
. . exported "SYSADM"."PS_RECV_LN_SHP_HXX"               11.67 KB       0 rows
. . exported "SYSADM"."PS_RECV_HDR_H_XX"                 8.117 KB       0 rows
. . exported "SYSADM"."PS_RECV_LNINSP_HXX"               5.757 KB       0 rows
. . exported "SYSADM"."PS_RECV_LNSHMT_HXX"               5.375 KB       0 rows
. . exported "SYSADM"."PS_RECV_COMNT_HXX"                6.414 KB       0 rows
. . exported "SYSADM"."PS_RECV_LNASET_HXX"               8.289 KB       0 rows
Processing object type TABLE_EXPORT/TABLE/INDEX/INDEX
Master table "SYS"."SYS_EXPORT_TABLE_05" successfully loaded/unloaded
******************************************************************************
Dump file set for SYS.SYS_EXPORT_TABLE_05 is:
  /backup/data_arch/PUR_RCXX/FS/PUR_RCXX_11-12-2025_1995_2000_01-May-2023_01-Mar-2024_FS_01.dmp
  /backup/data_arch/PUR_RCXX/FS/PUR_RCXX_11-12-2025_1995_2000_01-May-2023_01-Mar-2024_FS_02.dmp
  /backup/data_arch/PUR_RCXX/FS/PUR_RCXX_11-12-2025_1995_2000_01-May-2023_01-Mar-2024_FS_03.dmp
  /backup/data_arch/PUR_RCXX/FS/PUR_RCXX_11-12-2025_1995_2000_01-May-2023_01-Mar-2024_FS_04.dmp
  /backup/data_arch/PUR_RCXX/FS/PUR_RCXX_11-12-2025_1995_2000_01-May-2023_01-Mar-2024_FS_05.dmp
  /backup/data_arch/PUR_RCXX/FS/PUR_RCXX_11-12-2025_1995_2000_01-May-2023_01-Mar-2024_FS_06.dmp
  /backup/data_arch/PUR_RCXX/FS/PUR_RCXX_11-12-2025_1995_2000_01-May-2023_01-Mar-2024_FS_07.dmp
  /backup/data_arch/PUR_RCXX/FS/PUR_RCXX_11-12-2025_1995_2000_01-May-2023_01-Mar-2024_FS_08.dmp
  /backup/data_arch/PUR_RCXX/FS/PUR_RCXX_11-12-2025_1995_2000_01-May-2023_01-Mar-2024_FS_09.dmp
  /backup/data_arch/PUR_RCXX/FS/PUR_RCXX_11-12-2025_1995_2000_01-May-2023_01-Mar-2024_FS_10.dmp
  /backup/data_arch/PUR_RCXX/FS/PUR_RCXX_11-12-2025_1995_2000_01-May-2023_01-Mar-2024_FS_11.dmp
Job "SYS"."SYS_EXPORT_TABLE_05" successfully completed at Fri Dec 12 02:31:27 2025 elapsed 0 00:01:07

TEMPLATE_NAME:  PUR_RCXX
Error Count:  0
CURRENT DATE:  2025/12/12
Insert Data into PS_DATAMIN_EXPF_XX.

1 row created.


Commit complete.

Successful Export: Insert Done.
Template FSPRD-PUR_RCXX successfully Exported, started at  Fri Dec 12 02:30:20 EST 2025 and finished at Fri Dec 12 02:31:29 EST 2025
----------------------------------------------------------------------------------------
Finished export of Template : PUR_RCXX
----------------------------------------------------------------------------------------
#########################################################################################
Beginning export of Template : PYMT_AUD
#########################################################################################
 
=> ( 1 ) AP_PYMT_AUD_ARC : Get History Record Counts

1 row created.


Commit complete.

..Get TableSpace, Index & Index TableSpace

1 row created.


Commit complete.


Export: Release 19.0.0.0.0 - Production on Fri Dec 12 02:31:31 2025
Version 19.27.0.0.0

Copyright (c) 1982, 2019, Oracle and/or its affiliates.  All rights reserved.

Connected to: Oracle Database 19c Enterprise Edition Release 19.0.0.0.0 - Production
FLASHBACK automatically enabled to preserve database integrity.
Starting "SYS"."SYS_EXPORT_TABLE_05":  userid="/******** AS SYSDBA" directory=PYMT_AUD_FS dumpfile=PYMT_AUD_11-12-2025_1995_2000_01-May-2023_01-Mar-2024_FS_%U.dmp logfile=PYMT_AUD_11-12-2025_1995_2000_01-May-2023_01-Mar-2024_FS.log parallel=18 EXCLUDE=statistics EXCLUDE=TRIGGER ENCRYPTION=ALL ENCRYPTION_MODE=DUAL ENCRYPTION_ALGORITHM=AES256 ENCRYPTION_PASSWORD=******** FILESIZE=10G COMPRESSION=ALL TABLES=SYSADM.PS_AP_PYMT_AUD_ARC QUERY=SYSADM.PS_AP_PYMT_AUD_ARC:"WHERE PSARCH_ID='PYMT_AUD' AND PSARCH_BATCHNUM||PSARCH_ID IN (SELECT PSARCH_BATCHNUM||PSARCH_ID FROM SYSADM.PSARCHBATCH WHERE PSARCH_DTTM >= '01-May-2023' AND PSARCH_DTTM < '01-Mar-2024')" 
Processing object type TABLE_EXPORT/TABLE/PROCACT_INSTANCE
Processing object type TABLE_EXPORT/TABLE/TABLE
Processing object type TABLE_EXPORT/TABLE/INDEX/FUNCTIONAL_INDEX/INDEX
Processing object type TABLE_EXPORT/TABLE/GRANT/OWNER_GRANT/OBJECT_GRANT
Processing object type TABLE_EXPORT/TABLE/TABLE_DATA
. . exported "SYSADM"."PS_AP_PYMT_AUD_ARC"               5.882 KB       0 rows
Master table "SYS"."SYS_EXPORT_TABLE_05" successfully loaded/unloaded
******************************************************************************
Dump file set for SYS.SYS_EXPORT_TABLE_05 is:
  /backup/data_arch/PYMT_AUD/FS/PYMT_AUD_11-12-2025_1995_2000_01-May-2023_01-Mar-2024_FS_01.dmp
  /backup/data_arch/PYMT_AUD/FS/PYMT_AUD_11-12-2025_1995_2000_01-May-2023_01-Mar-2024_FS_02.dmp
  /backup/data_arch/PYMT_AUD/FS/PYMT_AUD_11-12-2025_1995_2000_01-May-2023_01-Mar-2024_FS_03.dmp
  /backup/data_arch/PYMT_AUD/FS/PYMT_AUD_11-12-2025_1995_2000_01-May-2023_01-Mar-2024_FS_04.dmp
  /backup/data_arch/PYMT_AUD/FS/PYMT_AUD_11-12-2025_1995_2000_01-May-2023_01-Mar-2024_FS_05.dmp
  /backup/data_arch/PYMT_AUD/FS/PYMT_AUD_11-12-2025_1995_2000_01-May-2023_01-Mar-2024_FS_06.dmp
  /backup/data_arch/PYMT_AUD/FS/PYMT_AUD_11-12-2025_1995_2000_01-May-2023_01-Mar-2024_FS_07.dmp
  /backup/data_arch/PYMT_AUD/FS/PYMT_AUD_11-12-2025_1995_2000_01-May-2023_01-Mar-2024_FS_08.dmp
  /backup/data_arch/PYMT_AUD/FS/PYMT_AUD_11-12-2025_1995_2000_01-May-2023_01-Mar-2024_FS_09.dmp
  /backup/data_arch/PYMT_AUD/FS/PYMT_AUD_11-12-2025_1995_2000_01-May-2023_01-Mar-2024_FS_10.dmp
Job "SYS"."SYS_EXPORT_TABLE_05" successfully completed at Fri Dec 12 02:32:22 2025 elapsed 0 00:00:51

TEMPLATE_NAME:  PYMT_AUD
Error Count:  0
CURRENT DATE:  2025/12/12
Insert Data into PS_DATAMIN_EXPF_XX.

1 row created.


Commit complete.

Successful Export: Insert Done.
Template FSPRD-PYMT_AUD successfully Exported, started at  Fri Dec 12 02:31:30 EST 2025 and finished at Fri Dec 12 02:32:25 EST 2025
----------------------------------------------------------------------------------------
Finished export of Template : PYMT_AUD
----------------------------------------------------------------------------------------
#########################################################################################
Beginning export of Template : RS_SCHXX
#########################################################################################
 
=> ( 1 ) RS_SCHED_TASK_H : Get History Record Counts

1 row created.


Commit complete.

..Get TableSpace, Index & Index TableSpace

1 row created.


Commit complete.


Export: Release 19.0.0.0.0 - Production on Fri Dec 12 02:32:25 2025
Version 19.27.0.0.0

Copyright (c) 1982, 2019, Oracle and/or its affiliates.  All rights reserved.

Connected to: Oracle Database 19c Enterprise Edition Release 19.0.0.0.0 - Production
FLASHBACK automatically enabled to preserve database integrity.
Starting "SYS"."SYS_EXPORT_TABLE_05":  userid="/******** AS SYSDBA" directory=RS_SCHXX_FS dumpfile=RS_SCHXX_11-12-2025_1995_2000_01-May-2023_01-Mar-2024_FS_%U.dmp logfile=RS_SCHXX_11-12-2025_1995_2000_01-May-2023_01-Mar-2024_FS.log parallel=18 EXCLUDE=statistics EXCLUDE=TRIGGER ENCRYPTION=ALL ENCRYPTION_MODE=DUAL ENCRYPTION_ALGORITHM=AES256 ENCRYPTION_PASSWORD=******** FILESIZE=10G COMPRESSION=ALL TABLES=SYSADM.PS_RS_SCHED_TASK_H QUERY=SYSADM.PS_RS_SCHED_TASK_H:"WHERE PSARCH_ID='RS_SCHXX' AND PSARCH_BATCHNUM||PSARCH_ID IN (SELECT PSARCH_BATCHNUM||PSARCH_ID FROM SYSADM.PSARCHBATCH WHERE PSARCH_DTTM >= '01-May-2023' AND PSARCH_DTTM < '01-Mar-2024')" 
Processing object type TABLE_EXPORT/TABLE/PROCACT_INSTANCE
Processing object type TABLE_EXPORT/TABLE/TABLE
Processing object type TABLE_EXPORT/TABLE/GRANT/OWNER_GRANT/OBJECT_GRANT
Processing object type TABLE_EXPORT/TABLE/TABLE_DATA
. . exported "SYSADM"."PS_RS_SCHED_TASK_H"                   0 KB       0 rows
Processing object type TABLE_EXPORT/TABLE/INDEX/INDEX
Master table "SYS"."SYS_EXPORT_TABLE_05" successfully loaded/unloaded
******************************************************************************
Dump file set for SYS.SYS_EXPORT_TABLE_05 is:
  /backup/data_arch/RS_SCHXX/FS/RS_SCHXX_11-12-2025_1995_2000_01-May-2023_01-Mar-2024_FS_01.dmp
  /backup/data_arch/RS_SCHXX/FS/RS_SCHXX_11-12-2025_1995_2000_01-May-2023_01-Mar-2024_FS_02.dmp
  /backup/data_arch/RS_SCHXX/FS/RS_SCHXX_11-12-2025_1995_2000_01-May-2023_01-Mar-2024_FS_03.dmp
  /backup/data_arch/RS_SCHXX/FS/RS_SCHXX_11-12-2025_1995_2000_01-May-2023_01-Mar-2024_FS_04.dmp
  /backup/data_arch/RS_SCHXX/FS/RS_SCHXX_11-12-2025_1995_2000_01-May-2023_01-Mar-2024_FS_05.dmp
  /backup/data_arch/RS_SCHXX/FS/RS_SCHXX_11-12-2025_1995_2000_01-May-2023_01-Mar-2024_FS_06.dmp
  /backup/data_arch/RS_SCHXX/FS/RS_SCHXX_11-12-2025_1995_2000_01-May-2023_01-Mar-2024_FS_07.dmp
  /backup/data_arch/RS_SCHXX/FS/RS_SCHXX_11-12-2025_1995_2000_01-May-2023_01-Mar-2024_FS_08.dmp
  /backup/data_arch/RS_SCHXX/FS/RS_SCHXX_11-12-2025_1995_2000_01-May-2023_01-Mar-2024_FS_09.dmp
Job "SYS"."SYS_EXPORT_TABLE_05" successfully completed at Fri Dec 12 02:33:18 2025 elapsed 0 00:00:51

TEMPLATE_NAME:  RS_SCHXX
Error Count:  0
CURRENT DATE:  2025/12/12
Insert Data into PS_DATAMIN_EXPF_XX.

1 row created.


Commit complete.

Successful Export: Insert Done.
Template FSPRD-RS_SCHXX successfully Exported, started at  Fri Dec 12 02:32:25 EST 2025 and finished at Fri Dec 12 02:33:23 EST 2025
----------------------------------------------------------------------------------------
Finished export of Template : RS_SCHXX
----------------------------------------------------------------------------------------
#########################################################################################
Beginning export of Template : TLRTS_XX
#########################################################################################
 
=> ( 1 ) TLRTSACTXX_H_XX : Get History Record Counts

1 row created.


Commit complete.

..Get TableSpace, Index & Index TableSpace

1 row created.


Commit complete.

=> ( 2 ) TLRTSPRJXX_H_XX : Get History Record Counts

1 row created.


Commit complete.

..Get TableSpace, Index & Index TableSpace

1 row created.


Commit complete.

=> ( 3 ) TLRTSTRCXX_H_XX : Get History Record Counts

1 row created.


Commit complete.

..Get TableSpace, Index & Index TableSpace

1 row created.


Commit complete.


Export: Release 19.0.0.0.0 - Production on Fri Dec 12 02:33:24 2025
Version 19.27.0.0.0

Copyright (c) 1982, 2019, Oracle and/or its affiliates.  All rights reserved.

Connected to: Oracle Database 19c Enterprise Edition Release 19.0.0.0.0 - Production
FLASHBACK automatically enabled to preserve database integrity.
Starting "SYS"."SYS_EXPORT_TABLE_05":  userid="/******** AS SYSDBA" directory=TLRTS_XX_FS dumpfile=TLRTS_XX_11-12-2025_1995_2000_01-May-2023_01-Mar-2024_FS_%U.dmp logfile=TLRTS_XX_11-12-2025_1995_2000_01-May-2023_01-Mar-2024_FS.log parallel=18 EXCLUDE=statistics EXCLUDE=TRIGGER ENCRYPTION=ALL ENCRYPTION_MODE=DUAL ENCRYPTION_ALGORITHM=AES256 ENCRYPTION_PASSWORD=******** FILESIZE=10G COMPRESSION=ALL TABLES=SYSADM.PS_TLRTSACTXX_H_XX QUERY=SYSADM.PS_TLRTSACTXX_H_XX:"WHERE PSARCH_ID='TLRTS_XX' AND PSARCH_BATCHNUM||PSARCH_ID IN (SELECT PSARCH_BATCHNUM||PSARCH_ID FROM SYSADM.PSARCHBATCH WHERE PSARCH_DTTM >= '01-May-2023' AND PSARCH_DTTM < '01-Mar-2024')" TABLES=SYSADM.PS_TLRTSPRJXX_H_XX QUERY=SYSADM.PS_TLRTSPRJXX_H_XX:"WHERE PSARCH_ID='TLRTS_XX' AND PSARCH_BATCHNUM||PSARCH_ID IN (SELECT PSARCH_BATCHNUM||PSARCH_ID FROM SYSADM.PSARCHBATCH WHERE PSARCH_DTTM >= '01-May-2023' AND PSARCH_DTTM < '01-Mar-2024')" TABLES=SYSADM.PS_TLRTSTRCXX_H_XX QUERY=SYSADM.PS_TLRTSTRCXX_H_XX:"WHERE PSARCH_ID='TLRTS_XX' AND PSARCH_BATCHNUM||PSARCH_ID IN (SELECT PSARCH_BATCHNUM||PSARCH_ID FROM SYSADM.PSARCHBATCH WHERE PSARCH_DTTM >= '01-May-2023' AND PSARCH_DTTM < '01-Mar-2024')" 
Processing object type TABLE_EXPORT/TABLE/PROCACT_INSTANCE
Processing object type TABLE_EXPORT/TABLE/TABLE
Processing object type TABLE_EXPORT/TABLE/GRANT/OWNER_GRANT/OBJECT_GRANT
Processing object type TABLE_EXPORT/TABLE/TABLE_DATA
. . exported "SYSADM"."PS_TLRTSACTXX_H_XX"                   0 KB       0 rows
. . exported "SYSADM"."PS_TLRTSPRJXX_H_XX"                   0 KB       0 rows
. . exported "SYSADM"."PS_TLRTSTRCXX_H_XX"                   0 KB       0 rows
Processing object type TABLE_EXPORT/TABLE/INDEX/INDEX
Master table "SYS"."SYS_EXPORT_TABLE_05" successfully loaded/unloaded
******************************************************************************
Dump file set for SYS.SYS_EXPORT_TABLE_05 is:
  /backup/data_arch/TLRTS_XX/FS/TLRTS_XX_11-12-2025_1995_2000_01-May-2023_01-Mar-2024_FS_01.dmp
  /backup/data_arch/TLRTS_XX/FS/TLRTS_XX_11-12-2025_1995_2000_01-May-2023_01-Mar-2024_FS_02.dmp
  /backup/data_arch/TLRTS_XX/FS/TLRTS_XX_11-12-2025_1995_2000_01-May-2023_01-Mar-2024_FS_03.dmp
  /backup/data_arch/TLRTS_XX/FS/TLRTS_XX_11-12-2025_1995_2000_01-May-2023_01-Mar-2024_FS_04.dmp
  /backup/data_arch/TLRTS_XX/FS/TLRTS_XX_11-12-2025_1995_2000_01-May-2023_01-Mar-2024_FS_05.dmp
  /backup/data_arch/TLRTS_XX/FS/TLRTS_XX_11-12-2025_1995_2000_01-May-2023_01-Mar-2024_FS_06.dmp
  /backup/data_arch/TLRTS_XX/FS/TLRTS_XX_11-12-2025_1995_2000_01-May-2023_01-Mar-2024_FS_07.dmp
  /backup/data_arch/TLRTS_XX/FS/TLRTS_XX_11-12-2025_1995_2000_01-May-2023_01-Mar-2024_FS_08.dmp
  /backup/data_arch/TLRTS_XX/FS/TLRTS_XX_11-12-2025_1995_2000_01-May-2023_01-Mar-2024_FS_09.dmp
Job "SYS"."SYS_EXPORT_TABLE_05" successfully completed at Fri Dec 12 02:34:17 2025 elapsed 0 00:00:52

TEMPLATE_NAME:  TLRTS_XX
Error Count:  0
CURRENT DATE:  2025/12/12
Insert Data into PS_DATAMIN_EXPF_XX.

1 row created.


Commit complete.

Successful Export: Insert Done.
Template FSPRD-TLRTS_XX successfully Exported, started at  Fri Dec 12 02:33:24 EST 2025 and finished at Fri Dec 12 02:34:23 EST 2025
----------------------------------------------------------------------------------------
Finished export of Template : TLRTS_XX
----------------------------------------------------------------------------------------
#########################################################################################
Beginning export of Template : VCHAUDXX
#########################################################################################
 
=> ( 1 ) AP_VCHR_AUD_ARC : Get History Record Counts

1 row created.


Commit complete.

..Get TableSpace, Index & Index TableSpace

1 row created.


Commit complete.


Export: Release 19.0.0.0.0 - Production on Fri Dec 12 02:34:23 2025
Version 19.27.0.0.0

Copyright (c) 1982, 2019, Oracle and/or its affiliates.  All rights reserved.

Connected to: Oracle Database 19c Enterprise Edition Release 19.0.0.0.0 - Production
FLASHBACK automatically enabled to preserve database integrity.
Starting "SYS"."SYS_EXPORT_TABLE_05":  userid="/******** AS SYSDBA" directory=VCHAUDXX_FS dumpfile=VCHAUDXX_11-12-2025_1995_2000_01-May-2023_01-Mar-2024_FS_%U.dmp logfile=VCHAUDXX_11-12-2025_1995_2000_01-May-2023_01-Mar-2024_FS.log parallel=18 EXCLUDE=statistics EXCLUDE=TRIGGER ENCRYPTION=ALL ENCRYPTION_MODE=DUAL ENCRYPTION_ALGORITHM=AES256 ENCRYPTION_PASSWORD=******** FILESIZE=10G COMPRESSION=ALL TABLES=SYSADM.PS_AP_VCHR_AUD_ARC QUERY=SYSADM.PS_AP_VCHR_AUD_ARC:"WHERE PSARCH_ID='VCHAUDXX' AND PSARCH_BATCHNUM||PSARCH_ID IN (SELECT PSARCH_BATCHNUM||PSARCH_ID FROM SYSADM.PSARCHBATCH WHERE PSARCH_DTTM >= '01-May-2023' AND PSARCH_DTTM < '01-Mar-2024')" 
Processing object type TABLE_EXPORT/TABLE/PROCACT_INSTANCE
Processing object type TABLE_EXPORT/TABLE/TABLE
Processing object type TABLE_EXPORT/TABLE/INDEX/FUNCTIONAL_INDEX/INDEX
Processing object type TABLE_EXPORT/TABLE/GRANT/OWNER_GRANT/OBJECT_GRANT
Processing object type TABLE_EXPORT/TABLE/TABLE_DATA
. . exported "SYSADM"."PS_AP_VCHR_AUD_ARC"               5.796 KB       0 rows
Master table "SYS"."SYS_EXPORT_TABLE_05" successfully loaded/unloaded
******************************************************************************
Dump file set for SYS.SYS_EXPORT_TABLE_05 is:
  /backup/data_arch/VCHAUDXX/FS/VCHAUDXX_11-12-2025_1995_2000_01-May-2023_01-Mar-2024_FS_01.dmp
  /backup/data_arch/VCHAUDXX/FS/VCHAUDXX_11-12-2025_1995_2000_01-May-2023_01-Mar-2024_FS_02.dmp
  /backup/data_arch/VCHAUDXX/FS/VCHAUDXX_11-12-2025_1995_2000_01-May-2023_01-Mar-2024_FS_03.dmp
  /backup/data_arch/VCHAUDXX/FS/VCHAUDXX_11-12-2025_1995_2000_01-May-2023_01-Mar-2024_FS_04.dmp
  /backup/data_arch/VCHAUDXX/FS/VCHAUDXX_11-12-2025_1995_2000_01-May-2023_01-Mar-2024_FS_05.dmp
  /backup/data_arch/VCHAUDXX/FS/VCHAUDXX_11-12-2025_1995_2000_01-May-2023_01-Mar-2024_FS_06.dmp
  /backup/data_arch/VCHAUDXX/FS/VCHAUDXX_11-12-2025_1995_2000_01-May-2023_01-Mar-2024_FS_07.dmp
  /backup/data_arch/VCHAUDXX/FS/VCHAUDXX_11-12-2025_1995_2000_01-May-2023_01-Mar-2024_FS_08.dmp
  /backup/data_arch/VCHAUDXX/FS/VCHAUDXX_11-12-2025_1995_2000_01-May-2023_01-Mar-2024_FS_09.dmp
  /backup/data_arch/VCHAUDXX/FS/VCHAUDXX_11-12-2025_1995_2000_01-May-2023_01-Mar-2024_FS_10.dmp
Job "SYS"."SYS_EXPORT_TABLE_05" successfully completed at Fri Dec 12 02:35:15 2025 elapsed 0 00:00:51

TEMPLATE_NAME:  VCHAUDXX
Error Count:  0
CURRENT DATE:  2025/12/12
Insert Data into PS_DATAMIN_EXPF_XX.

1 row created.


Commit complete.

Successful Export: Insert Done.
Template FSPRD-VCHAUDXX successfully Exported, started at  Fri Dec 12 02:34:23 EST 2025 and finished at Fri Dec 12 02:35:18 EST 2025
----------------------------------------------------------------------------------------
Finished export of Template : VCHAUDXX
----------------------------------------------------------------------------------------
#########################################################################################
Beginning export of Template : VMSCSTXX
#########################################################################################
 
=> ( 1 ) VMSSRCCNLX_H_XX : Get History Record Counts

1 row created.


Commit complete.

..Get TableSpace, Index & Index TableSpace

1 row created.


Commit complete.


Export: Release 19.0.0.0.0 - Production on Fri Dec 12 02:35:18 2025
Version 19.27.0.0.0

Copyright (c) 1982, 2019, Oracle and/or its affiliates.  All rights reserved.

Connected to: Oracle Database 19c Enterprise Edition Release 19.0.0.0.0 - Production
FLASHBACK automatically enabled to preserve database integrity.
Starting "SYS"."SYS_EXPORT_TABLE_05":  userid="/******** AS SYSDBA" directory=VMSCSTXX_FS dumpfile=VMSCSTXX_11-12-2025_1995_2000_01-May-2023_01-Mar-2024_FS_%U.dmp logfile=VMSCSTXX_11-12-2025_1995_2000_01-May-2023_01-Mar-2024_FS.log parallel=18 EXCLUDE=statistics EXCLUDE=TRIGGER ENCRYPTION=ALL ENCRYPTION_MODE=DUAL ENCRYPTION_ALGORITHM=AES256 ENCRYPTION_PASSWORD=******** FILESIZE=10G COMPRESSION=ALL TABLES=SYSADM.PS_VMSSRCCNLX_H_XX QUERY=SYSADM.PS_VMSSRCCNLX_H_XX:"WHERE PSARCH_ID='VMSCSTXX' AND PSARCH_BATCHNUM||PSARCH_ID IN (SELECT PSARCH_BATCHNUM||PSARCH_ID FROM SYSADM.PSARCHBATCH WHERE PSARCH_DTTM >= '01-May-2023' AND PSARCH_DTTM < '01-Mar-2024')" 
Processing object type TABLE_EXPORT/TABLE/PROCACT_INSTANCE
Processing object type TABLE_EXPORT/TABLE/TABLE
Processing object type TABLE_EXPORT/TABLE/GRANT/OWNER_GRANT/OBJECT_GRANT
Processing object type TABLE_EXPORT/TABLE/TABLE_DATA
. . exported "SYSADM"."PS_VMSSRCCNLX_H_XX"                   0 KB       0 rows
Processing object type TABLE_EXPORT/TABLE/INDEX/INDEX
Master table "SYS"."SYS_EXPORT_TABLE_05" successfully loaded/unloaded
******************************************************************************
Dump file set for SYS.SYS_EXPORT_TABLE_05 is:
  /backup/data_arch/VMSCSTXX/FS/VMSCSTXX_11-12-2025_1995_2000_01-May-2023_01-Mar-2024_FS_01.dmp
  /backup/data_arch/VMSCSTXX/FS/VMSCSTXX_11-12-2025_1995_2000_01-May-2023_01-Mar-2024_FS_02.dmp
  /backup/data_arch/VMSCSTXX/FS/VMSCSTXX_11-12-2025_1995_2000_01-May-2023_01-Mar-2024_FS_03.dmp
  /backup/data_arch/VMSCSTXX/FS/VMSCSTXX_11-12-2025_1995_2000_01-May-2023_01-Mar-2024_FS_04.dmp
  /backup/data_arch/VMSCSTXX/FS/VMSCSTXX_11-12-2025_1995_2000_01-May-2023_01-Mar-2024_FS_05.dmp
  /backup/data_arch/VMSCSTXX/FS/VMSCSTXX_11-12-2025_1995_2000_01-May-2023_01-Mar-2024_FS_06.dmp
  /backup/data_arch/VMSCSTXX/FS/VMSCSTXX_11-12-2025_1995_2000_01-May-2023_01-Mar-2024_FS_07.dmp
  /backup/data_arch/VMSCSTXX/FS/VMSCSTXX_11-12-2025_1995_2000_01-May-2023_01-Mar-2024_FS_08.dmp
  /backup/data_arch/VMSCSTXX/FS/VMSCSTXX_11-12-2025_1995_2000_01-May-2023_01-Mar-2024_FS_09.dmp
Job "SYS"."SYS_EXPORT_TABLE_05" successfully completed at Fri Dec 12 02:36:09 2025 elapsed 0 00:00:50

TEMPLATE_NAME:  VMSCSTXX
Error Count:  0
CURRENT DATE:  2025/12/12
Insert Data into PS_DATAMIN_EXPF_XX.

1 row created.


Commit complete.

Successful Export: Insert Done.
Template FSPRD-VMSCSTXX successfully Exported, started at  Fri Dec 12 02:35:18 EST 2025 and finished at Fri Dec 12 02:36:13 EST 2025
----------------------------------------------------------------------------------------
Finished export of Template : VMSCSTXX
----------------------------------------------------------------------------------------
#########################################################################################
Beginning export of Template : VMSCTRXX
#########################################################################################
 
=> ( 1 ) VMSTRNCNLX_H_XX : Get History Record Counts

1 row created.


Commit complete.

..Get TableSpace, Index & Index TableSpace

1 row created.


Commit complete.


Export: Release 19.0.0.0.0 - Production on Fri Dec 12 02:36:14 2025
Version 19.27.0.0.0

Copyright (c) 1982, 2019, Oracle and/or its affiliates.  All rights reserved.

Connected to: Oracle Database 19c Enterprise Edition Release 19.0.0.0.0 - Production
FLASHBACK automatically enabled to preserve database integrity.
Starting "SYS"."SYS_EXPORT_TABLE_05":  userid="/******** AS SYSDBA" directory=VMSCTRXX_FS dumpfile=VMSCTRXX_11-12-2025_1995_2000_01-May-2023_01-Mar-2024_FS_%U.dmp logfile=VMSCTRXX_11-12-2025_1995_2000_01-May-2023_01-Mar-2024_FS.log parallel=18 EXCLUDE=statistics EXCLUDE=TRIGGER ENCRYPTION=ALL ENCRYPTION_MODE=DUAL ENCRYPTION_ALGORITHM=AES256 ENCRYPTION_PASSWORD=******** FILESIZE=10G COMPRESSION=ALL TABLES=SYSADM.PS_VMSTRNCNLX_H_XX QUERY=SYSADM.PS_VMSTRNCNLX_H_XX:"WHERE PSARCH_ID='VMSCTRXX' AND PSARCH_BATCHNUM||PSARCH_ID IN (SELECT PSARCH_BATCHNUM||PSARCH_ID FROM SYSADM.PSARCHBATCH WHERE PSARCH_DTTM >= '01-May-2023' AND PSARCH_DTTM < '01-Mar-2024')" 
Processing object type TABLE_EXPORT/TABLE/PROCACT_INSTANCE
Processing object type TABLE_EXPORT/TABLE/TABLE
Processing object type TABLE_EXPORT/TABLE/GRANT/OWNER_GRANT/OBJECT_GRANT
Processing object type TABLE_EXPORT/TABLE/TABLE_DATA
. . exported "SYSADM"."PS_VMSTRNCNLX_H_XX"                   0 KB       0 rows
Processing object type TABLE_EXPORT/TABLE/INDEX/INDEX
Master table "SYS"."SYS_EXPORT_TABLE_05" successfully loaded/unloaded
******************************************************************************
Dump file set for SYS.SYS_EXPORT_TABLE_05 is:
  /backup/data_arch/VMSCTRXX/FS/VMSCTRXX_11-12-2025_1995_2000_01-May-2023_01-Mar-2024_FS_01.dmp
  /backup/data_arch/VMSCTRXX/FS/VMSCTRXX_11-12-2025_1995_2000_01-May-2023_01-Mar-2024_FS_02.dmp
  /backup/data_arch/VMSCTRXX/FS/VMSCTRXX_11-12-2025_1995_2000_01-May-2023_01-Mar-2024_FS_03.dmp
  /backup/data_arch/VMSCTRXX/FS/VMSCTRXX_11-12-2025_1995_2000_01-May-2023_01-Mar-2024_FS_04.dmp
  /backup/data_arch/VMSCTRXX/FS/VMSCTRXX_11-12-2025_1995_2000_01-May-2023_01-Mar-2024_FS_05.dmp
  /backup/data_arch/VMSCTRXX/FS/VMSCTRXX_11-12-2025_1995_2000_01-May-2023_01-Mar-2024_FS_06.dmp
  /backup/data_arch/VMSCTRXX/FS/VMSCTRXX_11-12-2025_1995_2000_01-May-2023_01-Mar-2024_FS_07.dmp
  /backup/data_arch/VMSCTRXX/FS/VMSCTRXX_11-12-2025_1995_2000_01-May-2023_01-Mar-2024_FS_08.dmp
  /backup/data_arch/VMSCTRXX/FS/VMSCTRXX_11-12-2025_1995_2000_01-May-2023_01-Mar-2024_FS_09.dmp
Job "SYS"."SYS_EXPORT_TABLE_05" successfully completed at Fri Dec 12 02:37:05 2025 elapsed 0 00:00:50

TEMPLATE_NAME:  VMSCTRXX
Error Count:  0
CURRENT DATE:  2025/12/12
Insert Data into PS_DATAMIN_EXPF_XX.

1 row created.


Commit complete.

Successful Export: Insert Done.
Template FSPRD-VMSCTRXX successfully Exported, started at  Fri Dec 12 02:36:14 EST 2025 and finished at Fri Dec 12 02:37:09 EST 2025
----------------------------------------------------------------------------------------
Finished export of Template : VMSCTRXX
----------------------------------------------------------------------------------------
#########################################################################################
Beginning export of Template : VMSSTRXX
#########################################################################################
 
=> ( 1 ) VMSSRCARCX_H_XX : Get History Record Counts

1 row created.


Commit complete.

..Get TableSpace, Index & Index TableSpace

1 row created.


Commit complete.


Export: Release 19.0.0.0.0 - Production on Fri Dec 12 02:37:10 2025
Version 19.27.0.0.0

Copyright (c) 1982, 2019, Oracle and/or its affiliates.  All rights reserved.

Connected to: Oracle Database 19c Enterprise Edition Release 19.0.0.0.0 - Production
FLASHBACK automatically enabled to preserve database integrity.
Starting "SYS"."SYS_EXPORT_TABLE_05":  userid="/******** AS SYSDBA" directory=VMSSTRXX_FS dumpfile=VMSSTRXX_11-12-2025_1995_2000_01-May-2023_01-Mar-2024_FS_%U.dmp logfile=VMSSTRXX_11-12-2025_1995_2000_01-May-2023_01-Mar-2024_FS.log parallel=18 EXCLUDE=statistics EXCLUDE=TRIGGER ENCRYPTION=ALL ENCRYPTION_MODE=DUAL ENCRYPTION_ALGORITHM=AES256 ENCRYPTION_PASSWORD=******** FILESIZE=10G COMPRESSION=ALL TABLES=SYSADM.PS_VMSSRCARCX_H_XX QUERY=SYSADM.PS_VMSSRCARCX_H_XX:"WHERE PSARCH_ID='VMSSTRXX' AND PSARCH_BATCHNUM||PSARCH_ID IN (SELECT PSARCH_BATCHNUM||PSARCH_ID FROM SYSADM.PSARCHBATCH WHERE PSARCH_DTTM >= '01-May-2023' AND PSARCH_DTTM < '01-Mar-2024')" 
Processing object type TABLE_EXPORT/TABLE/PROCACT_INSTANCE
Processing object type TABLE_EXPORT/TABLE/TABLE
Processing object type TABLE_EXPORT/TABLE/GRANT/OWNER_GRANT/OBJECT_GRANT
Processing object type TABLE_EXPORT/TABLE/TABLE_DATA
. . exported "SYSADM"."PS_VMSSRCARCX_H_XX"                   0 KB       0 rows
Processing object type TABLE_EXPORT/TABLE/INDEX/INDEX
Master table "SYS"."SYS_EXPORT_TABLE_05" successfully loaded/unloaded
******************************************************************************
Dump file set for SYS.SYS_EXPORT_TABLE_05 is:
  /backup/data_arch/VMSSTRXX/FS/VMSSTRXX_11-12-2025_1995_2000_01-May-2023_01-Mar-2024_FS_01.dmp
  /backup/data_arch/VMSSTRXX/FS/VMSSTRXX_11-12-2025_1995_2000_01-May-2023_01-Mar-2024_FS_02.dmp
  /backup/data_arch/VMSSTRXX/FS/VMSSTRXX_11-12-2025_1995_2000_01-May-2023_01-Mar-2024_FS_03.dmp
  /backup/data_arch/VMSSTRXX/FS/VMSSTRXX_11-12-2025_1995_2000_01-May-2023_01-Mar-2024_FS_04.dmp
  /backup/data_arch/VMSSTRXX/FS/VMSSTRXX_11-12-2025_1995_2000_01-May-2023_01-Mar-2024_FS_05.dmp
  /backup/data_arch/VMSSTRXX/FS/VMSSTRXX_11-12-2025_1995_2000_01-May-2023_01-Mar-2024_FS_06.dmp
  /backup/data_arch/VMSSTRXX/FS/VMSSTRXX_11-12-2025_1995_2000_01-May-2023_01-Mar-2024_FS_07.dmp
  /backup/data_arch/VMSSTRXX/FS/VMSSTRXX_11-12-2025_1995_2000_01-May-2023_01-Mar-2024_FS_08.dmp
  /backup/data_arch/VMSSTRXX/FS/VMSSTRXX_11-12-2025_1995_2000_01-May-2023_01-Mar-2024_FS_09.dmp
Job "SYS"."SYS_EXPORT_TABLE_05" successfully completed at Fri Dec 12 02:38:00 2025 elapsed 0 00:00:50

TEMPLATE_NAME:  VMSSTRXX
Error Count:  0
CURRENT DATE:  2025/12/12
Insert Data into PS_DATAMIN_EXPF_XX.

1 row created.


Commit complete.

Successful Export: Insert Done.
Template FSPRD-VMSSTRXX successfully Exported, started at  Fri Dec 12 02:37:10 EST 2025 and finished at Fri Dec 12 02:38:04 EST 2025
----------------------------------------------------------------------------------------
Finished export of Template : VMSSTRXX
----------------------------------------------------------------------------------------
#########################################################################################
Beginning export of Template : VMSTRNXX
#########################################################################################
 
=> ( 1 ) VMSTRNSHST_H_XX : Get History Record Counts

1 row created.


Commit complete.

..Get TableSpace, Index & Index TableSpace

1 row created.


Commit complete.


Export: Release 19.0.0.0.0 - Production on Fri Dec 12 02:38:05 2025
Version 19.27.0.0.0

Copyright (c) 1982, 2019, Oracle and/or its affiliates.  All rights reserved.

Connected to: Oracle Database 19c Enterprise Edition Release 19.0.0.0.0 - Production
FLASHBACK automatically enabled to preserve database integrity.
Starting "SYS"."SYS_EXPORT_TABLE_05":  userid="/******** AS SYSDBA" directory=VMSTRNXX_FS dumpfile=VMSTRNXX_11-12-2025_1995_2000_01-May-2023_01-Mar-2024_FS_%U.dmp logfile=VMSTRNXX_11-12-2025_1995_2000_01-May-2023_01-Mar-2024_FS.log parallel=18 EXCLUDE=statistics EXCLUDE=TRIGGER ENCRYPTION=ALL ENCRYPTION_MODE=DUAL ENCRYPTION_ALGORITHM=AES256 ENCRYPTION_PASSWORD=******** FILESIZE=10G COMPRESSION=ALL TABLES=SYSADM.PS_VMSTRNSHST_H_XX QUERY=SYSADM.PS_VMSTRNSHST_H_XX:"WHERE PSARCH_ID='VMSTRNXX' AND PSARCH_BATCHNUM||PSARCH_ID IN (SELECT PSARCH_BATCHNUM||PSARCH_ID FROM SYSADM.PSARCHBATCH WHERE PSARCH_DTTM >= '01-May-2023' AND PSARCH_DTTM < '01-Mar-2024')" 
Processing object type TABLE_EXPORT/TABLE/PROCACT_INSTANCE
Processing object type TABLE_EXPORT/TABLE/TABLE
Processing object type TABLE_EXPORT/TABLE/GRANT/OWNER_GRANT/OBJECT_GRANT
Processing object type TABLE_EXPORT/TABLE/TABLE_DATA
. . exported "SYSADM"."PS_VMSTRNSHST_H_XX"                   0 KB       0 rows
Processing object type TABLE_EXPORT/TABLE/INDEX/INDEX
Master table "SYS"."SYS_EXPORT_TABLE_05" successfully loaded/unloaded
******************************************************************************
Dump file set for SYS.SYS_EXPORT_TABLE_05 is:
  /backup/data_arch/VMSTRNXX/FS/VMSTRNXX_11-12-2025_1995_2000_01-May-2023_01-Mar-2024_FS_01.dmp
  /backup/data_arch/VMSTRNXX/FS/VMSTRNXX_11-12-2025_1995_2000_01-May-2023_01-Mar-2024_FS_02.dmp
  /backup/data_arch/VMSTRNXX/FS/VMSTRNXX_11-12-2025_1995_2000_01-May-2023_01-Mar-2024_FS_03.dmp
  /backup/data_arch/VMSTRNXX/FS/VMSTRNXX_11-12-2025_1995_2000_01-May-2023_01-Mar-2024_FS_04.dmp
  /backup/data_arch/VMSTRNXX/FS/VMSTRNXX_11-12-2025_1995_2000_01-May-2023_01-Mar-2024_FS_05.dmp
  /backup/data_arch/VMSTRNXX/FS/VMSTRNXX_11-12-2025_1995_2000_01-May-2023_01-Mar-2024_FS_06.dmp
  /backup/data_arch/VMSTRNXX/FS/VMSTRNXX_11-12-2025_1995_2000_01-May-2023_01-Mar-2024_FS_07.dmp
  /backup/data_arch/VMSTRNXX/FS/VMSTRNXX_11-12-2025_1995_2000_01-May-2023_01-Mar-2024_FS_08.dmp
  /backup/data_arch/VMSTRNXX/FS/VMSTRNXX_11-12-2025_1995_2000_01-May-2023_01-Mar-2024_FS_09.dmp
Job "SYS"."SYS_EXPORT_TABLE_05" successfully completed at Fri Dec 12 02:38:55 2025 elapsed 0 00:00:49

TEMPLATE_NAME:  VMSTRNXX
Error Count:  0
CURRENT DATE:  2025/12/12
Insert Data into PS_DATAMIN_EXPF_XX.

1 row created.


Commit complete.

Successful Export: Insert Done.
Template FSPRD-VMSTRNXX successfully Exported, started at  Fri Dec 12 02:38:04 EST 2025 and finished at Fri Dec 12 02:38:59 EST 2025
----------------------------------------------------------------------------------------
Finished export of Template : VMSTRNXX
----------------------------------------------------------------------------------------
#########################################################################################
# Start time : Thu Dec 11 23:03:24 EST 2025 
# End time   : Fri Dec 12 02:38:59 EST 2025
#########################################################################################
