oracle Database name       :  HRPRD
Oracle SID                 :  HRPRD4
Archive Execution-From Date:  01-May-2023
Archive Execution-To Date  :  01-Mar-2024
Archive Year               :  1995_2000
Archive Environment        :  HR
 
=> Batch Numbers check.

114 rows created.


Commit complete.

=> NLS DataBase Parameters Check.

3 rows created.


Commit complete.

=> TimeZone Check.

1 row created.


Commit complete.

 
Templates executed in Date Range 01-May-2023 and 01-Mar-2024 belongs to 1995_2000 Archival Year
0 0 0 ABSAPRXX EOAWSTPINST_HXX
1 0 1 ABSAPRXX EOAW_COMNTS_HXX
2 0 2 ABSAPRXX EOAW_HISCOM_HXX
3 0 3 ABSAPRXX EOAW_SUMDTL_HXX
4 0 4 ABSAPRXX EOAW_SUMM_HXX
5 0 5 ABSAPRXX EOAW_WL_HXX
6 0 6 ABSAPRXX GP_ABSSXREF_HXX
7 1 0 ABSFCSXX GP_ABS_FCST_HXX
8 2 0 ABSILGXX GP_ABSINTLG_HXX
9 3 0 ABSOVRXX GP_ABS_OVRD_HXX
10 4 0 ABSSS_XX GP_ABSSSDAT_HXX
11 4 1 ABSSS_XX GP_ABSSSSTA_HXX
12 5 0 ADJ1_XX BAL_ADJ_CHK_H
13 5 1 ADJ1_XX BAL_ADJ_DED_H
14 5 2 ADJ1_XX BAL_ADJ_ERN_H
15 5 3 ADJ1_XX BAL_ADJ_TAX_H
16 5 4 ADJ1_XX BL_ADJ_GRN_H
17 6 0 ADJ_C_XX BL_ADJ_CN_CHK_H
18 6 1 ADJ_C_XX BL_ADJ_CN_DED_H
19 6 2 ADJ_C_XX BL_ADJ_CN_ERN_H
20 6 3 ADJ_C_XX BL_ADJ_CN_TAX_H
21 7 0 BEN10_XX PSL_PAYDAT_H_XX
22 8 0 BEN2_XX HEALTH_BENFIT_H
23 8 1 BEN2_XX HEALTH_DEPDNT_H
24 9 0 BEN3_XX FSA_BENEFIT_H
25 10 0 BEN4_XX LEAVE_ACCRUAL_H
26 11 0 BEN5_XX BN_DEMG_WK_H_XX
27 11 1 BEN5_XX BN_ENRL_WK_H_XX
28 11 2 BEN5_XX BN_EROR_WK_H_XX
29 12 0 BEN6_XX LEAVE_PLANN_H
30 13 0 BEN75_XX BNX75_CVG_H_XX
31 13 1 BEN75_XX BNX75_EMP_H_XX
32 13 2 BEN75_XX BNX75_GEN_H_XX
33 14 0 BEN7_XX SAVINGS_PLAN_H
34 14 1 BEN7_XX SAVING_BNEFIC_H
35 14 2 BEN7_XX SAVING_PLN_H_XX
36 15 0 BEN8_XX DISABILTY_BEN_H
37 16 0 BEN9_XX LIFE_ADD_BEN_H
38 16 1 BEN9_XX LIFE_AD_BNEFC_H
39 17 0 BENX_74 BENX74_AUD_H_XX
40 17 1 BENX_74 BNX74_GEN_H_XX
41 17 2 BENX_74 BNX74_STG_H_XX
42 18 0 BSC14_XX SCK_RI_HR_H_XX
43 18 1 BSC14_XX SCK_RI_P_H_XX
44 19 0 BSC15_XX SCK_SC_PRO_H_XX
45 19 1 BSC15_XX SCK_SDC_HR_H_XX
46 20 0 BSC16_XX SCK_SA_PRO_H_XX
47 20 1 BSC16_XX SCK_SEA_HR_H_XX
48 21 0 BSC17_XX SCK_SPO_HR_H_XX
49 21 1 BSC17_XX SCK_SPO_P_H_XX
50 22 0 BSC18_XX SCK_TAC_HR_H_XX
51 22 1 BSC18_XX SCK_TAC_P_H_XX
52 23 0 BSC19_XX SCK_WA_HRS_H_XX
53 23 1 BSC19_XX SCK_WA_PRO_H_XX
54 24 0 BSC20_XX SICK_CT_HR_H_XX
55 24 1 BSC20_XX SICK_CT_PR_H_XX
56 25 0 BSCK10XX SCK_NN_PRO_H_XX
57 25 1 BSCK10XX SCK_NWN_HR_H_XX
58 26 0 BSCK11XX SCK_NC_PRO_H_XX
59 26 1 BSCK11XX SCK_NYC_HR_H_XX
60 27 0 BSCK12XX SCK_OAK_HR_H_XX
61 27 1 BSCK12XX SCK_OAK_P_H_XX
62 28 0 BSCK13XX SCK_POR_HR_H_XX
63 28 1 BSCK13XX SCK_POR_PR_H_XX
64 29 0 BSCK1_XX SCK_AZ_HRS_H_XX
65 29 1 BSCK1_XX SCK_AZ_PRO_H_XX
66 30 0 BSCK21XX BEN_LVSP_H_XX
67 31 0 BSCK22XX PTO_CK_PRO_H_XX
68 32 0 BSCK2_XX SCK_CA_HRS_H_XX
69 32 1 BSCK2_XX SCK_CA_P_H_XX
70 33 0 BSCK3_XX SCK_DC_HRS_H_XX
71 33 1 BSCK3_XX SCK_DC_PRO_H_XX
72 34 0 BSCK4_XX SCK_FED_HR_H_XX
73 34 1 BSCK4_XX SCK_FED_P_H_XX
74 35 0 BSCK5_XX SCK_IL1_HR_H_XX
75 35 1 BSCK5_XX SCK_IL_PRO_H_XX
76 36 0 BSCK6_XX SCK_JR_HRS_H_XX
77 36 1 BSCK6_XX SCK_JR_PRO_H_XX
78 37 0 BSCK7_XX SCK_LAC_HR_H_XX
79 37 1 BSCK7_XX SCK_LC_PRO_H_XX
80 38 0 BSCK8_XX SCK_MC_PRO_H_XX
81 38 1 BSCK8_XX SCK_MGC_HR_H_XX
82 39 0 BSCK9_XX SCK_MN1_HR_H_XX
83 39 1 BSCK9_XX SCK_MN1_P_H_XX
84 40 0 BSCK_XX BEN_SICKHR_H_XX
85 40 1 BSCK_XX BEN_SICK_H_XX
86 41 0 CONTRCTS CABLLPLNXX_H_XX
87 41 1 CONTRCTS CA_BILLPLN_H_XX
88 41 2 CONTRCTS CA_BPLINES_H_XX
89 41 3 CONTRCTS CA_CNTRHDR_H_XX
90 41 4 CONTRCTS CA_DETAIL_H_XX
91 41 5 CONTRCTS CA_DT_PROJ_H_XX
92 42 0 EEBAL_XX CHECK_YTD_H
93 42 1 EEBAL_XX DEDUCTION_BAL_H
94 42 2 EEBAL_XX EARNINGS_BAL_H
95 42 3 EEBAL_XX TAX_BALANCE_H
96 43 0 EECAN_XX CAN_CHECK_YT_H
97 43 1 EECAN_XX CAN_DD_BALANC_H
98 43 2 EECAN_XX CAN_EN_BALNCE_H
99 44 0 EOUINSTX EOAW_UINST_HXX
100 45 0 EUINSTX EOAW_UINST_HXX
101 46 0 GPARC2XX GP_RTOTRGR_HXX
102 47 0 GPARC3XX GP_POVRSOVR_HXX
103 47 1 GPARC3XX GP_PYEOVRD_H_XX
104 48 0 GPARC4XX GP_PYESOVR_HXX
105 49 0 GPARC5XX GPPOS_INSTGXX_H
106 49 1 GPARC5XX GPX0003_STGXX_H
107 50 0 GPARC6XX GP_PIMNLDTA_HXX
108 50 1 GPARC6XX GP_PIMNSOVR_HXX
109 51 0 GPARC7XX GP_SEGTRGR_HXX
110 52 0 HRCAN_XX CAN_YE_DETIL_H
111 52 1 HRCAN_XX CAN_YE_EMPL_H
112 52 2 HRCAN_XX CAN_YE_SLIP_H
113 52 3 HRCAN_XX CN_YE_AMND_E_H
114 53 0 HRFL_XX FINAL_HRS0_H_XX
115 53 1 HRFL_XX FINAL_HRS1_H_XX
116 53 2 HRFL_XX FINAL_HRS2_H_XX
117 53 3 HRFL_XX FINAL_HRS3_H_XX
118 54 0 HRSE1_XX SM_OB_DFXRF_HXX
119 55 0 HRSE2_XX SM_DF_DCINT_HXX
120 55 1 HRSE2_XX SM_DF_STINT_HXX
121 56 0 HRSE_XX SM_OBADLINF_HXX
122 56 1 HRSE_XX SM_OBADLPY_HXX
123 56 2 HRSE_XX SM_OBCTAX_P_HXX
124 56 3 HRSE_XX SM_OBC_SFID_HXX
125 56 4 HRSE_XX SM_OBEM_NAM_HXX
126 56 5 HRSE_XX SM_OBEM_PHN_HXX
127 56 6 HRSE_XX SM_OBINVADR_HXX
128 56 7 HRSE_XX SM_OBINVEML_HXX
129 56 8 HRSE_XX SM_OBINVHDR_HXX
130 56 9 HRSE_XX SM_OBINVPHN_HXX
131 56 10 HRSE_XX SM_OBPYOPTN_HXX
132 56 11 HRSE_XX SM_OBSLF_ID_HXX
133 56 12 HRSE_XX SM_OBUPDHR_HXX
134 56 13 HRSE_XX SM_OBVSLFID_HXX
135 56 14 HRSE_XX SM_OB_ADRES_HXX
136 56 15 HRSE_XX SM_OB_BONUS_HXX
137 56 16 HRSE_XX SM_OB_CC305_HXX
138 56 17 HRSE_XX SM_OB_C_BNR_HXX
139 56 18 HRSE_XX SM_OB_C_TAX_HXX
140 56 19 HRSE_XX SM_OB_DRDPD_HXX
141 56 20 HRSE_XX SM_OB_EMAIL_HXX
142 56 21 HRSE_XX SM_OB_EMCNT_HXX
143 56 22 HRSE_XX SM_OB_NAME_HXX
144 56 23 HRSE_XX SM_OB_PERSN_HXX
145 56 24 HRSE_XX SM_OB_PHONE_HXX
146 56 25 HRSE_XX SM_OB_TLICS_HXX
147 56 26 HRSE_XX SM_OB_W4FTX_HXX
148 56 27 HRSE_XX SM_OB_W_REC_HXX
149 57 0 NGDED_XX GENL_DEDUCTIN_H
150 58 0 NPAY1_XX DOL_PAY_AD_H_XX
151 59 0 N_PAY_XX PAY_CHECK_H
152 59 1 N_PAY_XX PAY_CHKREN_H_XX
153 59 2 N_PAY_XX PAY_CTX_OVRD_H
154 59 3 N_PAY_XX PAY_DEDUCTION_H
155 59 4 N_PAY_XX PAY_DISTRIBTN_H
156 59 5 N_PAY_XX PAY_EARNINGS_H
157 59 6 N_PAY_XX PAY_EXP_DT_H_XX
158 59 7 N_PAY_XX PAY_GARNISH_H
159 59 8 N_PAY_XX PAY_GARN_OVRD_H
160 59 9 N_PAY_XX PAY_INS_EARNS_H
161 59 10 N_PAY_XX PAY_LINE_H
162 59 11 N_PAY_XX PAY_ONE_TIME_H
163 59 12 N_PAY_XX PAY_OTH_EARNS_H
164 59 13 N_PAY_XX PAY_PAGE_H
165 59 14 N_PAY_XX PAY_SPCL_EARN_H
166 59 15 N_PAY_XX PAY_TAX_CAN_H
167 59 16 N_PAY_XX PAY_TAX_GRSDE_H
168 59 17 N_PAY_XX PAY_TAX_H
169 59 18 N_PAY_XX PAY_TAX_OVRD_H
170 59 19 N_PAY_XX PAY_TM_EXP_H_XX
171 59 20 N_PAY_XX PYADV_SENT_H_XX
172 59 21 N_PAY_XX PYCHECK_HS_H_XX
173 59 22 N_PAY_XX PYX0114_TM_H_XX
174 59 23 N_PAY_XX PY_ABANCHK_H_XX
175 59 24 N_PAY_XX PY_CHECKFG_H_XX
176 59 25 N_PAY_XX PY_COMMENT_H_XX
177 60 0 PRCS_XX CDMAUTHIST_H_XX
178 60 1 PRCS_XX CDMLISTHIS_H_XX
179 60 2 PRCS_XX CDM_F_LTXX_H_XX
180 60 3 PRCS_XX PRCDISTHIS_H_XX
181 60 4 PRCS_XX PRCJOBSTAT_H_XX
182 60 5 PRCS_XX PRCPARMHIS_H_XX
183 60 6 PRCS_XX PRCQUEHIS_H_XX
184 60 7 PRCS_XX PRCRQSTFLE_H_XX
185 60 8 PRCS_XX PRCRQSTHIS_H_XX
186 60 9 PRCS_XX PRCRQSTSTR_H_XX
187 60 10 PRCS_XX PRCTXFRHIS_H_XX
188 60 11 PRCS_XX PRCTXTHIS_H_XX
189 61 0 PRJCSTNG PRJ_ACT_TM_H_XX
190 61 1 PRJCSTNG PRJ_TMACDT_H_XX
191 61 2 PRJCSTNG PRJ_TMSCHD_H_XX
192 61 3 PRJCSTNG PROJECT_H_XX
193 61 4 PRJCSTNG PROJ_ACTST_H_XX
194 61 5 PRJCSTNG PROJ_ACT_H_XX
195 61 6 PRJCSTNG PROJ_STAT_H_XX
196 61 7 PRJCSTNG PROJ_TEAM_H_XX
197 61 8 PRJCSTNG TL_RTS_ACT_H_XX
198 61 9 PRJCSTNG TL_RTS_PRJ_H_XX
199 61 10 PRJCSTNG TL_RTS_TRC_H_XX
200 62 0 PS56B_XX PERX0056B1_H_XX
201 63 0 PS56D_XX PERX0056D1_H_XX
202 64 0 PS56E_XX PERX0056E1_H_XX
203 65 0 PS56L_XX PERX0056L2_H_XX
204 66 0 PS56P_XX PERX0056P1_H_XX
205 67 0 PS56S_XX PERX0056S1_H_XX
206 68 0 PS5E2_XX PERX0056E2_H_XX
207 69 0 PS5E3_XX PERX0056E3_H_XX
208 70 0 PS61S_XX PERX0061ST_H_XX
209 71 0 PSBN5_XX BN55EMPSTG_H_XX
210 72 0 PSBNP_XX BN55PAYTM1_H_XX
211 73 0 PSCNC_XX CNCRSAETBL_H_XX
212 74 0 PSDAT_XX DATACHGFIL_H_XX
213 75 0 PSE48_XX PERX0048ER_H_XX
214 76 0 PSEMP_XX EMPLMT_WL_H_XX
215 77 0 PSHCS_XX HCSCUSTEPA_H_XX
216 78 0 PSHRU_XX HRUSRIDDUP_H_XX
217 79 0 PSJPM_XX JPMPROFILE_H_XX
218 80 0 PSP09_XX PERX0009_H_XX
219 81 0 PSP48_XX PERX0048ST_H_XX
220 82 0 PSP49_XX PERX0049TM_H_XX
221 83 0 PSP56_XX PERX0056ST_H_XX
222 84 0 PSPER_XX ADDL_PAY_DATA_H
223 84 1 PSPER_XX ADDRESSES_H_XX
224 84 2 PSPER_XX ADD_PAY_EFFDT_H
225 84 3 PSPER_XX ADD_PAY_ERNCD_H
226 84 4 PSPER_XX ADD_PY_DRW_H_XX
227 84 5 PSPER_XX BENF_PARTIC_HXX
228 84 6 PSPER_XX BEN_PRGPRTC_HXX
229 84 7 PSPER_XX BN_PERSON_H
230 84 8 PSPER_XX CAN_TAX_DATA_H
231 84 9 PSPER_XX CAN_TX_BALNCE_H
232 84 10 PSPER_XX CBR_PARTIC_H
233 84 11 PSPER_XX CBR_PRTC_OPTN_H
234 84 12 PSPER_XX CBR_PRTC_PLAN_H
235 84 13 PSPER_XX CITIZENPSS_H_XX
236 84 14 PSPER_XX CITIZENSHP_H_XX
237 84 15 PSPER_XX CN_TX_PRVDTA_H
238 84 16 PSPER_XX COMPNSTION_H_XX
239 84 17 PSPER_XX CONTRACTDA_H_XX
240 84 18 PSPER_XX DEPBENADDR_H_XX
241 84 19 PSPER_XX DEPBENEFNI_H_XX
242 84 20 PSPER_XX DEPBENNAME_H_XX
243 84 21 PSPER_XX DEPBENRIDE_H_XX
244 84 22 PSPER_XX DEPBEN_EFF_H_XX
245 84 23 PSPER_XX DEP_BEN_H_XX
246 84 24 PSPER_XX DISABILITY_H_XX
247 84 25 PSPER_XX DIVERSETHN_H_XX
248 84 26 PSPER_XX DIVERSITY_H_XX
249 84 27 PSPER_XX DIVERSRELI_H_XX
250 84 28 PSPER_XX DRIVERSLIC_H_XX
251 84 29 PSPER_XX EMAILADRS_H_XX
252 84 30 PSPER_XX EMERGENCYC_H_XX
253 84 31 PSPER_XX EMPAPPRDTL_H_XX
254 84 32 PSPER_XX EMPLCHECKL_H_XX
255 84 33 PSPER_XX EMPLCHKLST_H_XX
256 84 34 PSPER_XX EMPLOYEES_H_XX
257 84 35 PSPER_XX EMPLYE_REVIEW_H
258 84 36 PSPER_XX EMPL_PHOTO_H_XX
259 84 37 PSPER_XX EMP_APR_HR_H_XX
260 84 38 PSPER_XX EMP_WAGEL_CAN_H
261 84 39 PSPER_XX EMRGNCYPHN_H_XX
262 84 40 PSPER_XX EXCP_AUDIT_H_XX
263 84 41 PSPER_XX FED_TAX_DATA_H
264 84 42 PSPER_XX FMLA_HOURS_H_XX
265 84 43 PSPER_XX FMLA_H_XX
266 84 44 PSPER_XX GARNSPECXX_H_XX
267 84 45 PSPER_XX GARN_BALANCE_H
268 84 46 PSPER_XX GARN_EMPL_DED_H
269 84 47 PSPER_XX GARN_RULE_H
270 84 48 PSPER_XX GARN_SCHED_H
271 84 49 PSPER_XX GARN_SPEC_H
272 84 50 PSPER_XX GENL_DED_CD_H
273 84 51 PSPER_XX HPBDCKLOG_H_XX
274 84 52 PSPER_XX HREXTEMP_H_XX
275 84 53 PSPER_XX JOB_ERNDST_H_XX
276 84 54 PSPER_XX JOB_HR_XX_H_XX
277 84 55 PSPER_XX JOB_H_XX
278 84 56 PSPER_XX JOB_IND_H_XX
279 84 57 PSPER_XX JOB_JR_H_XX
280 84 58 PSPER_XX JOB_MIL_H_XX
281 84 59 PSPER_XX JOB_XX_H_XX
282 84 60 PSPER_XX LOCL_TAX_DATA_H
283 84 61 PSPER_XX NAMES_H_XX
284 84 62 PSPER_XX PAYROLL_DATA_H
285 84 63 PSPER_XX PERCHECKLI_H_XX
286 84 64 PSPER_XX PERCHKLSTI_H_XX
287 84 65 PSPER_XX PERORGASGN_H_XX
288 84 66 PSPER_XX PERORGINST_H_XX
289 84 67 PSPER_XX PERPOIT_XX_H_XX
290 84 68 PSPER_XX PERPOI_XX_H_XX
291 84 69 PSPER_XX PERSAPPLIN_H_XX
292 84 70 PSPER_XX PERSAPPLRE_H_XX
293 84 71 PSPER_XX PERSDATACA_H_XX
294 84 72 PSPER_XX PERSDATAEF_H_XX
295 84 73 PSPER_XX PERSDATAUS_H_XX
296 84 74 PSPER_XX PERSDATAXX_H_XX
297 84 75 PSPER_XX PERSNIDEXP_H_XX
298 84 76 PSPER_XX PERSONALDA_H_XX
299 84 77 PSPER_XX PERSONALPH_H_XX
300 84 78 PSPER_XX PERSONINFO_H_XX
301 84 79 PSPER_XX PERSON_H_XX
302 84 80 PSPER_XX PERSSMOKER_H_XX
303 84 81 PSPER_XX PERS_NID_H_XX
304 84 82 PSPER_XX PERX0019TM_H_XX
305 84 83 PSPER_XX PERX0019WR_H_XX
306 84 84 PSPER_XX PERX0020TM_H_XX
307 84 85 PSPER_XX PERX0020WR_H_XX
308 84 86 PSPER_XX PERX0033TM_H_XX
309 84 87 PSPER_XX PERX0033WR_H_XX
310 84 88 PSPER_XX PERX33300T_H_XX
311 84 89 PSPER_XX PERX33300W_H_XX
312 84 90 PSPER_XX PERX33700T_H_XX
313 84 91 PSPER_XX PERX33700W_H_XX
314 84 92 PSPER_XX PER_DT_EME_H_XX
315 84 93 PSPER_XX PER_DT_FRA_H_XX
316 84 94 PSPER_XX PRIORWORKE_H_XX
317 84 95 PSPER_XX PRIORWORKS_H_XX
318 84 96 PSPER_XX PYEBANKACT_H_XX
319 84 97 PSPER_XX PY_BNK_TBL_H_XX
320 84 98 PSPER_XX STAT_TAX_DATA_H
321 84 99 PSPER_XX TAX_DISTRIB_H
322 84 100 PSPER_XX TLEMPLDATA_H_XX
323 84 101 PSPER_XX TRNX0004WR_H_XX
324 84 102 PSPER_XX TRNX0004_H_XX
325 84 103 PSPER_XX VISAPMTDAT_H_XX
326 84 104 PSPER_XX VISAPMTSUP_H_XX
327 85 0 PSPSS_XX PERSSRCHWL_H_XX
328 86 0 PSPUR_XX PURGEDATA_H_XX
329 87 0 TEBUR_XX TEBURDENX_H_XX
330 88 0 TLAPP_XX TL_APP_LA_H_XX
331 89 0 TLAPR_XX TL_APP_XRF_H_XX
332 90 0 TLATC_XX TLTCATTACH_H_XX
333 91 0 TLAUD_XX AUDITTLRTS_H_XX
334 92 0 TLBIR_XX TL_BIR_EID_H_XX
335 93 0 TLEID_XX EID_FILETL_H_XX
336 94 0 TLEMP_XX TL_EMPLAUD_H_XX
337 95 0 TLEOA_XX EOAWSTPINST_HXX
338 95 1 TLEOA_XX EOAW_COMNTS_HXX
339 95 2 TLEOA_XX EOAW_HISCOM_HXX
340 95 3 TLEOA_XX EOAW_SUMDTL_HXX
341 95 4 TLEOA_XX EOAW_SUMM_HXX
342 95 5 TLEOA_XX EOAW_WL_HXX
343 96 0 TLEXCPXX TL_EXCEPTN_HST
344 97 0 TLHDR_XX TL_APP_HDR_H_XX
345 98 0 TLHR_XX TL_HRTESTG_H_XX
346 99 0 TLLIN_XX TL_APP_RPT_H_XX
347 100 0 TLMEL_XX TL_MEALAUD_H_XX
348 101 0 TLOB_XX OB_ATTACH_H_XX
349 102 0 TLPRJ_XX TL_PRJ_TM_H_XX
350 103 0 TLPYTMXX TL_IPT1_CNT_HST
351 103 1 TLPYTMXX TL_PAYABLE_HST
352 103 2 TLPYTMXX TL_PAY_HIST_HST
353 104 0 TLREP_XX TL_REP_LR_H_XX
354 105 0 TLROP_XX TL_RTROPER_H_XX
355 105 1 TLROP_XX TL_RT_ROP_H_XX
356 106 0 TLRPT_XX TL_RPT_TIME_HST
357 107 0 TLRTS_XX TL_RTSALOC_H_XX
358 107 1 TLRTS_XX TL_RTS_ACT_H_XX
359 107 2 TLRTS_XX TL_RTS_PRJ_H_XX
360 107 3 TLRTS_XX TL_RTS_TRC_H_XX
361 108 0 TLTRC_XX TLTRCOMNTS_H_XX
362 108 1 TLTRC_XX TLTRCOMNT_H_XX
363 109 0 TL_COMP TL_COMPLEAV_HST
364 110 0 TL_FRCPA TL_FRCSPYBL_HST
365 111 0 TL_XCOST TL_XREFCOST_HST
366 112 0 TL_XREF TL_XREF_TBL_HST
Completed Gathering Data. Total Templates to Export for Wave/Year - 1995_2000 in "HR": 113
Today's Export Version Counter No: 1
#########################################################################################
Beginning export of Template : ABSAPRXX
#########################################################################################
 
=> ( 1 ) EOAWSTPINST_HXX : Get History Record Counts

1 row created.


Commit complete.

..Get TableSpace, Index & Index TableSpace

1 row created.


Commit complete.

=> ( 2 ) EOAW_COMNTS_HXX : Get History Record Counts

1 row created.


Commit complete.

..Get TableSpace, Index & Index TableSpace

2 rows created.


Commit complete.

=> ( 3 ) EOAW_HISCOM_HXX : Get History Record Counts

1 row created.


Commit complete.

..Get TableSpace, Index & Index TableSpace

2 rows created.


Commit complete.

=> ( 4 ) EOAW_SUMDTL_HXX : Get History Record Counts

1 row created.


Commit complete.

..Get TableSpace, Index & Index TableSpace

1 row created.


Commit complete.

=> ( 5 ) EOAW_SUMM_HXX : Get History Record Counts

1 row created.


Commit complete.

..Get TableSpace, Index & Index TableSpace

2 rows created.


Commit complete.

=> ( 6 ) EOAW_WL_HXX : Get History Record Counts

1 row created.


Commit complete.

..Get TableSpace, Index & Index TableSpace

1 row created.


Commit complete.

=> ( 7 ) GP_ABSSXREF_HXX : Get History Record Counts

1 row created.


Commit complete.

..Get TableSpace, Index & Index TableSpace

2 rows created.


Commit complete.


Export: Release 19.0.0.0.0 - Production on Thu Dec 11 23:07:31 2025
Version 19.27.0.0.0

Copyright (c) 1982, 2019, Oracle and/or its affiliates.  All rights reserved.

Connected to: Oracle Database 19c Enterprise Edition Release 19.0.0.0.0 - Production
FLASHBACK automatically enabled to preserve database integrity.
Starting "SYS"."SYS_EXPORT_TABLE_03":  userid="/******** AS SYSDBA" directory=ABSAPRXX_HR dumpfile=ABSAPRXX_11-12-2025_1995_2000_01-May-2023_01-Mar-2024_HR_%U.dmp logfile=ABSAPRXX_11-12-2025_1995_2000_01-May-2023_01-Mar-2024_HR.log parallel=18 EXCLUDE=statistics EXCLUDE=TRIGGER ENCRYPTION=ALL ENCRYPTION_MODE=DUAL ENCRYPTION_ALGORITHM=AES256 ENCRYPTION_PASSWORD=******** FILESIZE=10G COMPRESSION=ALL TABLES=SYSADM.PS_EOAWSTPINST_HXX QUERY=SYSADM.PS_EOAWSTPINST_HXX:"WHERE PSARCH_ID='ABSAPRXX' AND PSARCH_BATCHNUM||PSARCH_ID IN (SELECT PSARCH_BATCHNUM||PSARCH_ID FROM SYSADM.PSARCHBATCH WHERE PSARCH_DTTM >= '01-May-2023' AND PSARCH_DTTM < '01-Mar-2024')" TABLES=SYSADM.PS_EOAW_COMNTS_HXX QUERY=SYSADM.PS_EOAW_COMNTS_HXX:"WHERE PSARCH_ID='ABSAPRXX' AND PSARCH_BATCHNUM||PSARCH_ID IN (SELECT PSARCH_BATCHNUM||PSARCH_ID FROM SYSADM.PSARCHBATCH WHERE PSARCH_DTTM >= '01-May-2023' AND PSARCH_DTTM < '01-Mar-2024')" TABLES=SYSADM.PS_EOAW_HISCOM_HXX QUERY=SYSADM.PS_EOAW_HISCOM_HXX:"WHERE PSARCH_ID='ABSAPRXX' AND PSARCH_BATCHNUM||PSARCH_ID IN (SELECT PSARCH_BATCHNUM||PSARCH_ID FROM SYSADM.PSARCHBATCH WHERE PSARCH_DTTM >= '01-May-2023' AND PSARCH_DTTM < '01-Mar-2024')" TABLES=SYSADM.PS_EOAW_SUMDTL_HXX QUERY=SYSADM.PS_EOAW_SUMDTL_HXX:"WHERE PSARCH_ID='ABSAPRXX' AND PSARCH_BATCHNUM||PSARCH_ID IN (SELECT PSARCH_BATCHNUM||PSARCH_ID FROM SYSADM.PSARCHBATCH WHERE PSARCH_DTTM >= '01-May-2023' AND PSARCH_DTTM < '01-Mar-2024')" TABLES=SYSADM.PS_EOAW_SUMM_HXX QUERY=SYSADM.PS_EOAW_SUMM_HXX:"WHERE PSARCH_ID='ABSAPRXX' AND PSARCH_BATCHNUM||PSARCH_ID IN (SELECT PSARCH_BATCHNUM||PSARCH_ID FROM SYSADM.PSARCHBATCH WHERE PSARCH_DTTM >= '01-May-2023' AND PSARCH_DTTM < '01-Mar-2024')" TABLES=SYSADM.PS_EOAW_WL_HXX QUERY=SYSADM.PS_EOAW_WL_HXX:"WHERE PSARCH_ID='ABSAPRXX' AND PSARCH_BATCHNUM||PSARCH_ID IN (SELECT PSARCH_BATCHNUM||PSARCH_ID FROM SYSADM.PSARCHBATCH WHERE PSARCH_DTTM >= '01-May-2023' AND PSARCH_DTTM < '01-Mar-2024')" TABLES=SYSADM.PS_GP_ABSSXREF_HXX QUERY=SYSADM.PS_GP_ABSSXREF_HXX:"WHE
Processing object type TABLE_EXPORT/TABLE/PROCACT_INSTANCE
Processing object type TABLE_EXPORT/TABLE/TABLE_DATA
. . exported "SYSADM"."PS_EOAWSTPINST_HXX"                   0 KB       0 rows
. . exported "SYSADM"."PS_EOAW_COMNTS_HXX"                   0 KB       0 rows
. . exported "SYSADM"."PS_EOAW_HISCOM_HXX"                   0 KB       0 rows
. . exported "SYSADM"."PS_EOAW_SUMDTL_HXX"                   0 KB       0 rows
. . exported "SYSADM"."PS_EOAW_SUMM_HXX"                     0 KB       0 rows
. . exported "SYSADM"."PS_EOAW_WL_HXX"                       0 KB       0 rows
. . exported "SYSADM"."PS_GP_ABSSXREF_HXX"                   0 KB       0 rows
Processing object type TABLE_EXPORT/TABLE/GRANT/OWNER_GRANT/OBJECT_GRANT
Processing object type TABLE_EXPORT/TABLE/TABLE
Processing object type TABLE_EXPORT/TABLE/INDEX/INDEX
Master table "SYS"."SYS_EXPORT_TABLE_03" successfully loaded/unloaded
******************************************************************************
Dump file set for SYS.SYS_EXPORT_TABLE_03 is:
  /backup/data_arch/ABSAPRXX/HR/ABSAPRXX_11-12-2025_1995_2000_01-May-2023_01-Mar-2024_HR_01.dmp
  /backup/data_arch/ABSAPRXX/HR/ABSAPRXX_11-12-2025_1995_2000_01-May-2023_01-Mar-2024_HR_02.dmp
  /backup/data_arch/ABSAPRXX/HR/ABSAPRXX_11-12-2025_1995_2000_01-May-2023_01-Mar-2024_HR_03.dmp
  /backup/data_arch/ABSAPRXX/HR/ABSAPRXX_11-12-2025_1995_2000_01-May-2023_01-Mar-2024_HR_04.dmp
  /backup/data_arch/ABSAPRXX/HR/ABSAPRXX_11-12-2025_1995_2000_01-May-2023_01-Mar-2024_HR_05.dmp
  /backup/data_arch/ABSAPRXX/HR/ABSAPRXX_11-12-2025_1995_2000_01-May-2023_01-Mar-2024_HR_06.dmp
  /backup/data_arch/ABSAPRXX/HR/ABSAPRXX_11-12-2025_1995_2000_01-May-2023_01-Mar-2024_HR_07.dmp
  /backup/data_arch/ABSAPRXX/HR/ABSAPRXX_11-12-2025_1995_2000_01-May-2023_01-Mar-2024_HR_08.dmp
  /backup/data_arch/ABSAPRXX/HR/ABSAPRXX_11-12-2025_1995_2000_01-May-2023_01-Mar-2024_HR_09.dmp
Job "SYS"."SYS_EXPORT_TABLE_03" successfully completed at Thu Dec 11 23:08:08 2025 elapsed 0 00:00:34

TEMPLATE_NAME:  ABSAPRXX
Error Count:  0
CURRENT DATE:  2025/12/11
Insert Data into PS_DATAMIN_EXPF_XX.

1 row created.


Commit complete.

Successful Export: Insert Done.
Template HRPRD-ABSAPRXX successfully Exported, started at  Thu Dec 11 23:07:31 EST 2025 and finished at Thu Dec 11 23:08:10 EST 2025
----------------------------------------------------------------------------------------
Finished export of Template : ABSAPRXX
----------------------------------------------------------------------------------------
#########################################################################################
Beginning export of Template : ABSFCSXX
#########################################################################################
 
=> ( 1 ) GP_ABS_FCST_HXX : Get History Record Counts

1 row created.


Commit complete.

..Get TableSpace, Index & Index TableSpace

1 row created.


Commit complete.


Export: Release 19.0.0.0.0 - Production on Thu Dec 11 23:08:10 2025
Version 19.27.0.0.0

Copyright (c) 1982, 2019, Oracle and/or its affiliates.  All rights reserved.

Connected to: Oracle Database 19c Enterprise Edition Release 19.0.0.0.0 - Production
FLASHBACK automatically enabled to preserve database integrity.
Starting "SYS"."SYS_EXPORT_TABLE_03":  userid="/******** AS SYSDBA" directory=ABSFCSXX_HR dumpfile=ABSFCSXX_11-12-2025_1995_2000_01-May-2023_01-Mar-2024_HR_%U.dmp logfile=ABSFCSXX_11-12-2025_1995_2000_01-May-2023_01-Mar-2024_HR.log parallel=18 EXCLUDE=statistics EXCLUDE=TRIGGER ENCRYPTION=ALL ENCRYPTION_MODE=DUAL ENCRYPTION_ALGORITHM=AES256 ENCRYPTION_PASSWORD=******** FILESIZE=10G COMPRESSION=ALL TABLES=SYSADM.PS_GP_ABS_FCST_HXX QUERY=SYSADM.PS_GP_ABS_FCST_HXX:"WHERE PSARCH_ID='ABSFCSXX' AND PSARCH_BATCHNUM||PSARCH_ID IN (SELECT PSARCH_BATCHNUM||PSARCH_ID FROM SYSADM.PSARCHBATCH WHERE PSARCH_DTTM >= '01-May-2023' AND PSARCH_DTTM < '01-Mar-2024')" 
Processing object type TABLE_EXPORT/TABLE/PROCACT_INSTANCE
Processing object type TABLE_EXPORT/TABLE/TABLE_DATA
. . exported "SYSADM"."PS_GP_ABS_FCST_HXX"                   0 KB       0 rows
Processing object type TABLE_EXPORT/TABLE/TABLE
Processing object type TABLE_EXPORT/TABLE/GRANT/OWNER_GRANT/OBJECT_GRANT
Processing object type TABLE_EXPORT/TABLE/INDEX/INDEX
Master table "SYS"."SYS_EXPORT_TABLE_03" successfully loaded/unloaded
******************************************************************************
Dump file set for SYS.SYS_EXPORT_TABLE_03 is:
  /backup/data_arch/ABSFCSXX/HR/ABSFCSXX_11-12-2025_1995_2000_01-May-2023_01-Mar-2024_HR_01.dmp
  /backup/data_arch/ABSFCSXX/HR/ABSFCSXX_11-12-2025_1995_2000_01-May-2023_01-Mar-2024_HR_02.dmp
  /backup/data_arch/ABSFCSXX/HR/ABSFCSXX_11-12-2025_1995_2000_01-May-2023_01-Mar-2024_HR_03.dmp
  /backup/data_arch/ABSFCSXX/HR/ABSFCSXX_11-12-2025_1995_2000_01-May-2023_01-Mar-2024_HR_04.dmp
  /backup/data_arch/ABSFCSXX/HR/ABSFCSXX_11-12-2025_1995_2000_01-May-2023_01-Mar-2024_HR_05.dmp
  /backup/data_arch/ABSFCSXX/HR/ABSFCSXX_11-12-2025_1995_2000_01-May-2023_01-Mar-2024_HR_06.dmp
  /backup/data_arch/ABSFCSXX/HR/ABSFCSXX_11-12-2025_1995_2000_01-May-2023_01-Mar-2024_HR_07.dmp
  /backup/data_arch/ABSFCSXX/HR/ABSFCSXX_11-12-2025_1995_2000_01-May-2023_01-Mar-2024_HR_08.dmp
  /backup/data_arch/ABSFCSXX/HR/ABSFCSXX_11-12-2025_1995_2000_01-May-2023_01-Mar-2024_HR_09.dmp
Job "SYS"."SYS_EXPORT_TABLE_03" successfully completed at Thu Dec 11 23:08:35 2025 elapsed 0 00:00:24

TEMPLATE_NAME:  ABSFCSXX
Error Count:  0
CURRENT DATE:  2025/12/11
Insert Data into PS_DATAMIN_EXPF_XX.

1 row created.


Commit complete.

Successful Export: Insert Done.
Template HRPRD-ABSFCSXX successfully Exported, started at  Thu Dec 11 23:08:10 EST 2025 and finished at Thu Dec 11 23:08:37 EST 2025
----------------------------------------------------------------------------------------
Finished export of Template : ABSFCSXX
----------------------------------------------------------------------------------------
#########################################################################################
Beginning export of Template : ABSILGXX
#########################################################################################
 
=> ( 1 ) GP_ABSINTLG_HXX : Get History Record Counts

1 row created.


Commit complete.

..Get TableSpace, Index & Index TableSpace

1 row created.


Commit complete.


Export: Release 19.0.0.0.0 - Production on Thu Dec 11 23:08:37 2025
Version 19.27.0.0.0

Copyright (c) 1982, 2019, Oracle and/or its affiliates.  All rights reserved.

Connected to: Oracle Database 19c Enterprise Edition Release 19.0.0.0.0 - Production
FLASHBACK automatically enabled to preserve database integrity.
Starting "SYS"."SYS_EXPORT_TABLE_03":  userid="/******** AS SYSDBA" directory=ABSILGXX_HR dumpfile=ABSILGXX_11-12-2025_1995_2000_01-May-2023_01-Mar-2024_HR_%U.dmp logfile=ABSILGXX_11-12-2025_1995_2000_01-May-2023_01-Mar-2024_HR.log parallel=18 EXCLUDE=statistics EXCLUDE=TRIGGER ENCRYPTION=ALL ENCRYPTION_MODE=DUAL ENCRYPTION_ALGORITHM=AES256 ENCRYPTION_PASSWORD=******** FILESIZE=10G COMPRESSION=ALL TABLES=SYSADM.PS_GP_ABSINTLG_HXX QUERY=SYSADM.PS_GP_ABSINTLG_HXX:"WHERE PSARCH_ID='ABSILGXX' AND PSARCH_BATCHNUM||PSARCH_ID IN (SELECT PSARCH_BATCHNUM||PSARCH_ID FROM SYSADM.PSARCHBATCH WHERE PSARCH_DTTM >= '01-May-2023' AND PSARCH_DTTM < '01-Mar-2024')" 
Processing object type TABLE_EXPORT/TABLE/PROCACT_INSTANCE
Processing object type TABLE_EXPORT/TABLE/TABLE_DATA
. . exported "SYSADM"."PS_GP_ABSINTLG_HXX"                   0 KB       0 rows
Processing object type TABLE_EXPORT/TABLE/TABLE
Processing object type TABLE_EXPORT/TABLE/GRANT/OWNER_GRANT/OBJECT_GRANT
Processing object type TABLE_EXPORT/TABLE/INDEX/INDEX
Master table "SYS"."SYS_EXPORT_TABLE_03" successfully loaded/unloaded
******************************************************************************
Dump file set for SYS.SYS_EXPORT_TABLE_03 is:
  /backup/data_arch/ABSILGXX/HR/ABSILGXX_11-12-2025_1995_2000_01-May-2023_01-Mar-2024_HR_01.dmp
  /backup/data_arch/ABSILGXX/HR/ABSILGXX_11-12-2025_1995_2000_01-May-2023_01-Mar-2024_HR_02.dmp
  /backup/data_arch/ABSILGXX/HR/ABSILGXX_11-12-2025_1995_2000_01-May-2023_01-Mar-2024_HR_03.dmp
  /backup/data_arch/ABSILGXX/HR/ABSILGXX_11-12-2025_1995_2000_01-May-2023_01-Mar-2024_HR_04.dmp
  /backup/data_arch/ABSILGXX/HR/ABSILGXX_11-12-2025_1995_2000_01-May-2023_01-Mar-2024_HR_05.dmp
  /backup/data_arch/ABSILGXX/HR/ABSILGXX_11-12-2025_1995_2000_01-May-2023_01-Mar-2024_HR_06.dmp
  /backup/data_arch/ABSILGXX/HR/ABSILGXX_11-12-2025_1995_2000_01-May-2023_01-Mar-2024_HR_07.dmp
  /backup/data_arch/ABSILGXX/HR/ABSILGXX_11-12-2025_1995_2000_01-May-2023_01-Mar-2024_HR_08.dmp
  /backup/data_arch/ABSILGXX/HR/ABSILGXX_11-12-2025_1995_2000_01-May-2023_01-Mar-2024_HR_09.dmp
Job "SYS"."SYS_EXPORT_TABLE_03" successfully completed at Thu Dec 11 23:09:01 2025 elapsed 0 00:00:23

TEMPLATE_NAME:  ABSILGXX
Error Count:  0
CURRENT DATE:  2025/12/11
Insert Data into PS_DATAMIN_EXPF_XX.

1 row created.


Commit complete.

Successful Export: Insert Done.
Template HRPRD-ABSILGXX successfully Exported, started at  Thu Dec 11 23:08:37 EST 2025 and finished at Thu Dec 11 23:09:04 EST 2025
----------------------------------------------------------------------------------------
Finished export of Template : ABSILGXX
----------------------------------------------------------------------------------------
#########################################################################################
Beginning export of Template : ABSOVRXX
#########################################################################################
 
=> ( 1 ) GP_ABS_OVRD_HXX : Get History Record Counts

1 row created.


Commit complete.

..Get TableSpace, Index & Index TableSpace

1 row created.


Commit complete.


Export: Release 19.0.0.0.0 - Production on Thu Dec 11 23:09:04 2025
Version 19.27.0.0.0

Copyright (c) 1982, 2019, Oracle and/or its affiliates.  All rights reserved.

Connected to: Oracle Database 19c Enterprise Edition Release 19.0.0.0.0 - Production
FLASHBACK automatically enabled to preserve database integrity.
Starting "SYS"."SYS_EXPORT_TABLE_03":  userid="/******** AS SYSDBA" directory=ABSOVRXX_HR dumpfile=ABSOVRXX_11-12-2025_1995_2000_01-May-2023_01-Mar-2024_HR_%U.dmp logfile=ABSOVRXX_11-12-2025_1995_2000_01-May-2023_01-Mar-2024_HR.log parallel=18 EXCLUDE=statistics EXCLUDE=TRIGGER ENCRYPTION=ALL ENCRYPTION_MODE=DUAL ENCRYPTION_ALGORITHM=AES256 ENCRYPTION_PASSWORD=******** FILESIZE=10G COMPRESSION=ALL TABLES=SYSADM.PS_GP_ABS_OVRD_HXX QUERY=SYSADM.PS_GP_ABS_OVRD_HXX:"WHERE PSARCH_ID='ABSOVRXX' AND PSARCH_BATCHNUM||PSARCH_ID IN (SELECT PSARCH_BATCHNUM||PSARCH_ID FROM SYSADM.PSARCHBATCH WHERE PSARCH_DTTM >= '01-May-2023' AND PSARCH_DTTM < '01-Mar-2024')" 
Processing object type TABLE_EXPORT/TABLE/TABLE_DATA
Processing object type TABLE_EXPORT/TABLE/PROCACT_INSTANCE
. . exported "SYSADM"."PS_GP_ABS_OVRD_HXX"                   0 KB       0 rows
Processing object type TABLE_EXPORT/TABLE/TABLE
Processing object type TABLE_EXPORT/TABLE/GRANT/OWNER_GRANT/OBJECT_GRANT
Processing object type TABLE_EXPORT/TABLE/INDEX/INDEX
Master table "SYS"."SYS_EXPORT_TABLE_03" successfully loaded/unloaded
******************************************************************************
Dump file set for SYS.SYS_EXPORT_TABLE_03 is:
  /backup/data_arch/ABSOVRXX/HR/ABSOVRXX_11-12-2025_1995_2000_01-May-2023_01-Mar-2024_HR_01.dmp
  /backup/data_arch/ABSOVRXX/HR/ABSOVRXX_11-12-2025_1995_2000_01-May-2023_01-Mar-2024_HR_02.dmp
  /backup/data_arch/ABSOVRXX/HR/ABSOVRXX_11-12-2025_1995_2000_01-May-2023_01-Mar-2024_HR_03.dmp
  /backup/data_arch/ABSOVRXX/HR/ABSOVRXX_11-12-2025_1995_2000_01-May-2023_01-Mar-2024_HR_04.dmp
  /backup/data_arch/ABSOVRXX/HR/ABSOVRXX_11-12-2025_1995_2000_01-May-2023_01-Mar-2024_HR_05.dmp
  /backup/data_arch/ABSOVRXX/HR/ABSOVRXX_11-12-2025_1995_2000_01-May-2023_01-Mar-2024_HR_06.dmp
  /backup/data_arch/ABSOVRXX/HR/ABSOVRXX_11-12-2025_1995_2000_01-May-2023_01-Mar-2024_HR_07.dmp
  /backup/data_arch/ABSOVRXX/HR/ABSOVRXX_11-12-2025_1995_2000_01-May-2023_01-Mar-2024_HR_08.dmp
  /backup/data_arch/ABSOVRXX/HR/ABSOVRXX_11-12-2025_1995_2000_01-May-2023_01-Mar-2024_HR_09.dmp
Job "SYS"."SYS_EXPORT_TABLE_03" successfully completed at Thu Dec 11 23:09:28 2025 elapsed 0 00:00:23

TEMPLATE_NAME:  ABSOVRXX
Error Count:  0
CURRENT DATE:  2025/12/11
Insert Data into PS_DATAMIN_EXPF_XX.

1 row created.


Commit complete.

Successful Export: Insert Done.
Template HRPRD-ABSOVRXX successfully Exported, started at  Thu Dec 11 23:09:04 EST 2025 and finished at Thu Dec 11 23:09:31 EST 2025
----------------------------------------------------------------------------------------
Finished export of Template : ABSOVRXX
----------------------------------------------------------------------------------------
#########################################################################################
Beginning export of Template : ABSSS_XX
#########################################################################################
 
=> ( 1 ) GP_ABSSSDAT_HXX : Get History Record Counts

1 row created.


Commit complete.

..Get TableSpace, Index & Index TableSpace

1 row created.


Commit complete.

=> ( 2 ) GP_ABSSSSTA_HXX : Get History Record Counts

1 row created.


Commit complete.

..Get TableSpace, Index & Index TableSpace

2 rows created.


Commit complete.


Export: Release 19.0.0.0.0 - Production on Thu Dec 11 23:09:32 2025
Version 19.27.0.0.0

Copyright (c) 1982, 2019, Oracle and/or its affiliates.  All rights reserved.

Connected to: Oracle Database 19c Enterprise Edition Release 19.0.0.0.0 - Production
FLASHBACK automatically enabled to preserve database integrity.
Starting "SYS"."SYS_EXPORT_TABLE_03":  userid="/******** AS SYSDBA" directory=ABSSS_XX_HR dumpfile=ABSSS_XX_11-12-2025_1995_2000_01-May-2023_01-Mar-2024_HR_%U.dmp logfile=ABSSS_XX_11-12-2025_1995_2000_01-May-2023_01-Mar-2024_HR.log parallel=18 EXCLUDE=statistics EXCLUDE=TRIGGER ENCRYPTION=ALL ENCRYPTION_MODE=DUAL ENCRYPTION_ALGORITHM=AES256 ENCRYPTION_PASSWORD=******** FILESIZE=10G COMPRESSION=ALL TABLES=SYSADM.PS_GP_ABSSSDAT_HXX QUERY=SYSADM.PS_GP_ABSSSDAT_HXX:"WHERE PSARCH_ID='ABSSS_XX' AND PSARCH_BATCHNUM||PSARCH_ID IN (SELECT PSARCH_BATCHNUM||PSARCH_ID FROM SYSADM.PSARCHBATCH WHERE PSARCH_DTTM >= '01-May-2023' AND PSARCH_DTTM < '01-Mar-2024')" TABLES=SYSADM.PS_GP_ABSSSSTA_HXX QUERY=SYSADM.PS_GP_ABSSSSTA_HXX:"WHERE PSARCH_ID='ABSSS_XX' AND PSARCH_BATCHNUM||PSARCH_ID IN (SELECT PSARCH_BATCHNUM||PSARCH_ID FROM SYSADM.PSARCHBATCH WHERE PSARCH_DTTM >= '01-May-2023' AND PSARCH_DTTM < '01-Mar-2024')" 
Processing object type TABLE_EXPORT/TABLE/PROCACT_INSTANCE
Processing object type TABLE_EXPORT/TABLE/TABLE_DATA
. . exported "SYSADM"."PS_GP_ABSSSDAT_HXX"                   0 KB       0 rows
. . exported "SYSADM"."PS_GP_ABSSSSTA_HXX"                   0 KB       0 rows
Processing object type TABLE_EXPORT/TABLE/TABLE
Processing object type TABLE_EXPORT/TABLE/GRANT/OWNER_GRANT/OBJECT_GRANT
Processing object type TABLE_EXPORT/TABLE/INDEX/INDEX
Master table "SYS"."SYS_EXPORT_TABLE_03" successfully loaded/unloaded
******************************************************************************
Dump file set for SYS.SYS_EXPORT_TABLE_03 is:
  /backup/data_arch/ABSSS_XX/HR/ABSSS_XX_11-12-2025_1995_2000_01-May-2023_01-Mar-2024_HR_01.dmp
  /backup/data_arch/ABSSS_XX/HR/ABSSS_XX_11-12-2025_1995_2000_01-May-2023_01-Mar-2024_HR_02.dmp
  /backup/data_arch/ABSSS_XX/HR/ABSSS_XX_11-12-2025_1995_2000_01-May-2023_01-Mar-2024_HR_03.dmp
  /backup/data_arch/ABSSS_XX/HR/ABSSS_XX_11-12-2025_1995_2000_01-May-2023_01-Mar-2024_HR_04.dmp
  /backup/data_arch/ABSSS_XX/HR/ABSSS_XX_11-12-2025_1995_2000_01-May-2023_01-Mar-2024_HR_05.dmp
  /backup/data_arch/ABSSS_XX/HR/ABSSS_XX_11-12-2025_1995_2000_01-May-2023_01-Mar-2024_HR_06.dmp
  /backup/data_arch/ABSSS_XX/HR/ABSSS_XX_11-12-2025_1995_2000_01-May-2023_01-Mar-2024_HR_07.dmp
  /backup/data_arch/ABSSS_XX/HR/ABSSS_XX_11-12-2025_1995_2000_01-May-2023_01-Mar-2024_HR_08.dmp
  /backup/data_arch/ABSSS_XX/HR/ABSSS_XX_11-12-2025_1995_2000_01-May-2023_01-Mar-2024_HR_09.dmp
Job "SYS"."SYS_EXPORT_TABLE_03" successfully completed at Thu Dec 11 23:09:54 2025 elapsed 0 00:00:22

TEMPLATE_NAME:  ABSSS_XX
Error Count:  0
CURRENT DATE:  2025/12/11
Insert Data into PS_DATAMIN_EXPF_XX.

1 row created.


Commit complete.

Successful Export: Insert Done.
Template HRPRD-ABSSS_XX successfully Exported, started at  Thu Dec 11 23:09:32 EST 2025 and finished at Thu Dec 11 23:09:59 EST 2025
----------------------------------------------------------------------------------------
Finished export of Template : ABSSS_XX
----------------------------------------------------------------------------------------
#########################################################################################
Beginning export of Template : ADJ1_XX
#########################################################################################
 
=> ( 1 ) BAL_ADJ_CHK_H : Get History Record Counts

1 row created.


Commit complete.

..Get TableSpace, Index & Index TableSpace

1 row created.


Commit complete.

=> ( 2 ) BAL_ADJ_DED_H : Get History Record Counts

1 row created.


Commit complete.

..Get TableSpace, Index & Index TableSpace

1 row created.


Commit complete.

=> ( 3 ) BAL_ADJ_ERN_H : Get History Record Counts

1 row created.


Commit complete.

..Get TableSpace, Index & Index TableSpace

1 row created.


Commit complete.

=> ( 4 ) BAL_ADJ_TAX_H : Get History Record Counts

1 row created.


Commit complete.

..Get TableSpace, Index & Index TableSpace

1 row created.


Commit complete.

=> ( 5 ) BL_ADJ_GRN_H : Get History Record Counts

1 row created.


Commit complete.

..Get TableSpace, Index & Index TableSpace

1 row created.


Commit complete.


Export: Release 19.0.0.0.0 - Production on Thu Dec 11 23:10:01 2025
Version 19.27.0.0.0

Copyright (c) 1982, 2019, Oracle and/or its affiliates.  All rights reserved.

Connected to: Oracle Database 19c Enterprise Edition Release 19.0.0.0.0 - Production
FLASHBACK automatically enabled to preserve database integrity.
Starting "SYS"."SYS_EXPORT_TABLE_03":  userid="/******** AS SYSDBA" directory=ADJ1_XX_HR dumpfile=ADJ1_XX_11-12-2025_1995_2000_01-May-2023_01-Mar-2024_HR_%U.dmp logfile=ADJ1_XX_11-12-2025_1995_2000_01-May-2023_01-Mar-2024_HR.log parallel=18 EXCLUDE=statistics EXCLUDE=TRIGGER ENCRYPTION=ALL ENCRYPTION_MODE=DUAL ENCRYPTION_ALGORITHM=AES256 ENCRYPTION_PASSWORD=******** FILESIZE=10G COMPRESSION=ALL TABLES=SYSADM.PS_BAL_ADJ_CHK_H QUERY=SYSADM.PS_BAL_ADJ_CHK_H:"WHERE PSARCH_ID='ADJ1_XX' AND PSARCH_BATCHNUM||PSARCH_ID IN (SELECT PSARCH_BATCHNUM||PSARCH_ID FROM SYSADM.PSARCHBATCH WHERE PSARCH_DTTM >= '01-May-2023' AND PSARCH_DTTM < '01-Mar-2024')" TABLES=SYSADM.PS_BAL_ADJ_DED_H QUERY=SYSADM.PS_BAL_ADJ_DED_H:"WHERE PSARCH_ID='ADJ1_XX' AND PSARCH_BATCHNUM||PSARCH_ID IN (SELECT PSARCH_BATCHNUM||PSARCH_ID FROM SYSADM.PSARCHBATCH WHERE PSARCH_DTTM >= '01-May-2023' AND PSARCH_DTTM < '01-Mar-2024')" TABLES=SYSADM.PS_BAL_ADJ_ERN_H QUERY=SYSADM.PS_BAL_ADJ_ERN_H:"WHERE PSARCH_ID='ADJ1_XX' AND PSARCH_BATCHNUM||PSARCH_ID IN (SELECT PSARCH_BATCHNUM||PSARCH_ID FROM SYSADM.PSARCHBATCH WHERE PSARCH_DTTM >= '01-May-2023' AND PSARCH_DTTM < '01-Mar-2024')" TABLES=SYSADM.PS_BAL_ADJ_TAX_H QUERY=SYSADM.PS_BAL_ADJ_TAX_H:"WHERE PSARCH_ID='ADJ1_XX' AND PSARCH_BATCHNUM||PSARCH_ID IN (SELECT PSARCH_BATCHNUM||PSARCH_ID FROM SYSADM.PSARCHBATCH WHERE PSARCH_DTTM >= '01-May-2023' AND PSARCH_DTTM < '01-Mar-2024')" TABLES=SYSADM.PS_BL_ADJ_GRN_H QUERY=SYSADM.PS_BL_ADJ_GRN_H:"WHERE PSARCH_ID='ADJ1_XX' AND PSARCH_BATCHNUM||PSARCH_ID IN (SELECT PSARCH_BATCHNUM||PSARCH_ID FROM SYSADM.PSARCHBATCH WHERE PSARCH_DTTM >= '01-May-2023' AND PSARCH_DTTM < '01-Mar-2024')" 
Processing object type TABLE_EXPORT/TABLE/PROCACT_INSTANCE
Processing object type TABLE_EXPORT/TABLE/TABLE_DATA
Processing object type TABLE_EXPORT/TABLE/TABLE
. . exported "SYSADM"."PS_BAL_ADJ_TAX_H"                 14.07 KB     183 rows
. . exported "SYSADM"."PS_BAL_ADJ_ERN_H"                 8.734 KB      40 rows
Processing object type TABLE_EXPORT/TABLE/GRANT/OWNER_GRANT/OBJECT_GRANT
. . exported "SYSADM"."PS_BAL_ADJ_CHK_H"                 9.453 KB      54 rows
. . exported "SYSADM"."PS_BAL_ADJ_DED_H"                 7.296 KB      18 rows
. . exported "SYSADM"."PS_BL_ADJ_GRN_H"                  7.218 KB       0 rows
Processing object type TABLE_EXPORT/TABLE/INDEX/INDEX
Master table "SYS"."SYS_EXPORT_TABLE_03" successfully loaded/unloaded
******************************************************************************
Dump file set for SYS.SYS_EXPORT_TABLE_03 is:
  /backup/data_arch/ADJ1_XX/HR/ADJ1_XX_11-12-2025_1995_2000_01-May-2023_01-Mar-2024_HR_01.dmp
  /backup/data_arch/ADJ1_XX/HR/ADJ1_XX_11-12-2025_1995_2000_01-May-2023_01-Mar-2024_HR_02.dmp
  /backup/data_arch/ADJ1_XX/HR/ADJ1_XX_11-12-2025_1995_2000_01-May-2023_01-Mar-2024_HR_03.dmp
  /backup/data_arch/ADJ1_XX/HR/ADJ1_XX_11-12-2025_1995_2000_01-May-2023_01-Mar-2024_HR_04.dmp
  /backup/data_arch/ADJ1_XX/HR/ADJ1_XX_11-12-2025_1995_2000_01-May-2023_01-Mar-2024_HR_05.dmp
  /backup/data_arch/ADJ1_XX/HR/ADJ1_XX_11-12-2025_1995_2000_01-May-2023_01-Mar-2024_HR_06.dmp
  /backup/data_arch/ADJ1_XX/HR/ADJ1_XX_11-12-2025_1995_2000_01-May-2023_01-Mar-2024_HR_07.dmp
  /backup/data_arch/ADJ1_XX/HR/ADJ1_XX_11-12-2025_1995_2000_01-May-2023_01-Mar-2024_HR_08.dmp
  /backup/data_arch/ADJ1_XX/HR/ADJ1_XX_11-12-2025_1995_2000_01-May-2023_01-Mar-2024_HR_09.dmp
  /backup/data_arch/ADJ1_XX/HR/ADJ1_XX_11-12-2025_1995_2000_01-May-2023_01-Mar-2024_HR_10.dmp
Job "SYS"."SYS_EXPORT_TABLE_03" successfully completed at Thu Dec 11 23:10:24 2025 elapsed 0 00:00:23

TEMPLATE_NAME:  ADJ1_XX
Error Count:  0
CURRENT DATE:  2025/12/11
Insert Data into PS_DATAMIN_EXPF_XX.

1 row created.


Commit complete.

Successful Export: Insert Done.
Template HRPRD-ADJ1_XX successfully Exported, started at  Thu Dec 11 23:10:01 EST 2025 and finished at Thu Dec 11 23:10:27 EST 2025
----------------------------------------------------------------------------------------
Finished export of Template : ADJ1_XX
----------------------------------------------------------------------------------------
#########################################################################################
Beginning export of Template : ADJ_C_XX
#########################################################################################
 
=> ( 1 ) BL_ADJ_CN_CHK_H : Get History Record Counts

1 row created.


Commit complete.

..Get TableSpace, Index & Index TableSpace

1 row created.


Commit complete.

=> ( 2 ) BL_ADJ_CN_DED_H : Get History Record Counts

1 row created.


Commit complete.

..Get TableSpace, Index & Index TableSpace

1 row created.


Commit complete.

=> ( 3 ) BL_ADJ_CN_ERN_H : Get History Record Counts

1 row created.


Commit complete.

..Get TableSpace, Index & Index TableSpace

1 row created.


Commit complete.

=> ( 4 ) BL_ADJ_CN_TAX_H : Get History Record Counts

1 row created.


Commit complete.

..Get TableSpace, Index & Index TableSpace

1 row created.


Commit complete.


Export: Release 19.0.0.0.0 - Production on Thu Dec 11 23:10:28 2025
Version 19.27.0.0.0

Copyright (c) 1982, 2019, Oracle and/or its affiliates.  All rights reserved.

Connected to: Oracle Database 19c Enterprise Edition Release 19.0.0.0.0 - Production
FLASHBACK automatically enabled to preserve database integrity.
Starting "SYS"."SYS_EXPORT_TABLE_03":  userid="/******** AS SYSDBA" directory=ADJ_C_XX_HR dumpfile=ADJ_C_XX_11-12-2025_1995_2000_01-May-2023_01-Mar-2024_HR_%U.dmp logfile=ADJ_C_XX_11-12-2025_1995_2000_01-May-2023_01-Mar-2024_HR.log parallel=18 EXCLUDE=statistics EXCLUDE=TRIGGER ENCRYPTION=ALL ENCRYPTION_MODE=DUAL ENCRYPTION_ALGORITHM=AES256 ENCRYPTION_PASSWORD=******** FILESIZE=10G COMPRESSION=ALL TABLES=SYSADM.PS_BL_ADJ_CN_CHK_H QUERY=SYSADM.PS_BL_ADJ_CN_CHK_H:"WHERE PSARCH_ID='ADJ_C_XX' AND PSARCH_BATCHNUM||PSARCH_ID IN (SELECT PSARCH_BATCHNUM||PSARCH_ID FROM SYSADM.PSARCHBATCH WHERE PSARCH_DTTM >= '01-May-2023' AND PSARCH_DTTM < '01-Mar-2024')" TABLES=SYSADM.PS_BL_ADJ_CN_DED_H QUERY=SYSADM.PS_BL_ADJ_CN_DED_H:"WHERE PSARCH_ID='ADJ_C_XX' AND PSARCH_BATCHNUM||PSARCH_ID IN (SELECT PSARCH_BATCHNUM||PSARCH_ID FROM SYSADM.PSARCHBATCH WHERE PSARCH_DTTM >= '01-May-2023' AND PSARCH_DTTM < '01-Mar-2024')" TABLES=SYSADM.PS_BL_ADJ_CN_ERN_H QUERY=SYSADM.PS_BL_ADJ_CN_ERN_H:"WHERE PSARCH_ID='ADJ_C_XX' AND PSARCH_BATCHNUM||PSARCH_ID IN (SELECT PSARCH_BATCHNUM||PSARCH_ID FROM SYSADM.PSARCHBATCH WHERE PSARCH_DTTM >= '01-May-2023' AND PSARCH_DTTM < '01-Mar-2024')" TABLES=SYSADM.PS_BL_ADJ_CN_TAX_H QUERY=SYSADM.PS_BL_ADJ_CN_TAX_H:"WHERE PSARCH_ID='ADJ_C_XX' AND PSARCH_BATCHNUM||PSARCH_ID IN (SELECT PSARCH_BATCHNUM||PSARCH_ID FROM SYSADM.PSARCHBATCH WHERE PSARCH_DTTM >= '01-May-2023' AND PSARCH_DTTM < '01-Mar-2024')" 
Processing object type TABLE_EXPORT/TABLE/PROCACT_INSTANCE
Processing object type TABLE_EXPORT/TABLE/TABLE_DATA
Processing object type TABLE_EXPORT/TABLE/TABLE
. . exported "SYSADM"."PS_BL_ADJ_CN_TAX_H"               6.796 KB       0 rows
. . exported "SYSADM"."PS_BL_ADJ_CN_ERN_H"               6.593 KB       0 rows
. . exported "SYSADM"."PS_BL_ADJ_CN_CHK_H"               6.367 KB       0 rows
. . exported "SYSADM"."PS_BL_ADJ_CN_DED_H"               6.367 KB       0 rows
Processing object type TABLE_EXPORT/TABLE/GRANT/OWNER_GRANT/OBJECT_GRANT
Processing object type TABLE_EXPORT/TABLE/INDEX/INDEX
Master table "SYS"."SYS_EXPORT_TABLE_03" successfully loaded/unloaded
******************************************************************************
Dump file set for SYS.SYS_EXPORT_TABLE_03 is:
  /backup/data_arch/ADJ_C_XX/HR/ADJ_C_XX_11-12-2025_1995_2000_01-May-2023_01-Mar-2024_HR_01.dmp
  /backup/data_arch/ADJ_C_XX/HR/ADJ_C_XX_11-12-2025_1995_2000_01-May-2023_01-Mar-2024_HR_02.dmp
  /backup/data_arch/ADJ_C_XX/HR/ADJ_C_XX_11-12-2025_1995_2000_01-May-2023_01-Mar-2024_HR_03.dmp
  /backup/data_arch/ADJ_C_XX/HR/ADJ_C_XX_11-12-2025_1995_2000_01-May-2023_01-Mar-2024_HR_04.dmp
  /backup/data_arch/ADJ_C_XX/HR/ADJ_C_XX_11-12-2025_1995_2000_01-May-2023_01-Mar-2024_HR_05.dmp
  /backup/data_arch/ADJ_C_XX/HR/ADJ_C_XX_11-12-2025_1995_2000_01-May-2023_01-Mar-2024_HR_06.dmp
  /backup/data_arch/ADJ_C_XX/HR/ADJ_C_XX_11-12-2025_1995_2000_01-May-2023_01-Mar-2024_HR_07.dmp
  /backup/data_arch/ADJ_C_XX/HR/ADJ_C_XX_11-12-2025_1995_2000_01-May-2023_01-Mar-2024_HR_08.dmp
  /backup/data_arch/ADJ_C_XX/HR/ADJ_C_XX_11-12-2025_1995_2000_01-May-2023_01-Mar-2024_HR_09.dmp
  /backup/data_arch/ADJ_C_XX/HR/ADJ_C_XX_11-12-2025_1995_2000_01-May-2023_01-Mar-2024_HR_10.dmp
Job "SYS"."SYS_EXPORT_TABLE_03" successfully completed at Thu Dec 11 23:10:53 2025 elapsed 0 00:00:24

TEMPLATE_NAME:  ADJ_C_XX
Error Count:  0
CURRENT DATE:  2025/12/11
Insert Data into PS_DATAMIN_EXPF_XX.

1 row created.


Commit complete.

Successful Export: Insert Done.
Template HRPRD-ADJ_C_XX successfully Exported, started at  Thu Dec 11 23:10:28 EST 2025 and finished at Thu Dec 11 23:10:55 EST 2025
----------------------------------------------------------------------------------------
Finished export of Template : ADJ_C_XX
----------------------------------------------------------------------------------------
#########################################################################################
Beginning export of Template : BEN10_XX
#########################################################################################
 
=> ( 1 ) PSL_PAYDAT_H_XX : Get History Record Counts

1 row created.


Commit complete.

..Get TableSpace, Index & Index TableSpace

1 row created.


Commit complete.


Export: Release 19.0.0.0.0 - Production on Thu Dec 11 23:10:55 2025
Version 19.27.0.0.0

Copyright (c) 1982, 2019, Oracle and/or its affiliates.  All rights reserved.

Connected to: Oracle Database 19c Enterprise Edition Release 19.0.0.0.0 - Production
FLASHBACK automatically enabled to preserve database integrity.
Starting "SYS"."SYS_EXPORT_TABLE_03":  userid="/******** AS SYSDBA" directory=BEN10_XX_HR dumpfile=BEN10_XX_11-12-2025_1995_2000_01-May-2023_01-Mar-2024_HR_%U.dmp logfile=BEN10_XX_11-12-2025_1995_2000_01-May-2023_01-Mar-2024_HR.log parallel=18 EXCLUDE=statistics EXCLUDE=TRIGGER ENCRYPTION=ALL ENCRYPTION_MODE=DUAL ENCRYPTION_ALGORITHM=AES256 ENCRYPTION_PASSWORD=******** FILESIZE=10G COMPRESSION=ALL TABLES=SYSADM.PS_PSL_PAYDAT_H_XX QUERY=SYSADM.PS_PSL_PAYDAT_H_XX:"WHERE PSARCH_ID='BEN10_XX' AND PSARCH_BATCHNUM||PSARCH_ID IN (SELECT PSARCH_BATCHNUM||PSARCH_ID FROM SYSADM.PSARCHBATCH WHERE PSARCH_DTTM >= '01-May-2023' AND PSARCH_DTTM < '01-Mar-2024')" 
Processing object type TABLE_EXPORT/TABLE/TABLE_DATA
Processing object type TABLE_EXPORT/TABLE/PROCACT_INSTANCE
. . exported "SYSADM"."PS_PSL_PAYDAT_H_XX"                   0 KB       0 rows
Processing object type TABLE_EXPORT/TABLE/TABLE
Processing object type TABLE_EXPORT/TABLE/GRANT/OWNER_GRANT/OBJECT_GRANT
Processing object type TABLE_EXPORT/TABLE/INDEX/INDEX
Master table "SYS"."SYS_EXPORT_TABLE_03" successfully loaded/unloaded
******************************************************************************
Dump file set for SYS.SYS_EXPORT_TABLE_03 is:
  /backup/data_arch/BEN10_XX/HR/BEN10_XX_11-12-2025_1995_2000_01-May-2023_01-Mar-2024_HR_01.dmp
  /backup/data_arch/BEN10_XX/HR/BEN10_XX_11-12-2025_1995_2000_01-May-2023_01-Mar-2024_HR_02.dmp
  /backup/data_arch/BEN10_XX/HR/BEN10_XX_11-12-2025_1995_2000_01-May-2023_01-Mar-2024_HR_03.dmp
  /backup/data_arch/BEN10_XX/HR/BEN10_XX_11-12-2025_1995_2000_01-May-2023_01-Mar-2024_HR_04.dmp
  /backup/data_arch/BEN10_XX/HR/BEN10_XX_11-12-2025_1995_2000_01-May-2023_01-Mar-2024_HR_05.dmp
  /backup/data_arch/BEN10_XX/HR/BEN10_XX_11-12-2025_1995_2000_01-May-2023_01-Mar-2024_HR_06.dmp
  /backup/data_arch/BEN10_XX/HR/BEN10_XX_11-12-2025_1995_2000_01-May-2023_01-Mar-2024_HR_07.dmp
  /backup/data_arch/BEN10_XX/HR/BEN10_XX_11-12-2025_1995_2000_01-May-2023_01-Mar-2024_HR_08.dmp
  /backup/data_arch/BEN10_XX/HR/BEN10_XX_11-12-2025_1995_2000_01-May-2023_01-Mar-2024_HR_09.dmp
Job "SYS"."SYS_EXPORT_TABLE_03" successfully completed at Thu Dec 11 23:11:19 2025 elapsed 0 00:00:23

TEMPLATE_NAME:  BEN10_XX
Error Count:  0
CURRENT DATE:  2025/12/11
Insert Data into PS_DATAMIN_EXPF_XX.

1 row created.


Commit complete.

Successful Export: Insert Done.
Template HRPRD-BEN10_XX successfully Exported, started at  Thu Dec 11 23:10:55 EST 2025 and finished at Thu Dec 11 23:11:22 EST 2025
----------------------------------------------------------------------------------------
Finished export of Template : BEN10_XX
----------------------------------------------------------------------------------------
#########################################################################################
Beginning export of Template : BEN2_XX
#########################################################################################
 
=> ( 1 ) HEALTH_BENFIT_H : Get History Record Counts

1 row created.


Commit complete.

..Get TableSpace, Index & Index TableSpace

1 row created.


Commit complete.

=> ( 2 ) HEALTH_DEPDNT_H : Get History Record Counts

1 row created.


Commit complete.

..Get TableSpace, Index & Index TableSpace

1 row created.


Commit complete.


Export: Release 19.0.0.0.0 - Production on Thu Dec 11 23:11:25 2025
Version 19.27.0.0.0

Copyright (c) 1982, 2019, Oracle and/or its affiliates.  All rights reserved.

Connected to: Oracle Database 19c Enterprise Edition Release 19.0.0.0.0 - Production
FLASHBACK automatically enabled to preserve database integrity.
Starting "SYS"."SYS_EXPORT_TABLE_03":  userid="/******** AS SYSDBA" directory=BEN2_XX_HR dumpfile=BEN2_XX_11-12-2025_1995_2000_01-May-2023_01-Mar-2024_HR_%U.dmp logfile=BEN2_XX_11-12-2025_1995_2000_01-May-2023_01-Mar-2024_HR.log parallel=18 EXCLUDE=statistics EXCLUDE=TRIGGER ENCRYPTION=ALL ENCRYPTION_MODE=DUAL ENCRYPTION_ALGORITHM=AES256 ENCRYPTION_PASSWORD=******** FILESIZE=10G COMPRESSION=ALL TABLES=SYSADM.PS_HEALTH_BENFIT_H QUERY=SYSADM.PS_HEALTH_BENFIT_H:"WHERE PSARCH_ID='BEN2_XX' AND PSARCH_BATCHNUM||PSARCH_ID IN (SELECT PSARCH_BATCHNUM||PSARCH_ID FROM SYSADM.PSARCHBATCH WHERE PSARCH_DTTM >= '01-May-2023' AND PSARCH_DTTM < '01-Mar-2024')" TABLES=SYSADM.PS_HEALTH_DEPDNT_H QUERY=SYSADM.PS_HEALTH_DEPDNT_H:"WHERE PSARCH_ID='BEN2_XX' AND PSARCH_BATCHNUM||PSARCH_ID IN (SELECT PSARCH_BATCHNUM||PSARCH_ID FROM SYSADM.PSARCHBATCH WHERE PSARCH_DTTM >= '01-May-2023' AND PSARCH_DTTM < '01-Mar-2024')" 
Processing object type TABLE_EXPORT/TABLE/PROCACT_INSTANCE
Processing object type TABLE_EXPORT/TABLE/TABLE_DATA
. . exported "SYSADM"."PS_HEALTH_BENFIT_H"                   0 KB       0 rows
. . exported "SYSADM"."PS_HEALTH_DEPDNT_H"                   0 KB       0 rows
Processing object type TABLE_EXPORT/TABLE/TABLE
Processing object type TABLE_EXPORT/TABLE/GRANT/OWNER_GRANT/OBJECT_GRANT
Processing object type TABLE_EXPORT/TABLE/INDEX/INDEX
Master table "SYS"."SYS_EXPORT_TABLE_03" successfully loaded/unloaded
******************************************************************************
Dump file set for SYS.SYS_EXPORT_TABLE_03 is:
  /backup/data_arch/BEN2_XX/HR/BEN2_XX_11-12-2025_1995_2000_01-May-2023_01-Mar-2024_HR_01.dmp
  /backup/data_arch/BEN2_XX/HR/BEN2_XX_11-12-2025_1995_2000_01-May-2023_01-Mar-2024_HR_02.dmp
  /backup/data_arch/BEN2_XX/HR/BEN2_XX_11-12-2025_1995_2000_01-May-2023_01-Mar-2024_HR_03.dmp
  /backup/data_arch/BEN2_XX/HR/BEN2_XX_11-12-2025_1995_2000_01-May-2023_01-Mar-2024_HR_04.dmp
  /backup/data_arch/BEN2_XX/HR/BEN2_XX_11-12-2025_1995_2000_01-May-2023_01-Mar-2024_HR_05.dmp
  /backup/data_arch/BEN2_XX/HR/BEN2_XX_11-12-2025_1995_2000_01-May-2023_01-Mar-2024_HR_06.dmp
  /backup/data_arch/BEN2_XX/HR/BEN2_XX_11-12-2025_1995_2000_01-May-2023_01-Mar-2024_HR_07.dmp
  /backup/data_arch/BEN2_XX/HR/BEN2_XX_11-12-2025_1995_2000_01-May-2023_01-Mar-2024_HR_08.dmp
  /backup/data_arch/BEN2_XX/HR/BEN2_XX_11-12-2025_1995_2000_01-May-2023_01-Mar-2024_HR_09.dmp
Job "SYS"."SYS_EXPORT_TABLE_03" successfully completed at Thu Dec 11 23:11:49 2025 elapsed 0 00:00:23

TEMPLATE_NAME:  BEN2_XX
Error Count:  0
CURRENT DATE:  2025/12/11
Insert Data into PS_DATAMIN_EXPF_XX.

1 row created.


Commit complete.

Successful Export: Insert Done.
Template HRPRD-BEN2_XX successfully Exported, started at  Thu Dec 11 23:11:25 EST 2025 and finished at Thu Dec 11 23:11:52 EST 2025
----------------------------------------------------------------------------------------
Finished export of Template : BEN2_XX
----------------------------------------------------------------------------------------
#########################################################################################
Beginning export of Template : BEN3_XX
#########################################################################################
 
=> ( 1 ) FSA_BENEFIT_H : Get History Record Counts

1 row created.


Commit complete.

..Get TableSpace, Index & Index TableSpace

1 row created.


Commit complete.


Export: Release 19.0.0.0.0 - Production on Thu Dec 11 23:11:52 2025
Version 19.27.0.0.0

Copyright (c) 1982, 2019, Oracle and/or its affiliates.  All rights reserved.

Connected to: Oracle Database 19c Enterprise Edition Release 19.0.0.0.0 - Production
FLASHBACK automatically enabled to preserve database integrity.
Starting "SYS"."SYS_EXPORT_TABLE_03":  userid="/******** AS SYSDBA" directory=BEN3_XX_HR dumpfile=BEN3_XX_11-12-2025_1995_2000_01-May-2023_01-Mar-2024_HR_%U.dmp logfile=BEN3_XX_11-12-2025_1995_2000_01-May-2023_01-Mar-2024_HR.log parallel=18 EXCLUDE=statistics EXCLUDE=TRIGGER ENCRYPTION=ALL ENCRYPTION_MODE=DUAL ENCRYPTION_ALGORITHM=AES256 ENCRYPTION_PASSWORD=******** FILESIZE=10G COMPRESSION=ALL TABLES=SYSADM.PS_FSA_BENEFIT_H QUERY=SYSADM.PS_FSA_BENEFIT_H:"WHERE PSARCH_ID='BEN3_XX' AND PSARCH_BATCHNUM||PSARCH_ID IN (SELECT PSARCH_BATCHNUM||PSARCH_ID FROM SYSADM.PSARCHBATCH WHERE PSARCH_DTTM >= '01-May-2023' AND PSARCH_DTTM < '01-Mar-2024')" 
Processing object type TABLE_EXPORT/TABLE/PROCACT_INSTANCE
Processing object type TABLE_EXPORT/TABLE/TABLE_DATA
. . exported "SYSADM"."PS_FSA_BENEFIT_H"                     0 KB       0 rows
Processing object type TABLE_EXPORT/TABLE/TABLE
Processing object type TABLE_EXPORT/TABLE/GRANT/OWNER_GRANT/OBJECT_GRANT
Processing object type TABLE_EXPORT/TABLE/INDEX/INDEX
Master table "SYS"."SYS_EXPORT_TABLE_03" successfully loaded/unloaded
******************************************************************************
Dump file set for SYS.SYS_EXPORT_TABLE_03 is:
  /backup/data_arch/BEN3_XX/HR/BEN3_XX_11-12-2025_1995_2000_01-May-2023_01-Mar-2024_HR_01.dmp
  /backup/data_arch/BEN3_XX/HR/BEN3_XX_11-12-2025_1995_2000_01-May-2023_01-Mar-2024_HR_02.dmp
  /backup/data_arch/BEN3_XX/HR/BEN3_XX_11-12-2025_1995_2000_01-May-2023_01-Mar-2024_HR_03.dmp
  /backup/data_arch/BEN3_XX/HR/BEN3_XX_11-12-2025_1995_2000_01-May-2023_01-Mar-2024_HR_04.dmp
  /backup/data_arch/BEN3_XX/HR/BEN3_XX_11-12-2025_1995_2000_01-May-2023_01-Mar-2024_HR_05.dmp
  /backup/data_arch/BEN3_XX/HR/BEN3_XX_11-12-2025_1995_2000_01-May-2023_01-Mar-2024_HR_06.dmp
  /backup/data_arch/BEN3_XX/HR/BEN3_XX_11-12-2025_1995_2000_01-May-2023_01-Mar-2024_HR_07.dmp
  /backup/data_arch/BEN3_XX/HR/BEN3_XX_11-12-2025_1995_2000_01-May-2023_01-Mar-2024_HR_08.dmp
  /backup/data_arch/BEN3_XX/HR/BEN3_XX_11-12-2025_1995_2000_01-May-2023_01-Mar-2024_HR_09.dmp
Job "SYS"."SYS_EXPORT_TABLE_03" successfully completed at Thu Dec 11 23:12:16 2025 elapsed 0 00:00:23

TEMPLATE_NAME:  BEN3_XX
Error Count:  0
CURRENT DATE:  2025/12/11
Insert Data into PS_DATAMIN_EXPF_XX.

1 row created.


Commit complete.

Successful Export: Insert Done.
Template HRPRD-BEN3_XX successfully Exported, started at  Thu Dec 11 23:11:52 EST 2025 and finished at Thu Dec 11 23:12:19 EST 2025
----------------------------------------------------------------------------------------
Finished export of Template : BEN3_XX
----------------------------------------------------------------------------------------
#########################################################################################
Beginning export of Template : BEN4_XX
#########################################################################################
 
=> ( 1 ) LEAVE_ACCRUAL_H : Get History Record Counts

1 row created.


Commit complete.

..Get TableSpace, Index & Index TableSpace

1 row created.


Commit complete.


Export: Release 19.0.0.0.0 - Production on Thu Dec 11 23:12:28 2025
Version 19.27.0.0.0

Copyright (c) 1982, 2019, Oracle and/or its affiliates.  All rights reserved.

Connected to: Oracle Database 19c Enterprise Edition Release 19.0.0.0.0 - Production
FLASHBACK automatically enabled to preserve database integrity.
Starting "SYS"."SYS_EXPORT_TABLE_03":  userid="/******** AS SYSDBA" directory=BEN4_XX_HR dumpfile=BEN4_XX_11-12-2025_1995_2000_01-May-2023_01-Mar-2024_HR_%U.dmp logfile=BEN4_XX_11-12-2025_1995_2000_01-May-2023_01-Mar-2024_HR.log parallel=18 EXCLUDE=statistics EXCLUDE=TRIGGER ENCRYPTION=ALL ENCRYPTION_MODE=DUAL ENCRYPTION_ALGORITHM=AES256 ENCRYPTION_PASSWORD=******** FILESIZE=10G COMPRESSION=ALL TABLES=SYSADM.PS_LEAVE_ACCRUAL_H QUERY=SYSADM.PS_LEAVE_ACCRUAL_H:"WHERE PSARCH_ID='BEN4_XX' AND PSARCH_BATCHNUM||PSARCH_ID IN (SELECT PSARCH_BATCHNUM||PSARCH_ID FROM SYSADM.PSARCHBATCH WHERE PSARCH_DTTM >= '01-May-2023' AND PSARCH_DTTM < '01-Mar-2024')" 
Processing object type TABLE_EXPORT/TABLE/PROCACT_INSTANCE
Processing object type TABLE_EXPORT/TABLE/TABLE_DATA
Processing object type TABLE_EXPORT/TABLE/TABLE
Processing object type TABLE_EXPORT/TABLE/GRANT/OWNER_GRANT/OBJECT_GRANT
. . exported "SYSADM"."PS_LEAVE_ACCRUAL_H"               9.882 MB 1661481 rows
Processing object type TABLE_EXPORT/TABLE/INDEX/INDEX
Master table "SYS"."SYS_EXPORT_TABLE_03" successfully loaded/unloaded
******************************************************************************
Dump file set for SYS.SYS_EXPORT_TABLE_03 is:
  /backup/data_arch/BEN4_XX/HR/BEN4_XX_11-12-2025_1995_2000_01-May-2023_01-Mar-2024_HR_01.dmp
  /backup/data_arch/BEN4_XX/HR/BEN4_XX_11-12-2025_1995_2000_01-May-2023_01-Mar-2024_HR_02.dmp
  /backup/data_arch/BEN4_XX/HR/BEN4_XX_11-12-2025_1995_2000_01-May-2023_01-Mar-2024_HR_03.dmp
  /backup/data_arch/BEN4_XX/HR/BEN4_XX_11-12-2025_1995_2000_01-May-2023_01-Mar-2024_HR_04.dmp
  /backup/data_arch/BEN4_XX/HR/BEN4_XX_11-12-2025_1995_2000_01-May-2023_01-Mar-2024_HR_05.dmp
  /backup/data_arch/BEN4_XX/HR/BEN4_XX_11-12-2025_1995_2000_01-May-2023_01-Mar-2024_HR_06.dmp
  /backup/data_arch/BEN4_XX/HR/BEN4_XX_11-12-2025_1995_2000_01-May-2023_01-Mar-2024_HR_07.dmp
  /backup/data_arch/BEN4_XX/HR/BEN4_XX_11-12-2025_1995_2000_01-May-2023_01-Mar-2024_HR_08.dmp
  /backup/data_arch/BEN4_XX/HR/BEN4_XX_11-12-2025_1995_2000_01-May-2023_01-Mar-2024_HR_09.dmp
  /backup/data_arch/BEN4_XX/HR/BEN4_XX_11-12-2025_1995_2000_01-May-2023_01-Mar-2024_HR_10.dmp
Job "SYS"."SYS_EXPORT_TABLE_03" successfully completed at Thu Dec 11 23:12:51 2025 elapsed 0 00:00:23

TEMPLATE_NAME:  BEN4_XX
Error Count:  0
CURRENT DATE:  2025/12/11
Insert Data into PS_DATAMIN_EXPF_XX.

1 row created.


Commit complete.

Successful Export: Insert Done.
Template HRPRD-BEN4_XX successfully Exported, started at  Thu Dec 11 23:12:27 EST 2025 and finished at Thu Dec 11 23:12:54 EST 2025
----------------------------------------------------------------------------------------
Finished export of Template : BEN4_XX
----------------------------------------------------------------------------------------
#########################################################################################
Beginning export of Template : BEN5_XX
#########################################################################################
 
=> ( 1 ) BN_DEMG_WK_H_XX : Get History Record Counts

1 row created.


Commit complete.

..Get TableSpace, Index & Index TableSpace

2 rows created.


Commit complete.

=> ( 2 ) BN_ENRL_WK_H_XX : Get History Record Counts

1 row created.


Commit complete.

..Get TableSpace, Index & Index TableSpace

1 row created.


Commit complete.

=> ( 3 ) BN_EROR_WK_H_XX : Get History Record Counts

1 row created.


Commit complete.

..Get TableSpace, Index & Index TableSpace

1 row created.


Commit complete.


Export: Release 19.0.0.0.0 - Production on Thu Dec 11 23:12:56 2025
Version 19.27.0.0.0

Copyright (c) 1982, 2019, Oracle and/or its affiliates.  All rights reserved.

Connected to: Oracle Database 19c Enterprise Edition Release 19.0.0.0.0 - Production
FLASHBACK automatically enabled to preserve database integrity.
Starting "SYS"."SYS_EXPORT_TABLE_03":  userid="/******** AS SYSDBA" directory=BEN5_XX_HR dumpfile=BEN5_XX_11-12-2025_1995_2000_01-May-2023_01-Mar-2024_HR_%U.dmp logfile=BEN5_XX_11-12-2025_1995_2000_01-May-2023_01-Mar-2024_HR.log parallel=18 EXCLUDE=statistics EXCLUDE=TRIGGER ENCRYPTION=ALL ENCRYPTION_MODE=DUAL ENCRYPTION_ALGORITHM=AES256 ENCRYPTION_PASSWORD=******** FILESIZE=10G COMPRESSION=ALL TABLES=SYSADM.PS_BN_DEMG_WK_H_XX QUERY=SYSADM.PS_BN_DEMG_WK_H_XX:"WHERE PSARCH_ID='BEN5_XX' AND PSARCH_BATCHNUM||PSARCH_ID IN (SELECT PSARCH_BATCHNUM||PSARCH_ID FROM SYSADM.PSARCHBATCH WHERE PSARCH_DTTM >= '01-May-2023' AND PSARCH_DTTM < '01-Mar-2024')" TABLES=SYSADM.PS_BN_ENRL_WK_H_XX QUERY=SYSADM.PS_BN_ENRL_WK_H_XX:"WHERE PSARCH_ID='BEN5_XX' AND PSARCH_BATCHNUM||PSARCH_ID IN (SELECT PSARCH_BATCHNUM||PSARCH_ID FROM SYSADM.PSARCHBATCH WHERE PSARCH_DTTM >= '01-May-2023' AND PSARCH_DTTM < '01-Mar-2024')" TABLES=SYSADM.PS_BN_EROR_WK_H_XX QUERY=SYSADM.PS_BN_EROR_WK_H_XX:"WHERE PSARCH_ID='BEN5_XX' AND PSARCH_BATCHNUM||PSARCH_ID IN (SELECT PSARCH_BATCHNUM||PSARCH_ID FROM SYSADM.PSARCHBATCH WHERE PSARCH_DTTM >= '01-May-2023' AND PSARCH_DTTM < '01-Mar-2024')" 
Processing object type TABLE_EXPORT/TABLE/PROCACT_INSTANCE
Processing object type TABLE_EXPORT/TABLE/TABLE_DATA
Processing object type TABLE_EXPORT/TABLE/TABLE
. . exported "SYSADM"."PS_BN_ENRL_WK_H_XX"               106.2 KB    9069 rows
Processing object type TABLE_EXPORT/TABLE/GRANT/OWNER_GRANT/OBJECT_GRANT
. . exported "SYSADM"."PS_BN_DEMG_WK_H_XX"               186.2 KB    4261 rows
. . exported "SYSADM"."PS_BN_EROR_WK_H_XX"               40.41 KB    2343 rows
Processing object type TABLE_EXPORT/TABLE/INDEX/INDEX
Master table "SYS"."SYS_EXPORT_TABLE_03" successfully loaded/unloaded
******************************************************************************
Dump file set for SYS.SYS_EXPORT_TABLE_03 is:
  /backup/data_arch/BEN5_XX/HR/BEN5_XX_11-12-2025_1995_2000_01-May-2023_01-Mar-2024_HR_01.dmp
  /backup/data_arch/BEN5_XX/HR/BEN5_XX_11-12-2025_1995_2000_01-May-2023_01-Mar-2024_HR_02.dmp
  /backup/data_arch/BEN5_XX/HR/BEN5_XX_11-12-2025_1995_2000_01-May-2023_01-Mar-2024_HR_03.dmp
  /backup/data_arch/BEN5_XX/HR/BEN5_XX_11-12-2025_1995_2000_01-May-2023_01-Mar-2024_HR_04.dmp
  /backup/data_arch/BEN5_XX/HR/BEN5_XX_11-12-2025_1995_2000_01-May-2023_01-Mar-2024_HR_05.dmp
  /backup/data_arch/BEN5_XX/HR/BEN5_XX_11-12-2025_1995_2000_01-May-2023_01-Mar-2024_HR_06.dmp
  /backup/data_arch/BEN5_XX/HR/BEN5_XX_11-12-2025_1995_2000_01-May-2023_01-Mar-2024_HR_07.dmp
  /backup/data_arch/BEN5_XX/HR/BEN5_XX_11-12-2025_1995_2000_01-May-2023_01-Mar-2024_HR_08.dmp
  /backup/data_arch/BEN5_XX/HR/BEN5_XX_11-12-2025_1995_2000_01-May-2023_01-Mar-2024_HR_09.dmp
  /backup/data_arch/BEN5_XX/HR/BEN5_XX_11-12-2025_1995_2000_01-May-2023_01-Mar-2024_HR_10.dmp
Job "SYS"."SYS_EXPORT_TABLE_03" successfully completed at Thu Dec 11 23:13:21 2025 elapsed 0 00:00:25

TEMPLATE_NAME:  BEN5_XX
Error Count:  0
CURRENT DATE:  2025/12/11
Insert Data into PS_DATAMIN_EXPF_XX.

1 row created.


Commit complete.

Successful Export: Insert Done.
Template HRPRD-BEN5_XX successfully Exported, started at  Thu Dec 11 23:12:56 EST 2025 and finished at Thu Dec 11 23:13:23 EST 2025
----------------------------------------------------------------------------------------
Finished export of Template : BEN5_XX
----------------------------------------------------------------------------------------
#########################################################################################
Beginning export of Template : BEN6_XX
#########################################################################################
 
=> ( 1 ) LEAVE_PLANN_H : Get History Record Counts

1 row created.


Commit complete.

..Get TableSpace, Index & Index TableSpace

1 row created.


Commit complete.


Export: Release 19.0.0.0.0 - Production on Thu Dec 11 23:13:24 2025
Version 19.27.0.0.0

Copyright (c) 1982, 2019, Oracle and/or its affiliates.  All rights reserved.

Connected to: Oracle Database 19c Enterprise Edition Release 19.0.0.0.0 - Production
FLASHBACK automatically enabled to preserve database integrity.
Starting "SYS"."SYS_EXPORT_TABLE_03":  userid="/******** AS SYSDBA" directory=BEN6_XX_HR dumpfile=BEN6_XX_11-12-2025_1995_2000_01-May-2023_01-Mar-2024_HR_%U.dmp logfile=BEN6_XX_11-12-2025_1995_2000_01-May-2023_01-Mar-2024_HR.log parallel=18 EXCLUDE=statistics EXCLUDE=TRIGGER ENCRYPTION=ALL ENCRYPTION_MODE=DUAL ENCRYPTION_ALGORITHM=AES256 ENCRYPTION_PASSWORD=******** FILESIZE=10G COMPRESSION=ALL TABLES=SYSADM.PS_LEAVE_PLANN_H QUERY=SYSADM.PS_LEAVE_PLANN_H:"WHERE PSARCH_ID='BEN6_XX' AND PSARCH_BATCHNUM||PSARCH_ID IN (SELECT PSARCH_BATCHNUM||PSARCH_ID FROM SYSADM.PSARCHBATCH WHERE PSARCH_DTTM >= '01-May-2023' AND PSARCH_DTTM < '01-Mar-2024')" 
Processing object type TABLE_EXPORT/TABLE/PROCACT_INSTANCE
Processing object type TABLE_EXPORT/TABLE/TABLE_DATA
. . exported "SYSADM"."PS_LEAVE_PLANN_H"                     0 KB       0 rows
Processing object type TABLE_EXPORT/TABLE/TABLE
Processing object type TABLE_EXPORT/TABLE/GRANT/OWNER_GRANT/OBJECT_GRANT
Processing object type TABLE_EXPORT/TABLE/INDEX/INDEX
Master table "SYS"."SYS_EXPORT_TABLE_03" successfully loaded/unloaded
******************************************************************************
Dump file set for SYS.SYS_EXPORT_TABLE_03 is:
  /backup/data_arch/BEN6_XX/HR/BEN6_XX_11-12-2025_1995_2000_01-May-2023_01-Mar-2024_HR_01.dmp
  /backup/data_arch/BEN6_XX/HR/BEN6_XX_11-12-2025_1995_2000_01-May-2023_01-Mar-2024_HR_02.dmp
  /backup/data_arch/BEN6_XX/HR/BEN6_XX_11-12-2025_1995_2000_01-May-2023_01-Mar-2024_HR_03.dmp
  /backup/data_arch/BEN6_XX/HR/BEN6_XX_11-12-2025_1995_2000_01-May-2023_01-Mar-2024_HR_04.dmp
  /backup/data_arch/BEN6_XX/HR/BEN6_XX_11-12-2025_1995_2000_01-May-2023_01-Mar-2024_HR_05.dmp
  /backup/data_arch/BEN6_XX/HR/BEN6_XX_11-12-2025_1995_2000_01-May-2023_01-Mar-2024_HR_06.dmp
  /backup/data_arch/BEN6_XX/HR/BEN6_XX_11-12-2025_1995_2000_01-May-2023_01-Mar-2024_HR_07.dmp
  /backup/data_arch/BEN6_XX/HR/BEN6_XX_11-12-2025_1995_2000_01-May-2023_01-Mar-2024_HR_08.dmp
  /backup/data_arch/BEN6_XX/HR/BEN6_XX_11-12-2025_1995_2000_01-May-2023_01-Mar-2024_HR_09.dmp
Job "SYS"."SYS_EXPORT_TABLE_03" successfully completed at Thu Dec 11 23:13:48 2025 elapsed 0 00:00:24

TEMPLATE_NAME:  BEN6_XX
Error Count:  0
CURRENT DATE:  2025/12/11
Insert Data into PS_DATAMIN_EXPF_XX.

1 row created.


Commit complete.

Successful Export: Insert Done.
Template HRPRD-BEN6_XX successfully Exported, started at  Thu Dec 11 23:13:24 EST 2025 and finished at Thu Dec 11 23:13:51 EST 2025
----------------------------------------------------------------------------------------
Finished export of Template : BEN6_XX
----------------------------------------------------------------------------------------
#########################################################################################
Beginning export of Template : BEN75_XX
#########################################################################################
 
=> ( 1 ) BNX75_CVG_H_XX : Get History Record Counts

1 row created.


Commit complete.

..Get TableSpace, Index & Index TableSpace

1 row created.


Commit complete.

=> ( 2 ) BNX75_EMP_H_XX : Get History Record Counts

1 row created.


Commit complete.

..Get TableSpace, Index & Index TableSpace

1 row created.


Commit complete.

=> ( 3 ) BNX75_GEN_H_XX : Get History Record Counts

1 row created.


Commit complete.

..Get TableSpace, Index & Index TableSpace

1 row created.


Commit complete.


Export: Release 19.0.0.0.0 - Production on Thu Dec 11 23:13:52 2025
Version 19.27.0.0.0

Copyright (c) 1982, 2019, Oracle and/or its affiliates.  All rights reserved.

Connected to: Oracle Database 19c Enterprise Edition Release 19.0.0.0.0 - Production
FLASHBACK automatically enabled to preserve database integrity.
Starting "SYS"."SYS_EXPORT_TABLE_03":  userid="/******** AS SYSDBA" directory=BEN75_XX_HR dumpfile=BEN75_XX_11-12-2025_1995_2000_01-May-2023_01-Mar-2024_HR_%U.dmp logfile=BEN75_XX_11-12-2025_1995_2000_01-May-2023_01-Mar-2024_HR.log parallel=18 EXCLUDE=statistics EXCLUDE=TRIGGER ENCRYPTION=ALL ENCRYPTION_MODE=DUAL ENCRYPTION_ALGORITHM=AES256 ENCRYPTION_PASSWORD=******** FILESIZE=10G COMPRESSION=ALL TABLES=SYSADM.PS_BNX75_CVG_H_XX QUERY=SYSADM.PS_BNX75_CVG_H_XX:"WHERE PSARCH_ID='BEN75_XX' AND PSARCH_BATCHNUM||PSARCH_ID IN (SELECT PSARCH_BATCHNUM||PSARCH_ID FROM SYSADM.PSARCHBATCH WHERE PSARCH_DTTM >= '01-May-2023' AND PSARCH_DTTM < '01-Mar-2024')" TABLES=SYSADM.PS_BNX75_EMP_H_XX QUERY=SYSADM.PS_BNX75_EMP_H_XX:"WHERE PSARCH_ID='BEN75_XX' AND PSARCH_BATCHNUM||PSARCH_ID IN (SELECT PSARCH_BATCHNUM||PSARCH_ID FROM SYSADM.PSARCHBATCH WHERE PSARCH_DTTM >= '01-May-2023' AND PSARCH_DTTM < '01-Mar-2024')" TABLES=SYSADM.PS_BNX75_GEN_H_XX QUERY=SYSADM.PS_BNX75_GEN_H_XX:"WHERE PSARCH_ID='BEN75_XX' AND PSARCH_BATCHNUM||PSARCH_ID IN (SELECT PSARCH_BATCHNUM||PSARCH_ID FROM SYSADM.PSARCHBATCH WHERE PSARCH_DTTM >= '01-May-2023' AND PSARCH_DTTM < '01-Mar-2024')" 
Processing object type TABLE_EXPORT/TABLE/PROCACT_INSTANCE
Processing object type TABLE_EXPORT/TABLE/TABLE_DATA
. . exported "SYSADM"."PS_BNX75_CVG_H_XX"                    0 KB       0 rows
. . exported "SYSADM"."PS_BNX75_EMP_H_XX"                    0 KB       0 rows
. . exported "SYSADM"."PS_BNX75_GEN_H_XX"                    0 KB       0 rows
Processing object type TABLE_EXPORT/TABLE/TABLE
Processing object type TABLE_EXPORT/TABLE/GRANT/OWNER_GRANT/OBJECT_GRANT
Processing object type TABLE_EXPORT/TABLE/INDEX/INDEX
Master table "SYS"."SYS_EXPORT_TABLE_03" successfully loaded/unloaded
******************************************************************************
Dump file set for SYS.SYS_EXPORT_TABLE_03 is:
  /backup/data_arch/BEN75_XX/HR/BEN75_XX_11-12-2025_1995_2000_01-May-2023_01-Mar-2024_HR_01.dmp
  /backup/data_arch/BEN75_XX/HR/BEN75_XX_11-12-2025_1995_2000_01-May-2023_01-Mar-2024_HR_02.dmp
  /backup/data_arch/BEN75_XX/HR/BEN75_XX_11-12-2025_1995_2000_01-May-2023_01-Mar-2024_HR_03.dmp
  /backup/data_arch/BEN75_XX/HR/BEN75_XX_11-12-2025_1995_2000_01-May-2023_01-Mar-2024_HR_04.dmp
  /backup/data_arch/BEN75_XX/HR/BEN75_XX_11-12-2025_1995_2000_01-May-2023_01-Mar-2024_HR_05.dmp
  /backup/data_arch/BEN75_XX/HR/BEN75_XX_11-12-2025_1995_2000_01-May-2023_01-Mar-2024_HR_06.dmp
  /backup/data_arch/BEN75_XX/HR/BEN75_XX_11-12-2025_1995_2000_01-May-2023_01-Mar-2024_HR_07.dmp
  /backup/data_arch/BEN75_XX/HR/BEN75_XX_11-12-2025_1995_2000_01-May-2023_01-Mar-2024_HR_08.dmp
  /backup/data_arch/BEN75_XX/HR/BEN75_XX_11-12-2025_1995_2000_01-May-2023_01-Mar-2024_HR_09.dmp
Job "SYS"."SYS_EXPORT_TABLE_03" successfully completed at Thu Dec 11 23:14:17 2025 elapsed 0 00:00:25

TEMPLATE_NAME:  BEN75_XX
Error Count:  0
CURRENT DATE:  2025/12/11
Insert Data into PS_DATAMIN_EXPF_XX.

1 row created.


Commit complete.

Successful Export: Insert Done.
Template HRPRD-BEN75_XX successfully Exported, started at  Thu Dec 11 23:13:52 EST 2025 and finished at Thu Dec 11 23:14:19 EST 2025
----------------------------------------------------------------------------------------
Finished export of Template : BEN75_XX
----------------------------------------------------------------------------------------
#########################################################################################
Beginning export of Template : BEN7_XX
#########################################################################################
 
=> ( 1 ) SAVINGS_PLAN_H : Get History Record Counts

1 row created.


Commit complete.

..Get TableSpace, Index & Index TableSpace

3 rows created.


Commit complete.

=> ( 2 ) SAVING_BNEFIC_H : Get History Record Counts

1 row created.


Commit complete.

..Get TableSpace, Index & Index TableSpace

1 row created.


Commit complete.

=> ( 3 ) SAVING_PLN_H_XX : Get History Record Counts

1 row created.


Commit complete.

..Get TableSpace, Index & Index TableSpace

1 row created.


Commit complete.


Export: Release 19.0.0.0.0 - Production on Thu Dec 11 23:14:21 2025
Version 19.27.0.0.0

Copyright (c) 1982, 2019, Oracle and/or its affiliates.  All rights reserved.

Connected to: Oracle Database 19c Enterprise Edition Release 19.0.0.0.0 - Production
FLASHBACK automatically enabled to preserve database integrity.
Starting "SYS"."SYS_EXPORT_TABLE_03":  userid="/******** AS SYSDBA" directory=BEN7_XX_HR dumpfile=BEN7_XX_11-12-2025_1995_2000_01-May-2023_01-Mar-2024_HR_%U.dmp logfile=BEN7_XX_11-12-2025_1995_2000_01-May-2023_01-Mar-2024_HR.log parallel=18 EXCLUDE=statistics EXCLUDE=TRIGGER ENCRYPTION=ALL ENCRYPTION_MODE=DUAL ENCRYPTION_ALGORITHM=AES256 ENCRYPTION_PASSWORD=******** FILESIZE=10G COMPRESSION=ALL TABLES=SYSADM.PS_SAVINGS_PLAN_H QUERY=SYSADM.PS_SAVINGS_PLAN_H:"WHERE PSARCH_ID='BEN7_XX' AND PSARCH_BATCHNUM||PSARCH_ID IN (SELECT PSARCH_BATCHNUM||PSARCH_ID FROM SYSADM.PSARCHBATCH WHERE PSARCH_DTTM >= '01-May-2023' AND PSARCH_DTTM < '01-Mar-2024')" TABLES=SYSADM.PS_SAVING_BNEFIC_H QUERY=SYSADM.PS_SAVING_BNEFIC_H:"WHERE PSARCH_ID='BEN7_XX' AND PSARCH_BATCHNUM||PSARCH_ID IN (SELECT PSARCH_BATCHNUM||PSARCH_ID FROM SYSADM.PSARCHBATCH WHERE PSARCH_DTTM >= '01-May-2023' AND PSARCH_DTTM < '01-Mar-2024')" TABLES=SYSADM.PS_SAVING_PLN_H_XX QUERY=SYSADM.PS_SAVING_PLN_H_XX:"WHERE PSARCH_ID='BEN7_XX' AND PSARCH_BATCHNUM||PSARCH_ID IN (SELECT PSARCH_BATCHNUM||PSARCH_ID FROM SYSADM.PSARCHBATCH WHERE PSARCH_DTTM >= '01-May-2023' AND PSARCH_DTTM < '01-Mar-2024')" 
Processing object type TABLE_EXPORT/TABLE/PROCACT_INSTANCE
Processing object type TABLE_EXPORT/TABLE/TABLE_DATA
. . exported "SYSADM"."PS_SAVINGS_PLAN_H"                    0 KB       0 rows
. . exported "SYSADM"."PS_SAVING_BNEFIC_H"                   0 KB       0 rows
. . exported "SYSADM"."PS_SAVING_PLN_H_XX"                   0 KB       0 rows
Processing object type TABLE_EXPORT/TABLE/TABLE
Processing object type TABLE_EXPORT/TABLE/GRANT/OWNER_GRANT/OBJECT_GRANT
Processing object type TABLE_EXPORT/TABLE/INDEX/INDEX
Master table "SYS"."SYS_EXPORT_TABLE_03" successfully loaded/unloaded
******************************************************************************
Dump file set for SYS.SYS_EXPORT_TABLE_03 is:
  /backup/data_arch/BEN7_XX/HR/BEN7_XX_11-12-2025_1995_2000_01-May-2023_01-Mar-2024_HR_01.dmp
  /backup/data_arch/BEN7_XX/HR/BEN7_XX_11-12-2025_1995_2000_01-May-2023_01-Mar-2024_HR_02.dmp
  /backup/data_arch/BEN7_XX/HR/BEN7_XX_11-12-2025_1995_2000_01-May-2023_01-Mar-2024_HR_03.dmp
  /backup/data_arch/BEN7_XX/HR/BEN7_XX_11-12-2025_1995_2000_01-May-2023_01-Mar-2024_HR_04.dmp
  /backup/data_arch/BEN7_XX/HR/BEN7_XX_11-12-2025_1995_2000_01-May-2023_01-Mar-2024_HR_05.dmp
  /backup/data_arch/BEN7_XX/HR/BEN7_XX_11-12-2025_1995_2000_01-May-2023_01-Mar-2024_HR_06.dmp
  /backup/data_arch/BEN7_XX/HR/BEN7_XX_11-12-2025_1995_2000_01-May-2023_01-Mar-2024_HR_07.dmp
  /backup/data_arch/BEN7_XX/HR/BEN7_XX_11-12-2025_1995_2000_01-May-2023_01-Mar-2024_HR_08.dmp
  /backup/data_arch/BEN7_XX/HR/BEN7_XX_11-12-2025_1995_2000_01-May-2023_01-Mar-2024_HR_09.dmp
Job "SYS"."SYS_EXPORT_TABLE_03" successfully completed at Thu Dec 11 23:14:45 2025 elapsed 0 00:00:24

TEMPLATE_NAME:  BEN7_XX
Error Count:  0
CURRENT DATE:  2025/12/11
Insert Data into PS_DATAMIN_EXPF_XX.

1 row created.


Commit complete.

Successful Export: Insert Done.
Template HRPRD-BEN7_XX successfully Exported, started at  Thu Dec 11 23:14:21 EST 2025 and finished at Thu Dec 11 23:14:48 EST 2025
----------------------------------------------------------------------------------------
Finished export of Template : BEN7_XX
----------------------------------------------------------------------------------------
#########################################################################################
Beginning export of Template : BEN8_XX
#########################################################################################
 
=> ( 1 ) DISABILTY_BEN_H : Get History Record Counts

1 row created.


Commit complete.

..Get TableSpace, Index & Index TableSpace

1 row created.


Commit complete.


Export: Release 19.0.0.0.0 - Production on Thu Dec 11 23:14:50 2025
Version 19.27.0.0.0

Copyright (c) 1982, 2019, Oracle and/or its affiliates.  All rights reserved.

Connected to: Oracle Database 19c Enterprise Edition Release 19.0.0.0.0 - Production
FLASHBACK automatically enabled to preserve database integrity.
Starting "SYS"."SYS_EXPORT_TABLE_03":  userid="/******** AS SYSDBA" directory=BEN8_XX_HR dumpfile=BEN8_XX_11-12-2025_1995_2000_01-May-2023_01-Mar-2024_HR_%U.dmp logfile=BEN8_XX_11-12-2025_1995_2000_01-May-2023_01-Mar-2024_HR.log parallel=18 EXCLUDE=statistics EXCLUDE=TRIGGER ENCRYPTION=ALL ENCRYPTION_MODE=DUAL ENCRYPTION_ALGORITHM=AES256 ENCRYPTION_PASSWORD=******** FILESIZE=10G COMPRESSION=ALL TABLES=SYSADM.PS_DISABILTY_BEN_H QUERY=SYSADM.PS_DISABILTY_BEN_H:"WHERE PSARCH_ID='BEN8_XX' AND PSARCH_BATCHNUM||PSARCH_ID IN (SELECT PSARCH_BATCHNUM||PSARCH_ID FROM SYSADM.PSARCHBATCH WHERE PSARCH_DTTM >= '01-May-2023' AND PSARCH_DTTM < '01-Mar-2024')" 
Processing object type TABLE_EXPORT/TABLE/PROCACT_INSTANCE
Processing object type TABLE_EXPORT/TABLE/TABLE_DATA
. . exported "SYSADM"."PS_DISABILTY_BEN_H"                   0 KB       0 rows
Processing object type TABLE_EXPORT/TABLE/TABLE
Processing object type TABLE_EXPORT/TABLE/GRANT/OWNER_GRANT/OBJECT_GRANT
Processing object type TABLE_EXPORT/TABLE/INDEX/INDEX
Master table "SYS"."SYS_EXPORT_TABLE_03" successfully loaded/unloaded
******************************************************************************
Dump file set for SYS.SYS_EXPORT_TABLE_03 is:
  /backup/data_arch/BEN8_XX/HR/BEN8_XX_11-12-2025_1995_2000_01-May-2023_01-Mar-2024_HR_01.dmp
  /backup/data_arch/BEN8_XX/HR/BEN8_XX_11-12-2025_1995_2000_01-May-2023_01-Mar-2024_HR_02.dmp
  /backup/data_arch/BEN8_XX/HR/BEN8_XX_11-12-2025_1995_2000_01-May-2023_01-Mar-2024_HR_03.dmp
  /backup/data_arch/BEN8_XX/HR/BEN8_XX_11-12-2025_1995_2000_01-May-2023_01-Mar-2024_HR_04.dmp
  /backup/data_arch/BEN8_XX/HR/BEN8_XX_11-12-2025_1995_2000_01-May-2023_01-Mar-2024_HR_05.dmp
  /backup/data_arch/BEN8_XX/HR/BEN8_XX_11-12-2025_1995_2000_01-May-2023_01-Mar-2024_HR_06.dmp
  /backup/data_arch/BEN8_XX/HR/BEN8_XX_11-12-2025_1995_2000_01-May-2023_01-Mar-2024_HR_07.dmp
  /backup/data_arch/BEN8_XX/HR/BEN8_XX_11-12-2025_1995_2000_01-May-2023_01-Mar-2024_HR_08.dmp
  /backup/data_arch/BEN8_XX/HR/BEN8_XX_11-12-2025_1995_2000_01-May-2023_01-Mar-2024_HR_09.dmp
Job "SYS"."SYS_EXPORT_TABLE_03" successfully completed at Thu Dec 11 23:15:15 2025 elapsed 0 00:00:25

TEMPLATE_NAME:  BEN8_XX
Error Count:  0
CURRENT DATE:  2025/12/11
Insert Data into PS_DATAMIN_EXPF_XX.

1 row created.


Commit complete.

Successful Export: Insert Done.
Template HRPRD-BEN8_XX successfully Exported, started at  Thu Dec 11 23:14:50 EST 2025 and finished at Thu Dec 11 23:15:17 EST 2025
----------------------------------------------------------------------------------------
Finished export of Template : BEN8_XX
----------------------------------------------------------------------------------------
#########################################################################################
Beginning export of Template : BEN9_XX
#########################################################################################
 
=> ( 1 ) LIFE_ADD_BEN_H : Get History Record Counts

1 row created.


Commit complete.

..Get TableSpace, Index & Index TableSpace

1 row created.


Commit complete.

=> ( 2 ) LIFE_AD_BNEFC_H : Get History Record Counts

1 row created.


Commit complete.

..Get TableSpace, Index & Index TableSpace

1 row created.


Commit complete.


Export: Release 19.0.0.0.0 - Production on Thu Dec 11 23:15:19 2025
Version 19.27.0.0.0

Copyright (c) 1982, 2019, Oracle and/or its affiliates.  All rights reserved.

Connected to: Oracle Database 19c Enterprise Edition Release 19.0.0.0.0 - Production
FLASHBACK automatically enabled to preserve database integrity.
Starting "SYS"."SYS_EXPORT_TABLE_03":  userid="/******** AS SYSDBA" directory=BEN9_XX_HR dumpfile=BEN9_XX_11-12-2025_1995_2000_01-May-2023_01-Mar-2024_HR_%U.dmp logfile=BEN9_XX_11-12-2025_1995_2000_01-May-2023_01-Mar-2024_HR.log parallel=18 EXCLUDE=statistics EXCLUDE=TRIGGER ENCRYPTION=ALL ENCRYPTION_MODE=DUAL ENCRYPTION_ALGORITHM=AES256 ENCRYPTION_PASSWORD=******** FILESIZE=10G COMPRESSION=ALL TABLES=SYSADM.PS_LIFE_ADD_BEN_H QUERY=SYSADM.PS_LIFE_ADD_BEN_H:"WHERE PSARCH_ID='BEN9_XX' AND PSARCH_BATCHNUM||PSARCH_ID IN (SELECT PSARCH_BATCHNUM||PSARCH_ID FROM SYSADM.PSARCHBATCH WHERE PSARCH_DTTM >= '01-May-2023' AND PSARCH_DTTM < '01-Mar-2024')" TABLES=SYSADM.PS_LIFE_AD_BNEFC_H QUERY=SYSADM.PS_LIFE_AD_BNEFC_H:"WHERE PSARCH_ID='BEN9_XX' AND PSARCH_BATCHNUM||PSARCH_ID IN (SELECT PSARCH_BATCHNUM||PSARCH_ID FROM SYSADM.PSARCHBATCH WHERE PSARCH_DTTM >= '01-May-2023' AND PSARCH_DTTM < '01-Mar-2024')" 
Processing object type TABLE_EXPORT/TABLE/PROCACT_INSTANCE
Processing object type TABLE_EXPORT/TABLE/TABLE_DATA
. . exported "SYSADM"."PS_LIFE_ADD_BEN_H"                    0 KB       0 rows
. . exported "SYSADM"."PS_LIFE_AD_BNEFC_H"                   0 KB       0 rows
Processing object type TABLE_EXPORT/TABLE/TABLE
Processing object type TABLE_EXPORT/TABLE/GRANT/OWNER_GRANT/OBJECT_GRANT
Processing object type TABLE_EXPORT/TABLE/INDEX/INDEX
Master table "SYS"."SYS_EXPORT_TABLE_03" successfully loaded/unloaded
******************************************************************************
Dump file set for SYS.SYS_EXPORT_TABLE_03 is:
  /backup/data_arch/BEN9_XX/HR/BEN9_XX_11-12-2025_1995_2000_01-May-2023_01-Mar-2024_HR_01.dmp
  /backup/data_arch/BEN9_XX/HR/BEN9_XX_11-12-2025_1995_2000_01-May-2023_01-Mar-2024_HR_02.dmp
  /backup/data_arch/BEN9_XX/HR/BEN9_XX_11-12-2025_1995_2000_01-May-2023_01-Mar-2024_HR_03.dmp
  /backup/data_arch/BEN9_XX/HR/BEN9_XX_11-12-2025_1995_2000_01-May-2023_01-Mar-2024_HR_04.dmp
  /backup/data_arch/BEN9_XX/HR/BEN9_XX_11-12-2025_1995_2000_01-May-2023_01-Mar-2024_HR_05.dmp
  /backup/data_arch/BEN9_XX/HR/BEN9_XX_11-12-2025_1995_2000_01-May-2023_01-Mar-2024_HR_06.dmp
  /backup/data_arch/BEN9_XX/HR/BEN9_XX_11-12-2025_1995_2000_01-May-2023_01-Mar-2024_HR_07.dmp
  /backup/data_arch/BEN9_XX/HR/BEN9_XX_11-12-2025_1995_2000_01-May-2023_01-Mar-2024_HR_08.dmp
  /backup/data_arch/BEN9_XX/HR/BEN9_XX_11-12-2025_1995_2000_01-May-2023_01-Mar-2024_HR_09.dmp
Job "SYS"."SYS_EXPORT_TABLE_03" successfully completed at Thu Dec 11 23:15:44 2025 elapsed 0 00:00:25

TEMPLATE_NAME:  BEN9_XX
Error Count:  0
CURRENT DATE:  2025/12/11
Insert Data into PS_DATAMIN_EXPF_XX.

1 row created.


Commit complete.

Successful Export: Insert Done.
Template HRPRD-BEN9_XX successfully Exported, started at  Thu Dec 11 23:15:19 EST 2025 and finished at Thu Dec 11 23:15:46 EST 2025
----------------------------------------------------------------------------------------
Finished export of Template : BEN9_XX
----------------------------------------------------------------------------------------
#########################################################################################
Beginning export of Template : BENX_74
#########################################################################################
 
=> ( 1 ) BENX74_AUD_H_XX : Get History Record Counts

1 row created.


Commit complete.

..Get TableSpace, Index & Index TableSpace

1 row created.


Commit complete.

=> ( 2 ) BNX74_GEN_H_XX : Get History Record Counts

1 row created.


Commit complete.

..Get TableSpace, Index & Index TableSpace

1 row created.


Commit complete.

=> ( 3 ) BNX74_STG_H_XX : Get History Record Counts

1 row created.


Commit complete.

..Get TableSpace, Index & Index TableSpace

1 row created.


Commit complete.


Export: Release 19.0.0.0.0 - Production on Thu Dec 11 23:15:47 2025
Version 19.27.0.0.0

Copyright (c) 1982, 2019, Oracle and/or its affiliates.  All rights reserved.

Connected to: Oracle Database 19c Enterprise Edition Release 19.0.0.0.0 - Production
FLASHBACK automatically enabled to preserve database integrity.
Starting "SYS"."SYS_EXPORT_TABLE_03":  userid="/******** AS SYSDBA" directory=BENX_74_HR dumpfile=BENX_74_11-12-2025_1995_2000_01-May-2023_01-Mar-2024_HR_%U.dmp logfile=BENX_74_11-12-2025_1995_2000_01-May-2023_01-Mar-2024_HR.log parallel=18 EXCLUDE=statistics EXCLUDE=TRIGGER ENCRYPTION=ALL ENCRYPTION_MODE=DUAL ENCRYPTION_ALGORITHM=AES256 ENCRYPTION_PASSWORD=******** FILESIZE=10G COMPRESSION=ALL TABLES=SYSADM.PS_BENX74_AUD_H_XX QUERY=SYSADM.PS_BENX74_AUD_H_XX:"WHERE PSARCH_ID='BENX_74' AND PSARCH_BATCHNUM||PSARCH_ID IN (SELECT PSARCH_BATCHNUM||PSARCH_ID FROM SYSADM.PSARCHBATCH WHERE PSARCH_DTTM >= '01-May-2023' AND PSARCH_DTTM < '01-Mar-2024')" TABLES=SYSADM.PS_BNX74_GEN_H_XX QUERY=SYSADM.PS_BNX74_GEN_H_XX:"WHERE PSARCH_ID='BENX_74' AND PSARCH_BATCHNUM||PSARCH_ID IN (SELECT PSARCH_BATCHNUM||PSARCH_ID FROM SYSADM.PSARCHBATCH WHERE PSARCH_DTTM >= '01-May-2023' AND PSARCH_DTTM < '01-Mar-2024')" TABLES=SYSADM.PS_BNX74_STG_H_XX QUERY=SYSADM.PS_BNX74_STG_H_XX:"WHERE PSARCH_ID='BENX_74' AND PSARCH_BATCHNUM||PSARCH_ID IN (SELECT PSARCH_BATCHNUM||PSARCH_ID FROM SYSADM.PSARCHBATCH WHERE PSARCH_DTTM >= '01-May-2023' AND PSARCH_DTTM < '01-Mar-2024')" 
Processing object type TABLE_EXPORT/TABLE/PROCACT_INSTANCE
Processing object type TABLE_EXPORT/TABLE/TABLE_DATA
. . exported "SYSADM"."PS_BENX74_AUD_H_XX"                   0 KB       0 rows
. . exported "SYSADM"."PS_BNX74_GEN_H_XX"                    0 KB       0 rows
. . exported "SYSADM"."PS_BNX74_STG_H_XX"                    0 KB       0 rows
Processing object type TABLE_EXPORT/TABLE/TABLE
Processing object type TABLE_EXPORT/TABLE/GRANT/OWNER_GRANT/OBJECT_GRANT
Processing object type TABLE_EXPORT/TABLE/INDEX/INDEX
Master table "SYS"."SYS_EXPORT_TABLE_03" successfully loaded/unloaded
******************************************************************************
Dump file set for SYS.SYS_EXPORT_TABLE_03 is:
  /backup/data_arch/BENX_74/HR/BENX_74_11-12-2025_1995_2000_01-May-2023_01-Mar-2024_HR_01.dmp
  /backup/data_arch/BENX_74/HR/BENX_74_11-12-2025_1995_2000_01-May-2023_01-Mar-2024_HR_02.dmp
  /backup/data_arch/BENX_74/HR/BENX_74_11-12-2025_1995_2000_01-May-2023_01-Mar-2024_HR_03.dmp
  /backup/data_arch/BENX_74/HR/BENX_74_11-12-2025_1995_2000_01-May-2023_01-Mar-2024_HR_04.dmp
  /backup/data_arch/BENX_74/HR/BENX_74_11-12-2025_1995_2000_01-May-2023_01-Mar-2024_HR_05.dmp
  /backup/data_arch/BENX_74/HR/BENX_74_11-12-2025_1995_2000_01-May-2023_01-Mar-2024_HR_06.dmp
  /backup/data_arch/BENX_74/HR/BENX_74_11-12-2025_1995_2000_01-May-2023_01-Mar-2024_HR_07.dmp
  /backup/data_arch/BENX_74/HR/BENX_74_11-12-2025_1995_2000_01-May-2023_01-Mar-2024_HR_08.dmp
  /backup/data_arch/BENX_74/HR/BENX_74_11-12-2025_1995_2000_01-May-2023_01-Mar-2024_HR_09.dmp
Job "SYS"."SYS_EXPORT_TABLE_03" successfully completed at Thu Dec 11 23:16:12 2025 elapsed 0 00:00:24

TEMPLATE_NAME:  BENX_74
Error Count:  0
CURRENT DATE:  2025/12/11
Insert Data into PS_DATAMIN_EXPF_XX.

1 row created.


Commit complete.

Successful Export: Insert Done.
Template HRPRD-BENX_74 successfully Exported, started at  Thu Dec 11 23:15:47 EST 2025 and finished at Thu Dec 11 23:16:15 EST 2025
----------------------------------------------------------------------------------------
Finished export of Template : BENX_74
----------------------------------------------------------------------------------------
#########################################################################################
Beginning export of Template : BSC14_XX
#########################################################################################
 
=> ( 1 ) SCK_RI_HR_H_XX : Get History Record Counts

1 row created.


Commit complete.

..Get TableSpace, Index & Index TableSpace

1 row created.


Commit complete.

=> ( 2 ) SCK_RI_P_H_XX : Get History Record Counts

1 row created.


Commit complete.

..Get TableSpace, Index & Index TableSpace

1 row created.


Commit complete.


Export: Release 19.0.0.0.0 - Production on Thu Dec 11 23:16:16 2025
Version 19.27.0.0.0

Copyright (c) 1982, 2019, Oracle and/or its affiliates.  All rights reserved.

Connected to: Oracle Database 19c Enterprise Edition Release 19.0.0.0.0 - Production
FLASHBACK automatically enabled to preserve database integrity.
Starting "SYS"."SYS_EXPORT_TABLE_03":  userid="/******** AS SYSDBA" directory=BSC14_XX_HR dumpfile=BSC14_XX_11-12-2025_1995_2000_01-May-2023_01-Mar-2024_HR_%U.dmp logfile=BSC14_XX_11-12-2025_1995_2000_01-May-2023_01-Mar-2024_HR.log parallel=18 EXCLUDE=statistics EXCLUDE=TRIGGER ENCRYPTION=ALL ENCRYPTION_MODE=DUAL ENCRYPTION_ALGORITHM=AES256 ENCRYPTION_PASSWORD=******** FILESIZE=10G COMPRESSION=ALL TABLES=SYSADM.PS_SCK_RI_HR_H_XX QUERY=SYSADM.PS_SCK_RI_HR_H_XX:"WHERE PSARCH_ID='BSC14_XX' AND PSARCH_BATCHNUM||PSARCH_ID IN (SELECT PSARCH_BATCHNUM||PSARCH_ID FROM SYSADM.PSARCHBATCH WHERE PSARCH_DTTM >= '01-May-2023' AND PSARCH_DTTM < '01-Mar-2024')" TABLES=SYSADM.PS_SCK_RI_P_H_XX QUERY=SYSADM.PS_SCK_RI_P_H_XX:"WHERE PSARCH_ID='BSC14_XX' AND PSARCH_BATCHNUM||PSARCH_ID IN (SELECT PSARCH_BATCHNUM||PSARCH_ID FROM SYSADM.PSARCHBATCH WHERE PSARCH_DTTM >= '01-May-2023' AND PSARCH_DTTM < '01-Mar-2024')" 
Processing object type TABLE_EXPORT/TABLE/PROCACT_INSTANCE
Processing object type TABLE_EXPORT/TABLE/TABLE_DATA
. . exported "SYSADM"."PS_SCK_RI_HR_H_XX"                    0 KB       0 rows
. . exported "SYSADM"."PS_SCK_RI_P_H_XX"                     0 KB       0 rows
Processing object type TABLE_EXPORT/TABLE/TABLE
Processing object type TABLE_EXPORT/TABLE/GRANT/OWNER_GRANT/OBJECT_GRANT
Processing object type TABLE_EXPORT/TABLE/INDEX/INDEX
Master table "SYS"."SYS_EXPORT_TABLE_03" successfully loaded/unloaded
******************************************************************************
Dump file set for SYS.SYS_EXPORT_TABLE_03 is:
  /backup/data_arch/BSC14_XX/HR/BSC14_XX_11-12-2025_1995_2000_01-May-2023_01-Mar-2024_HR_01.dmp
  /backup/data_arch/BSC14_XX/HR/BSC14_XX_11-12-2025_1995_2000_01-May-2023_01-Mar-2024_HR_02.dmp
  /backup/data_arch/BSC14_XX/HR/BSC14_XX_11-12-2025_1995_2000_01-May-2023_01-Mar-2024_HR_03.dmp
  /backup/data_arch/BSC14_XX/HR/BSC14_XX_11-12-2025_1995_2000_01-May-2023_01-Mar-2024_HR_04.dmp
  /backup/data_arch/BSC14_XX/HR/BSC14_XX_11-12-2025_1995_2000_01-May-2023_01-Mar-2024_HR_05.dmp
  /backup/data_arch/BSC14_XX/HR/BSC14_XX_11-12-2025_1995_2000_01-May-2023_01-Mar-2024_HR_06.dmp
  /backup/data_arch/BSC14_XX/HR/BSC14_XX_11-12-2025_1995_2000_01-May-2023_01-Mar-2024_HR_07.dmp
  /backup/data_arch/BSC14_XX/HR/BSC14_XX_11-12-2025_1995_2000_01-May-2023_01-Mar-2024_HR_08.dmp
  /backup/data_arch/BSC14_XX/HR/BSC14_XX_11-12-2025_1995_2000_01-May-2023_01-Mar-2024_HR_09.dmp
Job "SYS"."SYS_EXPORT_TABLE_03" successfully completed at Thu Dec 11 23:16:41 2025 elapsed 0 00:00:24

TEMPLATE_NAME:  BSC14_XX
Error Count:  0
CURRENT DATE:  2025/12/11
Insert Data into PS_DATAMIN_EXPF_XX.

1 row created.


Commit complete.

Successful Export: Insert Done.
Template HRPRD-BSC14_XX successfully Exported, started at  Thu Dec 11 23:16:16 EST 2025 and finished at Thu Dec 11 23:16:44 EST 2025
----------------------------------------------------------------------------------------
Finished export of Template : BSC14_XX
----------------------------------------------------------------------------------------
#########################################################################################
Beginning export of Template : BSC15_XX
#########################################################################################
 
=> ( 1 ) SCK_SC_PRO_H_XX : Get History Record Counts

1 row created.


Commit complete.

..Get TableSpace, Index & Index TableSpace

1 row created.


Commit complete.

=> ( 2 ) SCK_SDC_HR_H_XX : Get History Record Counts

1 row created.


Commit complete.

..Get TableSpace, Index & Index TableSpace

1 row created.


Commit complete.


Export: Release 19.0.0.0.0 - Production on Thu Dec 11 23:16:45 2025
Version 19.27.0.0.0

Copyright (c) 1982, 2019, Oracle and/or its affiliates.  All rights reserved.

Connected to: Oracle Database 19c Enterprise Edition Release 19.0.0.0.0 - Production
FLASHBACK automatically enabled to preserve database integrity.
Starting "SYS"."SYS_EXPORT_TABLE_03":  userid="/******** AS SYSDBA" directory=BSC15_XX_HR dumpfile=BSC15_XX_11-12-2025_1995_2000_01-May-2023_01-Mar-2024_HR_%U.dmp logfile=BSC15_XX_11-12-2025_1995_2000_01-May-2023_01-Mar-2024_HR.log parallel=18 EXCLUDE=statistics EXCLUDE=TRIGGER ENCRYPTION=ALL ENCRYPTION_MODE=DUAL ENCRYPTION_ALGORITHM=AES256 ENCRYPTION_PASSWORD=******** FILESIZE=10G COMPRESSION=ALL TABLES=SYSADM.PS_SCK_SC_PRO_H_XX QUERY=SYSADM.PS_SCK_SC_PRO_H_XX:"WHERE PSARCH_ID='BSC15_XX' AND PSARCH_BATCHNUM||PSARCH_ID IN (SELECT PSARCH_BATCHNUM||PSARCH_ID FROM SYSADM.PSARCHBATCH WHERE PSARCH_DTTM >= '01-May-2023' AND PSARCH_DTTM < '01-Mar-2024')" TABLES=SYSADM.PS_SCK_SDC_HR_H_XX QUERY=SYSADM.PS_SCK_SDC_HR_H_XX:"WHERE PSARCH_ID='BSC15_XX' AND PSARCH_BATCHNUM||PSARCH_ID IN (SELECT PSARCH_BATCHNUM||PSARCH_ID FROM SYSADM.PSARCHBATCH WHERE PSARCH_DTTM >= '01-May-2023' AND PSARCH_DTTM < '01-Mar-2024')" 
Processing object type TABLE_EXPORT/TABLE/PROCACT_INSTANCE
Processing object type TABLE_EXPORT/TABLE/TABLE_DATA
. . exported "SYSADM"."PS_SCK_SC_PRO_H_XX"                   0 KB       0 rows
. . exported "SYSADM"."PS_SCK_SDC_HR_H_XX"                   0 KB       0 rows
Processing object type TABLE_EXPORT/TABLE/TABLE
Processing object type TABLE_EXPORT/TABLE/GRANT/OWNER_GRANT/OBJECT_GRANT
Processing object type TABLE_EXPORT/TABLE/INDEX/INDEX
Master table "SYS"."SYS_EXPORT_TABLE_03" successfully loaded/unloaded
******************************************************************************
Dump file set for SYS.SYS_EXPORT_TABLE_03 is:
  /backup/data_arch/BSC15_XX/HR/BSC15_XX_11-12-2025_1995_2000_01-May-2023_01-Mar-2024_HR_01.dmp
  /backup/data_arch/BSC15_XX/HR/BSC15_XX_11-12-2025_1995_2000_01-May-2023_01-Mar-2024_HR_02.dmp
  /backup/data_arch/BSC15_XX/HR/BSC15_XX_11-12-2025_1995_2000_01-May-2023_01-Mar-2024_HR_03.dmp
  /backup/data_arch/BSC15_XX/HR/BSC15_XX_11-12-2025_1995_2000_01-May-2023_01-Mar-2024_HR_04.dmp
  /backup/data_arch/BSC15_XX/HR/BSC15_XX_11-12-2025_1995_2000_01-May-2023_01-Mar-2024_HR_05.dmp
  /backup/data_arch/BSC15_XX/HR/BSC15_XX_11-12-2025_1995_2000_01-May-2023_01-Mar-2024_HR_06.dmp
  /backup/data_arch/BSC15_XX/HR/BSC15_XX_11-12-2025_1995_2000_01-May-2023_01-Mar-2024_HR_07.dmp
  /backup/data_arch/BSC15_XX/HR/BSC15_XX_11-12-2025_1995_2000_01-May-2023_01-Mar-2024_HR_08.dmp
  /backup/data_arch/BSC15_XX/HR/BSC15_XX_11-12-2025_1995_2000_01-May-2023_01-Mar-2024_HR_09.dmp
Job "SYS"."SYS_EXPORT_TABLE_03" successfully completed at Thu Dec 11 23:17:10 2025 elapsed 0 00:00:24

TEMPLATE_NAME:  BSC15_XX
Error Count:  0
CURRENT DATE:  2025/12/11
Insert Data into PS_DATAMIN_EXPF_XX.

1 row created.


Commit complete.

Successful Export: Insert Done.
Template HRPRD-BSC15_XX successfully Exported, started at  Thu Dec 11 23:16:45 EST 2025 and finished at Thu Dec 11 23:17:13 EST 2025
----------------------------------------------------------------------------------------
Finished export of Template : BSC15_XX
----------------------------------------------------------------------------------------
#########################################################################################
Beginning export of Template : BSC16_XX
#########################################################################################
 
=> ( 1 ) SCK_SA_PRO_H_XX : Get History Record Counts

1 row created.


Commit complete.

..Get TableSpace, Index & Index TableSpace

1 row created.


Commit complete.

=> ( 2 ) SCK_SEA_HR_H_XX : Get History Record Counts

1 row created.


Commit complete.

..Get TableSpace, Index & Index TableSpace

1 row created.


Commit complete.


Export: Release 19.0.0.0.0 - Production on Thu Dec 11 23:17:13 2025
Version 19.27.0.0.0

Copyright (c) 1982, 2019, Oracle and/or its affiliates.  All rights reserved.

Connected to: Oracle Database 19c Enterprise Edition Release 19.0.0.0.0 - Production
FLASHBACK automatically enabled to preserve database integrity.
Starting "SYS"."SYS_EXPORT_TABLE_03":  userid="/******** AS SYSDBA" directory=BSC16_XX_HR dumpfile=BSC16_XX_11-12-2025_1995_2000_01-May-2023_01-Mar-2024_HR_%U.dmp logfile=BSC16_XX_11-12-2025_1995_2000_01-May-2023_01-Mar-2024_HR.log parallel=18 EXCLUDE=statistics EXCLUDE=TRIGGER ENCRYPTION=ALL ENCRYPTION_MODE=DUAL ENCRYPTION_ALGORITHM=AES256 ENCRYPTION_PASSWORD=******** FILESIZE=10G COMPRESSION=ALL TABLES=SYSADM.PS_SCK_SA_PRO_H_XX QUERY=SYSADM.PS_SCK_SA_PRO_H_XX:"WHERE PSARCH_ID='BSC16_XX' AND PSARCH_BATCHNUM||PSARCH_ID IN (SELECT PSARCH_BATCHNUM||PSARCH_ID FROM SYSADM.PSARCHBATCH WHERE PSARCH_DTTM >= '01-May-2023' AND PSARCH_DTTM < '01-Mar-2024')" TABLES=SYSADM.PS_SCK_SEA_HR_H_XX QUERY=SYSADM.PS_SCK_SEA_HR_H_XX:"WHERE PSARCH_ID='BSC16_XX' AND PSARCH_BATCHNUM||PSARCH_ID IN (SELECT PSARCH_BATCHNUM||PSARCH_ID FROM SYSADM.PSARCHBATCH WHERE PSARCH_DTTM >= '01-May-2023' AND PSARCH_DTTM < '01-Mar-2024')" 
Processing object type TABLE_EXPORT/TABLE/PROCACT_INSTANCE
Processing object type TABLE_EXPORT/TABLE/TABLE_DATA
. . exported "SYSADM"."PS_SCK_SA_PRO_H_XX"                   0 KB       0 rows
. . exported "SYSADM"."PS_SCK_SEA_HR_H_XX"                   0 KB       0 rows
Processing object type TABLE_EXPORT/TABLE/TABLE
Processing object type TABLE_EXPORT/TABLE/GRANT/OWNER_GRANT/OBJECT_GRANT
Processing object type TABLE_EXPORT/TABLE/INDEX/INDEX
Master table "SYS"."SYS_EXPORT_TABLE_03" successfully loaded/unloaded
******************************************************************************
Dump file set for SYS.SYS_EXPORT_TABLE_03 is:
  /backup/data_arch/BSC16_XX/HR/BSC16_XX_11-12-2025_1995_2000_01-May-2023_01-Mar-2024_HR_01.dmp
  /backup/data_arch/BSC16_XX/HR/BSC16_XX_11-12-2025_1995_2000_01-May-2023_01-Mar-2024_HR_02.dmp
  /backup/data_arch/BSC16_XX/HR/BSC16_XX_11-12-2025_1995_2000_01-May-2023_01-Mar-2024_HR_03.dmp
  /backup/data_arch/BSC16_XX/HR/BSC16_XX_11-12-2025_1995_2000_01-May-2023_01-Mar-2024_HR_04.dmp
  /backup/data_arch/BSC16_XX/HR/BSC16_XX_11-12-2025_1995_2000_01-May-2023_01-Mar-2024_HR_05.dmp
  /backup/data_arch/BSC16_XX/HR/BSC16_XX_11-12-2025_1995_2000_01-May-2023_01-Mar-2024_HR_06.dmp
  /backup/data_arch/BSC16_XX/HR/BSC16_XX_11-12-2025_1995_2000_01-May-2023_01-Mar-2024_HR_07.dmp
  /backup/data_arch/BSC16_XX/HR/BSC16_XX_11-12-2025_1995_2000_01-May-2023_01-Mar-2024_HR_08.dmp
  /backup/data_arch/BSC16_XX/HR/BSC16_XX_11-12-2025_1995_2000_01-May-2023_01-Mar-2024_HR_09.dmp
Job "SYS"."SYS_EXPORT_TABLE_03" successfully completed at Thu Dec 11 23:17:39 2025 elapsed 0 00:00:25

TEMPLATE_NAME:  BSC16_XX
Error Count:  0
CURRENT DATE:  2025/12/11
Insert Data into PS_DATAMIN_EXPF_XX.

1 row created.


Commit complete.

Successful Export: Insert Done.
Template HRPRD-BSC16_XX successfully Exported, started at  Thu Dec 11 23:17:13 EST 2025 and finished at Thu Dec 11 23:17:41 EST 2025
----------------------------------------------------------------------------------------
Finished export of Template : BSC16_XX
----------------------------------------------------------------------------------------
#########################################################################################
Beginning export of Template : BSC17_XX
#########################################################################################
 
=> ( 1 ) SCK_SPO_HR_H_XX : Get History Record Counts

1 row created.


Commit complete.

..Get TableSpace, Index & Index TableSpace

1 row created.


Commit complete.

=> ( 2 ) SCK_SPO_P_H_XX : Get History Record Counts

1 row created.


Commit complete.

..Get TableSpace, Index & Index TableSpace

1 row created.


Commit complete.


Export: Release 19.0.0.0.0 - Production on Thu Dec 11 23:17:42 2025
Version 19.27.0.0.0

Copyright (c) 1982, 2019, Oracle and/or its affiliates.  All rights reserved.

Connected to: Oracle Database 19c Enterprise Edition Release 19.0.0.0.0 - Production
FLASHBACK automatically enabled to preserve database integrity.
Starting "SYS"."SYS_EXPORT_TABLE_03":  userid="/******** AS SYSDBA" directory=BSC17_XX_HR dumpfile=BSC17_XX_11-12-2025_1995_2000_01-May-2023_01-Mar-2024_HR_%U.dmp logfile=BSC17_XX_11-12-2025_1995_2000_01-May-2023_01-Mar-2024_HR.log parallel=18 EXCLUDE=statistics EXCLUDE=TRIGGER ENCRYPTION=ALL ENCRYPTION_MODE=DUAL ENCRYPTION_ALGORITHM=AES256 ENCRYPTION_PASSWORD=******** FILESIZE=10G COMPRESSION=ALL TABLES=SYSADM.PS_SCK_SPO_HR_H_XX QUERY=SYSADM.PS_SCK_SPO_HR_H_XX:"WHERE PSARCH_ID='BSC17_XX' AND PSARCH_BATCHNUM||PSARCH_ID IN (SELECT PSARCH_BATCHNUM||PSARCH_ID FROM SYSADM.PSARCHBATCH WHERE PSARCH_DTTM >= '01-May-2023' AND PSARCH_DTTM < '01-Mar-2024')" TABLES=SYSADM.PS_SCK_SPO_P_H_XX QUERY=SYSADM.PS_SCK_SPO_P_H_XX:"WHERE PSARCH_ID='BSC17_XX' AND PSARCH_BATCHNUM||PSARCH_ID IN (SELECT PSARCH_BATCHNUM||PSARCH_ID FROM SYSADM.PSARCHBATCH WHERE PSARCH_DTTM >= '01-May-2023' AND PSARCH_DTTM < '01-Mar-2024')" 
Processing object type TABLE_EXPORT/TABLE/PROCACT_INSTANCE
Processing object type TABLE_EXPORT/TABLE/TABLE_DATA
. . exported "SYSADM"."PS_SCK_SPO_HR_H_XX"                   0 KB       0 rows
. . exported "SYSADM"."PS_SCK_SPO_P_H_XX"                    0 KB       0 rows
Processing object type TABLE_EXPORT/TABLE/TABLE
Processing object type TABLE_EXPORT/TABLE/GRANT/OWNER_GRANT/OBJECT_GRANT
Processing object type TABLE_EXPORT/TABLE/INDEX/INDEX
Master table "SYS"."SYS_EXPORT_TABLE_03" successfully loaded/unloaded
******************************************************************************
Dump file set for SYS.SYS_EXPORT_TABLE_03 is:
  /backup/data_arch/BSC17_XX/HR/BSC17_XX_11-12-2025_1995_2000_01-May-2023_01-Mar-2024_HR_01.dmp
  /backup/data_arch/BSC17_XX/HR/BSC17_XX_11-12-2025_1995_2000_01-May-2023_01-Mar-2024_HR_02.dmp
  /backup/data_arch/BSC17_XX/HR/BSC17_XX_11-12-2025_1995_2000_01-May-2023_01-Mar-2024_HR_03.dmp
  /backup/data_arch/BSC17_XX/HR/BSC17_XX_11-12-2025_1995_2000_01-May-2023_01-Mar-2024_HR_04.dmp
  /backup/data_arch/BSC17_XX/HR/BSC17_XX_11-12-2025_1995_2000_01-May-2023_01-Mar-2024_HR_05.dmp
  /backup/data_arch/BSC17_XX/HR/BSC17_XX_11-12-2025_1995_2000_01-May-2023_01-Mar-2024_HR_06.dmp
  /backup/data_arch/BSC17_XX/HR/BSC17_XX_11-12-2025_1995_2000_01-May-2023_01-Mar-2024_HR_07.dmp
  /backup/data_arch/BSC17_XX/HR/BSC17_XX_11-12-2025_1995_2000_01-May-2023_01-Mar-2024_HR_08.dmp
  /backup/data_arch/BSC17_XX/HR/BSC17_XX_11-12-2025_1995_2000_01-May-2023_01-Mar-2024_HR_09.dmp
Job "SYS"."SYS_EXPORT_TABLE_03" successfully completed at Thu Dec 11 23:18:07 2025 elapsed 0 00:00:25

TEMPLATE_NAME:  BSC17_XX
Error Count:  0
CURRENT DATE:  2025/12/11
Insert Data into PS_DATAMIN_EXPF_XX.

1 row created.


Commit complete.

Successful Export: Insert Done.
Template HRPRD-BSC17_XX successfully Exported, started at  Thu Dec 11 23:17:42 EST 2025 and finished at Thu Dec 11 23:18:09 EST 2025
----------------------------------------------------------------------------------------
Finished export of Template : BSC17_XX
----------------------------------------------------------------------------------------
#########################################################################################
Beginning export of Template : BSC18_XX
#########################################################################################
 
=> ( 1 ) SCK_TAC_HR_H_XX : Get History Record Counts

1 row created.


Commit complete.

..Get TableSpace, Index & Index TableSpace

1 row created.


Commit complete.

=> ( 2 ) SCK_TAC_P_H_XX : Get History Record Counts

1 row created.


Commit complete.

..Get TableSpace, Index & Index TableSpace

1 row created.


Commit complete.


Export: Release 19.0.0.0.0 - Production on Thu Dec 11 23:18:10 2025
Version 19.27.0.0.0

Copyright (c) 1982, 2019, Oracle and/or its affiliates.  All rights reserved.

Connected to: Oracle Database 19c Enterprise Edition Release 19.0.0.0.0 - Production
FLASHBACK automatically enabled to preserve database integrity.
Starting "SYS"."SYS_EXPORT_TABLE_03":  userid="/******** AS SYSDBA" directory=BSC18_XX_HR dumpfile=BSC18_XX_11-12-2025_1995_2000_01-May-2023_01-Mar-2024_HR_%U.dmp logfile=BSC18_XX_11-12-2025_1995_2000_01-May-2023_01-Mar-2024_HR.log parallel=18 EXCLUDE=statistics EXCLUDE=TRIGGER ENCRYPTION=ALL ENCRYPTION_MODE=DUAL ENCRYPTION_ALGORITHM=AES256 ENCRYPTION_PASSWORD=******** FILESIZE=10G COMPRESSION=ALL TABLES=SYSADM.PS_SCK_TAC_HR_H_XX QUERY=SYSADM.PS_SCK_TAC_HR_H_XX:"WHERE PSARCH_ID='BSC18_XX' AND PSARCH_BATCHNUM||PSARCH_ID IN (SELECT PSARCH_BATCHNUM||PSARCH_ID FROM SYSADM.PSARCHBATCH WHERE PSARCH_DTTM >= '01-May-2023' AND PSARCH_DTTM < '01-Mar-2024')" TABLES=SYSADM.PS_SCK_TAC_P_H_XX QUERY=SYSADM.PS_SCK_TAC_P_H_XX:"WHERE PSARCH_ID='BSC18_XX' AND PSARCH_BATCHNUM||PSARCH_ID IN (SELECT PSARCH_BATCHNUM||PSARCH_ID FROM SYSADM.PSARCHBATCH WHERE PSARCH_DTTM >= '01-May-2023' AND PSARCH_DTTM < '01-Mar-2024')" 
Processing object type TABLE_EXPORT/TABLE/PROCACT_INSTANCE
Processing object type TABLE_EXPORT/TABLE/TABLE_DATA
. . exported "SYSADM"."PS_SCK_TAC_HR_H_XX"                   0 KB       0 rows
. . exported "SYSADM"."PS_SCK_TAC_P_H_XX"                    0 KB       0 rows
Processing object type TABLE_EXPORT/TABLE/TABLE
Processing object type TABLE_EXPORT/TABLE/GRANT/OWNER_GRANT/OBJECT_GRANT
Processing object type TABLE_EXPORT/TABLE/INDEX/INDEX
Master table "SYS"."SYS_EXPORT_TABLE_03" successfully loaded/unloaded
******************************************************************************
Dump file set for SYS.SYS_EXPORT_TABLE_03 is:
  /backup/data_arch/BSC18_XX/HR/BSC18_XX_11-12-2025_1995_2000_01-May-2023_01-Mar-2024_HR_01.dmp
  /backup/data_arch/BSC18_XX/HR/BSC18_XX_11-12-2025_1995_2000_01-May-2023_01-Mar-2024_HR_02.dmp
  /backup/data_arch/BSC18_XX/HR/BSC18_XX_11-12-2025_1995_2000_01-May-2023_01-Mar-2024_HR_03.dmp
  /backup/data_arch/BSC18_XX/HR/BSC18_XX_11-12-2025_1995_2000_01-May-2023_01-Mar-2024_HR_04.dmp
  /backup/data_arch/BSC18_XX/HR/BSC18_XX_11-12-2025_1995_2000_01-May-2023_01-Mar-2024_HR_05.dmp
  /backup/data_arch/BSC18_XX/HR/BSC18_XX_11-12-2025_1995_2000_01-May-2023_01-Mar-2024_HR_06.dmp
  /backup/data_arch/BSC18_XX/HR/BSC18_XX_11-12-2025_1995_2000_01-May-2023_01-Mar-2024_HR_07.dmp
  /backup/data_arch/BSC18_XX/HR/BSC18_XX_11-12-2025_1995_2000_01-May-2023_01-Mar-2024_HR_08.dmp
  /backup/data_arch/BSC18_XX/HR/BSC18_XX_11-12-2025_1995_2000_01-May-2023_01-Mar-2024_HR_09.dmp
Job "SYS"."SYS_EXPORT_TABLE_03" successfully completed at Thu Dec 11 23:18:35 2025 elapsed 0 00:00:25

TEMPLATE_NAME:  BSC18_XX
Error Count:  0
CURRENT DATE:  2025/12/11
Insert Data into PS_DATAMIN_EXPF_XX.

1 row created.


Commit complete.

Successful Export: Insert Done.
Template HRPRD-BSC18_XX successfully Exported, started at  Thu Dec 11 23:18:10 EST 2025 and finished at Thu Dec 11 23:18:37 EST 2025
----------------------------------------------------------------------------------------
Finished export of Template : BSC18_XX
----------------------------------------------------------------------------------------
#########################################################################################
Beginning export of Template : BSC19_XX
#########################################################################################
 
=> ( 1 ) SCK_WA_HRS_H_XX : Get History Record Counts

1 row created.


Commit complete.

..Get TableSpace, Index & Index TableSpace

1 row created.


Commit complete.

=> ( 2 ) SCK_WA_PRO_H_XX : Get History Record Counts

1 row created.


Commit complete.

..Get TableSpace, Index & Index TableSpace

1 row created.


Commit complete.


Export: Release 19.0.0.0.0 - Production on Thu Dec 11 23:18:38 2025
Version 19.27.0.0.0

Copyright (c) 1982, 2019, Oracle and/or its affiliates.  All rights reserved.

Connected to: Oracle Database 19c Enterprise Edition Release 19.0.0.0.0 - Production
FLASHBACK automatically enabled to preserve database integrity.
Starting "SYS"."SYS_EXPORT_TABLE_03":  userid="/******** AS SYSDBA" directory=BSC19_XX_HR dumpfile=BSC19_XX_11-12-2025_1995_2000_01-May-2023_01-Mar-2024_HR_%U.dmp logfile=BSC19_XX_11-12-2025_1995_2000_01-May-2023_01-Mar-2024_HR.log parallel=18 EXCLUDE=statistics EXCLUDE=TRIGGER ENCRYPTION=ALL ENCRYPTION_MODE=DUAL ENCRYPTION_ALGORITHM=AES256 ENCRYPTION_PASSWORD=******** FILESIZE=10G COMPRESSION=ALL TABLES=SYSADM.PS_SCK_WA_HRS_H_XX QUERY=SYSADM.PS_SCK_WA_HRS_H_XX:"WHERE PSARCH_ID='BSC19_XX' AND PSARCH_BATCHNUM||PSARCH_ID IN (SELECT PSARCH_BATCHNUM||PSARCH_ID FROM SYSADM.PSARCHBATCH WHERE PSARCH_DTTM >= '01-May-2023' AND PSARCH_DTTM < '01-Mar-2024')" TABLES=SYSADM.PS_SCK_WA_PRO_H_XX QUERY=SYSADM.PS_SCK_WA_PRO_H_XX:"WHERE PSARCH_ID='BSC19_XX' AND PSARCH_BATCHNUM||PSARCH_ID IN (SELECT PSARCH_BATCHNUM||PSARCH_ID FROM SYSADM.PSARCHBATCH WHERE PSARCH_DTTM >= '01-May-2023' AND PSARCH_DTTM < '01-Mar-2024')" 
Processing object type TABLE_EXPORT/TABLE/PROCACT_INSTANCE
Processing object type TABLE_EXPORT/TABLE/TABLE_DATA
. . exported "SYSADM"."PS_SCK_WA_HRS_H_XX"                   0 KB       0 rows
. . exported "SYSADM"."PS_SCK_WA_PRO_H_XX"                   0 KB       0 rows
Processing object type TABLE_EXPORT/TABLE/TABLE
Processing object type TABLE_EXPORT/TABLE/GRANT/OWNER_GRANT/OBJECT_GRANT
Processing object type TABLE_EXPORT/TABLE/INDEX/INDEX
Master table "SYS"."SYS_EXPORT_TABLE_03" successfully loaded/unloaded
******************************************************************************
Dump file set for SYS.SYS_EXPORT_TABLE_03 is:
  /backup/data_arch/BSC19_XX/HR/BSC19_XX_11-12-2025_1995_2000_01-May-2023_01-Mar-2024_HR_01.dmp
  /backup/data_arch/BSC19_XX/HR/BSC19_XX_11-12-2025_1995_2000_01-May-2023_01-Mar-2024_HR_02.dmp
  /backup/data_arch/BSC19_XX/HR/BSC19_XX_11-12-2025_1995_2000_01-May-2023_01-Mar-2024_HR_03.dmp
  /backup/data_arch/BSC19_XX/HR/BSC19_XX_11-12-2025_1995_2000_01-May-2023_01-Mar-2024_HR_04.dmp
  /backup/data_arch/BSC19_XX/HR/BSC19_XX_11-12-2025_1995_2000_01-May-2023_01-Mar-2024_HR_05.dmp
  /backup/data_arch/BSC19_XX/HR/BSC19_XX_11-12-2025_1995_2000_01-May-2023_01-Mar-2024_HR_06.dmp
  /backup/data_arch/BSC19_XX/HR/BSC19_XX_11-12-2025_1995_2000_01-May-2023_01-Mar-2024_HR_07.dmp
  /backup/data_arch/BSC19_XX/HR/BSC19_XX_11-12-2025_1995_2000_01-May-2023_01-Mar-2024_HR_08.dmp
  /backup/data_arch/BSC19_XX/HR/BSC19_XX_11-12-2025_1995_2000_01-May-2023_01-Mar-2024_HR_09.dmp
Job "SYS"."SYS_EXPORT_TABLE_03" successfully completed at Thu Dec 11 23:19:02 2025 elapsed 0 00:00:24

TEMPLATE_NAME:  BSC19_XX
Error Count:  0
CURRENT DATE:  2025/12/11
Insert Data into PS_DATAMIN_EXPF_XX.

1 row created.


Commit complete.

Successful Export: Insert Done.
Template HRPRD-BSC19_XX successfully Exported, started at  Thu Dec 11 23:18:38 EST 2025 and finished at Thu Dec 11 23:19:05 EST 2025
----------------------------------------------------------------------------------------
Finished export of Template : BSC19_XX
----------------------------------------------------------------------------------------
#########################################################################################
Beginning export of Template : BSC20_XX
#########################################################################################
 
=> ( 1 ) SICK_CT_HR_H_XX : Get History Record Counts

1 row created.


Commit complete.

..Get TableSpace, Index & Index TableSpace

1 row created.


Commit complete.

=> ( 2 ) SICK_CT_PR_H_XX : Get History Record Counts

1 row created.


Commit complete.

..Get TableSpace, Index & Index TableSpace

1 row created.


Commit complete.


Export: Release 19.0.0.0.0 - Production on Thu Dec 11 23:19:06 2025
Version 19.27.0.0.0

Copyright (c) 1982, 2019, Oracle and/or its affiliates.  All rights reserved.

Connected to: Oracle Database 19c Enterprise Edition Release 19.0.0.0.0 - Production
FLASHBACK automatically enabled to preserve database integrity.
Starting "SYS"."SYS_EXPORT_TABLE_03":  userid="/******** AS SYSDBA" directory=BSC20_XX_HR dumpfile=BSC20_XX_11-12-2025_1995_2000_01-May-2023_01-Mar-2024_HR_%U.dmp logfile=BSC20_XX_11-12-2025_1995_2000_01-May-2023_01-Mar-2024_HR.log parallel=18 EXCLUDE=statistics EXCLUDE=TRIGGER ENCRYPTION=ALL ENCRYPTION_MODE=DUAL ENCRYPTION_ALGORITHM=AES256 ENCRYPTION_PASSWORD=******** FILESIZE=10G COMPRESSION=ALL TABLES=SYSADM.PS_SICK_CT_HR_H_XX QUERY=SYSADM.PS_SICK_CT_HR_H_XX:"WHERE PSARCH_ID='BSC20_XX' AND PSARCH_BATCHNUM||PSARCH_ID IN (SELECT PSARCH_BATCHNUM||PSARCH_ID FROM SYSADM.PSARCHBATCH WHERE PSARCH_DTTM >= '01-May-2023' AND PSARCH_DTTM < '01-Mar-2024')" TABLES=SYSADM.PS_SICK_CT_PR_H_XX QUERY=SYSADM.PS_SICK_CT_PR_H_XX:"WHERE PSARCH_ID='BSC20_XX' AND PSARCH_BATCHNUM||PSARCH_ID IN (SELECT PSARCH_BATCHNUM||PSARCH_ID FROM SYSADM.PSARCHBATCH WHERE PSARCH_DTTM >= '01-May-2023' AND PSARCH_DTTM < '01-Mar-2024')" 
Processing object type TABLE_EXPORT/TABLE/TABLE_DATA
Processing object type TABLE_EXPORT/TABLE/PROCACT_INSTANCE
. . exported "SYSADM"."PS_SICK_CT_HR_H_XX"                   0 KB       0 rows
. . exported "SYSADM"."PS_SICK_CT_PR_H_XX"                   0 KB       0 rows
Processing object type TABLE_EXPORT/TABLE/TABLE
Processing object type TABLE_EXPORT/TABLE/GRANT/OWNER_GRANT/OBJECT_GRANT
Processing object type TABLE_EXPORT/TABLE/INDEX/INDEX
Master table "SYS"."SYS_EXPORT_TABLE_03" successfully loaded/unloaded
******************************************************************************
Dump file set for SYS.SYS_EXPORT_TABLE_03 is:
  /backup/data_arch/BSC20_XX/HR/BSC20_XX_11-12-2025_1995_2000_01-May-2023_01-Mar-2024_HR_01.dmp
  /backup/data_arch/BSC20_XX/HR/BSC20_XX_11-12-2025_1995_2000_01-May-2023_01-Mar-2024_HR_02.dmp
  /backup/data_arch/BSC20_XX/HR/BSC20_XX_11-12-2025_1995_2000_01-May-2023_01-Mar-2024_HR_03.dmp
  /backup/data_arch/BSC20_XX/HR/BSC20_XX_11-12-2025_1995_2000_01-May-2023_01-Mar-2024_HR_04.dmp
  /backup/data_arch/BSC20_XX/HR/BSC20_XX_11-12-2025_1995_2000_01-May-2023_01-Mar-2024_HR_05.dmp
  /backup/data_arch/BSC20_XX/HR/BSC20_XX_11-12-2025_1995_2000_01-May-2023_01-Mar-2024_HR_06.dmp
  /backup/data_arch/BSC20_XX/HR/BSC20_XX_11-12-2025_1995_2000_01-May-2023_01-Mar-2024_HR_07.dmp
  /backup/data_arch/BSC20_XX/HR/BSC20_XX_11-12-2025_1995_2000_01-May-2023_01-Mar-2024_HR_08.dmp
  /backup/data_arch/BSC20_XX/HR/BSC20_XX_11-12-2025_1995_2000_01-May-2023_01-Mar-2024_HR_09.dmp
Job "SYS"."SYS_EXPORT_TABLE_03" successfully completed at Thu Dec 11 23:19:30 2025 elapsed 0 00:00:24

TEMPLATE_NAME:  BSC20_XX
Error Count:  0
CURRENT DATE:  2025/12/11
Insert Data into PS_DATAMIN_EXPF_XX.

1 row created.


Commit complete.

Successful Export: Insert Done.
Template HRPRD-BSC20_XX successfully Exported, started at  Thu Dec 11 23:19:06 EST 2025 and finished at Thu Dec 11 23:19:34 EST 2025
----------------------------------------------------------------------------------------
Finished export of Template : BSC20_XX
----------------------------------------------------------------------------------------
#########################################################################################
Beginning export of Template : BSCK10XX
#########################################################################################
 
=> ( 1 ) SCK_NN_PRO_H_XX : Get History Record Counts

1 row created.


Commit complete.

..Get TableSpace, Index & Index TableSpace

1 row created.


Commit complete.

=> ( 2 ) SCK_NWN_HR_H_XX : Get History Record Counts

1 row created.


Commit complete.

..Get TableSpace, Index & Index TableSpace

1 row created.


Commit complete.


Export: Release 19.0.0.0.0 - Production on Thu Dec 11 23:19:34 2025
Version 19.27.0.0.0

Copyright (c) 1982, 2019, Oracle and/or its affiliates.  All rights reserved.

Connected to: Oracle Database 19c Enterprise Edition Release 19.0.0.0.0 - Production
FLASHBACK automatically enabled to preserve database integrity.
Starting "SYS"."SYS_EXPORT_TABLE_03":  userid="/******** AS SYSDBA" directory=BSCK10XX_HR dumpfile=BSCK10XX_11-12-2025_1995_2000_01-May-2023_01-Mar-2024_HR_%U.dmp logfile=BSCK10XX_11-12-2025_1995_2000_01-May-2023_01-Mar-2024_HR.log parallel=18 EXCLUDE=statistics EXCLUDE=TRIGGER ENCRYPTION=ALL ENCRYPTION_MODE=DUAL ENCRYPTION_ALGORITHM=AES256 ENCRYPTION_PASSWORD=******** FILESIZE=10G COMPRESSION=ALL TABLES=SYSADM.PS_SCK_NN_PRO_H_XX QUERY=SYSADM.PS_SCK_NN_PRO_H_XX:"WHERE PSARCH_ID='BSCK10XX' AND PSARCH_BATCHNUM||PSARCH_ID IN (SELECT PSARCH_BATCHNUM||PSARCH_ID FROM SYSADM.PSARCHBATCH WHERE PSARCH_DTTM >= '01-May-2023' AND PSARCH_DTTM < '01-Mar-2024')" TABLES=SYSADM.PS_SCK_NWN_HR_H_XX QUERY=SYSADM.PS_SCK_NWN_HR_H_XX:"WHERE PSARCH_ID='BSCK10XX' AND PSARCH_BATCHNUM||PSARCH_ID IN (SELECT PSARCH_BATCHNUM||PSARCH_ID FROM SYSADM.PSARCHBATCH WHERE PSARCH_DTTM >= '01-May-2023' AND PSARCH_DTTM < '01-Mar-2024')" 
Processing object type TABLE_EXPORT/TABLE/PROCACT_INSTANCE
Processing object type TABLE_EXPORT/TABLE/TABLE_DATA
. . exported "SYSADM"."PS_SCK_NN_PRO_H_XX"                   0 KB       0 rows
. . exported "SYSADM"."PS_SCK_NWN_HR_H_XX"                   0 KB       0 rows
Processing object type TABLE_EXPORT/TABLE/TABLE
Processing object type TABLE_EXPORT/TABLE/GRANT/OWNER_GRANT/OBJECT_GRANT
Processing object type TABLE_EXPORT/TABLE/INDEX/INDEX
Master table "SYS"."SYS_EXPORT_TABLE_03" successfully loaded/unloaded
******************************************************************************
Dump file set for SYS.SYS_EXPORT_TABLE_03 is:
  /backup/data_arch/BSCK10XX/HR/BSCK10XX_11-12-2025_1995_2000_01-May-2023_01-Mar-2024_HR_01.dmp
  /backup/data_arch/BSCK10XX/HR/BSCK10XX_11-12-2025_1995_2000_01-May-2023_01-Mar-2024_HR_02.dmp
  /backup/data_arch/BSCK10XX/HR/BSCK10XX_11-12-2025_1995_2000_01-May-2023_01-Mar-2024_HR_03.dmp
  /backup/data_arch/BSCK10XX/HR/BSCK10XX_11-12-2025_1995_2000_01-May-2023_01-Mar-2024_HR_04.dmp
  /backup/data_arch/BSCK10XX/HR/BSCK10XX_11-12-2025_1995_2000_01-May-2023_01-Mar-2024_HR_05.dmp
  /backup/data_arch/BSCK10XX/HR/BSCK10XX_11-12-2025_1995_2000_01-May-2023_01-Mar-2024_HR_06.dmp
  /backup/data_arch/BSCK10XX/HR/BSCK10XX_11-12-2025_1995_2000_01-May-2023_01-Mar-2024_HR_07.dmp
  /backup/data_arch/BSCK10XX/HR/BSCK10XX_11-12-2025_1995_2000_01-May-2023_01-Mar-2024_HR_08.dmp
  /backup/data_arch/BSCK10XX/HR/BSCK10XX_11-12-2025_1995_2000_01-May-2023_01-Mar-2024_HR_09.dmp
Job "SYS"."SYS_EXPORT_TABLE_03" successfully completed at Thu Dec 11 23:19:59 2025 elapsed 0 00:00:24

TEMPLATE_NAME:  BSCK10XX
Error Count:  0
CURRENT DATE:  2025/12/11
Insert Data into PS_DATAMIN_EXPF_XX.

1 row created.


Commit complete.

Successful Export: Insert Done.
Template HRPRD-BSCK10XX successfully Exported, started at  Thu Dec 11 23:19:34 EST 2025 and finished at Thu Dec 11 23:20:02 EST 2025
----------------------------------------------------------------------------------------
Finished export of Template : BSCK10XX
----------------------------------------------------------------------------------------
#########################################################################################
Beginning export of Template : BSCK11XX
#########################################################################################
 
=> ( 1 ) SCK_NC_PRO_H_XX : Get History Record Counts

1 row created.


Commit complete.

..Get TableSpace, Index & Index TableSpace

1 row created.


Commit complete.

=> ( 2 ) SCK_NYC_HR_H_XX : Get History Record Counts

1 row created.


Commit complete.

..Get TableSpace, Index & Index TableSpace

1 row created.


Commit complete.


Export: Release 19.0.0.0.0 - Production on Thu Dec 11 23:20:04 2025
Version 19.27.0.0.0

Copyright (c) 1982, 2019, Oracle and/or its affiliates.  All rights reserved.

Connected to: Oracle Database 19c Enterprise Edition Release 19.0.0.0.0 - Production
FLASHBACK automatically enabled to preserve database integrity.
Starting "SYS"."SYS_EXPORT_TABLE_03":  userid="/******** AS SYSDBA" directory=BSCK11XX_HR dumpfile=BSCK11XX_11-12-2025_1995_2000_01-May-2023_01-Mar-2024_HR_%U.dmp logfile=BSCK11XX_11-12-2025_1995_2000_01-May-2023_01-Mar-2024_HR.log parallel=18 EXCLUDE=statistics EXCLUDE=TRIGGER ENCRYPTION=ALL ENCRYPTION_MODE=DUAL ENCRYPTION_ALGORITHM=AES256 ENCRYPTION_PASSWORD=******** FILESIZE=10G COMPRESSION=ALL TABLES=SYSADM.PS_SCK_NC_PRO_H_XX QUERY=SYSADM.PS_SCK_NC_PRO_H_XX:"WHERE PSARCH_ID='BSCK11XX' AND PSARCH_BATCHNUM||PSARCH_ID IN (SELECT PSARCH_BATCHNUM||PSARCH_ID FROM SYSADM.PSARCHBATCH WHERE PSARCH_DTTM >= '01-May-2023' AND PSARCH_DTTM < '01-Mar-2024')" TABLES=SYSADM.PS_SCK_NYC_HR_H_XX QUERY=SYSADM.PS_SCK_NYC_HR_H_XX:"WHERE PSARCH_ID='BSCK11XX' AND PSARCH_BATCHNUM||PSARCH_ID IN (SELECT PSARCH_BATCHNUM||PSARCH_ID FROM SYSADM.PSARCHBATCH WHERE PSARCH_DTTM >= '01-May-2023' AND PSARCH_DTTM < '01-Mar-2024')" 
Processing object type TABLE_EXPORT/TABLE/PROCACT_INSTANCE
Processing object type TABLE_EXPORT/TABLE/TABLE_DATA
. . exported "SYSADM"."PS_SCK_NC_PRO_H_XX"                   0 KB       0 rows
. . exported "SYSADM"."PS_SCK_NYC_HR_H_XX"                   0 KB       0 rows
Processing object type TABLE_EXPORT/TABLE/TABLE
Processing object type TABLE_EXPORT/TABLE/GRANT/OWNER_GRANT/OBJECT_GRANT
Processing object type TABLE_EXPORT/TABLE/INDEX/INDEX
Master table "SYS"."SYS_EXPORT_TABLE_03" successfully loaded/unloaded
******************************************************************************
Dump file set for SYS.SYS_EXPORT_TABLE_03 is:
  /backup/data_arch/BSCK11XX/HR/BSCK11XX_11-12-2025_1995_2000_01-May-2023_01-Mar-2024_HR_01.dmp
  /backup/data_arch/BSCK11XX/HR/BSCK11XX_11-12-2025_1995_2000_01-May-2023_01-Mar-2024_HR_02.dmp
  /backup/data_arch/BSCK11XX/HR/BSCK11XX_11-12-2025_1995_2000_01-May-2023_01-Mar-2024_HR_03.dmp
  /backup/data_arch/BSCK11XX/HR/BSCK11XX_11-12-2025_1995_2000_01-May-2023_01-Mar-2024_HR_04.dmp
  /backup/data_arch/BSCK11XX/HR/BSCK11XX_11-12-2025_1995_2000_01-May-2023_01-Mar-2024_HR_05.dmp
  /backup/data_arch/BSCK11XX/HR/BSCK11XX_11-12-2025_1995_2000_01-May-2023_01-Mar-2024_HR_06.dmp
  /backup/data_arch/BSCK11XX/HR/BSCK11XX_11-12-2025_1995_2000_01-May-2023_01-Mar-2024_HR_07.dmp
  /backup/data_arch/BSCK11XX/HR/BSCK11XX_11-12-2025_1995_2000_01-May-2023_01-Mar-2024_HR_08.dmp
  /backup/data_arch/BSCK11XX/HR/BSCK11XX_11-12-2025_1995_2000_01-May-2023_01-Mar-2024_HR_09.dmp
Job "SYS"."SYS_EXPORT_TABLE_03" successfully completed at Thu Dec 11 23:20:30 2025 elapsed 0 00:00:25

TEMPLATE_NAME:  BSCK11XX
Error Count:  0
CURRENT DATE:  2025/12/11
Insert Data into PS_DATAMIN_EXPF_XX.

1 row created.


Commit complete.

Successful Export: Insert Done.
Template HRPRD-BSCK11XX successfully Exported, started at  Thu Dec 11 23:20:04 EST 2025 and finished at Thu Dec 11 23:20:33 EST 2025
----------------------------------------------------------------------------------------
Finished export of Template : BSCK11XX
----------------------------------------------------------------------------------------
#########################################################################################
Beginning export of Template : BSCK12XX
#########################################################################################
 
=> ( 1 ) SCK_OAK_HR_H_XX : Get History Record Counts

1 row created.


Commit complete.

..Get TableSpace, Index & Index TableSpace

1 row created.


Commit complete.

=> ( 2 ) SCK_OAK_P_H_XX : Get History Record Counts

1 row created.


Commit complete.

..Get TableSpace, Index & Index TableSpace

1 row created.


Commit complete.


Export: Release 19.0.0.0.0 - Production on Thu Dec 11 23:20:33 2025
Version 19.27.0.0.0

Copyright (c) 1982, 2019, Oracle and/or its affiliates.  All rights reserved.

Connected to: Oracle Database 19c Enterprise Edition Release 19.0.0.0.0 - Production
FLASHBACK automatically enabled to preserve database integrity.
Starting "SYS"."SYS_EXPORT_TABLE_03":  userid="/******** AS SYSDBA" directory=BSCK12XX_HR dumpfile=BSCK12XX_11-12-2025_1995_2000_01-May-2023_01-Mar-2024_HR_%U.dmp logfile=BSCK12XX_11-12-2025_1995_2000_01-May-2023_01-Mar-2024_HR.log parallel=18 EXCLUDE=statistics EXCLUDE=TRIGGER ENCRYPTION=ALL ENCRYPTION_MODE=DUAL ENCRYPTION_ALGORITHM=AES256 ENCRYPTION_PASSWORD=******** FILESIZE=10G COMPRESSION=ALL TABLES=SYSADM.PS_SCK_OAK_HR_H_XX QUERY=SYSADM.PS_SCK_OAK_HR_H_XX:"WHERE PSARCH_ID='BSCK12XX' AND PSARCH_BATCHNUM||PSARCH_ID IN (SELECT PSARCH_BATCHNUM||PSARCH_ID FROM SYSADM.PSARCHBATCH WHERE PSARCH_DTTM >= '01-May-2023' AND PSARCH_DTTM < '01-Mar-2024')" TABLES=SYSADM.PS_SCK_OAK_P_H_XX QUERY=SYSADM.PS_SCK_OAK_P_H_XX:"WHERE PSARCH_ID='BSCK12XX' AND PSARCH_BATCHNUM||PSARCH_ID IN (SELECT PSARCH_BATCHNUM||PSARCH_ID FROM SYSADM.PSARCHBATCH WHERE PSARCH_DTTM >= '01-May-2023' AND PSARCH_DTTM < '01-Mar-2024')" 
Processing object type TABLE_EXPORT/TABLE/PROCACT_INSTANCE
Processing object type TABLE_EXPORT/TABLE/TABLE_DATA
. . exported "SYSADM"."PS_SCK_OAK_HR_H_XX"                   0 KB       0 rows
. . exported "SYSADM"."PS_SCK_OAK_P_H_XX"                    0 KB       0 rows
Processing object type TABLE_EXPORT/TABLE/TABLE
Processing object type TABLE_EXPORT/TABLE/GRANT/OWNER_GRANT/OBJECT_GRANT
Processing object type TABLE_EXPORT/TABLE/INDEX/INDEX
Master table "SYS"."SYS_EXPORT_TABLE_03" successfully loaded/unloaded
******************************************************************************
Dump file set for SYS.SYS_EXPORT_TABLE_03 is:
  /backup/data_arch/BSCK12XX/HR/BSCK12XX_11-12-2025_1995_2000_01-May-2023_01-Mar-2024_HR_01.dmp
  /backup/data_arch/BSCK12XX/HR/BSCK12XX_11-12-2025_1995_2000_01-May-2023_01-Mar-2024_HR_02.dmp
  /backup/data_arch/BSCK12XX/HR/BSCK12XX_11-12-2025_1995_2000_01-May-2023_01-Mar-2024_HR_03.dmp
  /backup/data_arch/BSCK12XX/HR/BSCK12XX_11-12-2025_1995_2000_01-May-2023_01-Mar-2024_HR_04.dmp
  /backup/data_arch/BSCK12XX/HR/BSCK12XX_11-12-2025_1995_2000_01-May-2023_01-Mar-2024_HR_05.dmp
  /backup/data_arch/BSCK12XX/HR/BSCK12XX_11-12-2025_1995_2000_01-May-2023_01-Mar-2024_HR_06.dmp
  /backup/data_arch/BSCK12XX/HR/BSCK12XX_11-12-2025_1995_2000_01-May-2023_01-Mar-2024_HR_07.dmp
  /backup/data_arch/BSCK12XX/HR/BSCK12XX_11-12-2025_1995_2000_01-May-2023_01-Mar-2024_HR_08.dmp
  /backup/data_arch/BSCK12XX/HR/BSCK12XX_11-12-2025_1995_2000_01-May-2023_01-Mar-2024_HR_09.dmp
Job "SYS"."SYS_EXPORT_TABLE_03" successfully completed at Thu Dec 11 23:20:58 2025 elapsed 0 00:00:24

TEMPLATE_NAME:  BSCK12XX
Error Count:  0
CURRENT DATE:  2025/12/11
Insert Data into PS_DATAMIN_EXPF_XX.

1 row created.


Commit complete.

Successful Export: Insert Done.
Template HRPRD-BSCK12XX successfully Exported, started at  Thu Dec 11 23:20:33 EST 2025 and finished at Thu Dec 11 23:21:01 EST 2025
----------------------------------------------------------------------------------------
Finished export of Template : BSCK12XX
----------------------------------------------------------------------------------------
#########################################################################################
Beginning export of Template : BSCK13XX
#########################################################################################
 
=> ( 1 ) SCK_POR_HR_H_XX : Get History Record Counts

1 row created.


Commit complete.

..Get TableSpace, Index & Index TableSpace

1 row created.


Commit complete.

=> ( 2 ) SCK_POR_PR_H_XX : Get History Record Counts

1 row created.


Commit complete.

..Get TableSpace, Index & Index TableSpace

1 row created.


Commit complete.


Export: Release 19.0.0.0.0 - Production on Thu Dec 11 23:21:02 2025
Version 19.27.0.0.0

Copyright (c) 1982, 2019, Oracle and/or its affiliates.  All rights reserved.

Connected to: Oracle Database 19c Enterprise Edition Release 19.0.0.0.0 - Production
FLASHBACK automatically enabled to preserve database integrity.
Starting "SYS"."SYS_EXPORT_TABLE_03":  userid="/******** AS SYSDBA" directory=BSCK13XX_HR dumpfile=BSCK13XX_11-12-2025_1995_2000_01-May-2023_01-Mar-2024_HR_%U.dmp logfile=BSCK13XX_11-12-2025_1995_2000_01-May-2023_01-Mar-2024_HR.log parallel=18 EXCLUDE=statistics EXCLUDE=TRIGGER ENCRYPTION=ALL ENCRYPTION_MODE=DUAL ENCRYPTION_ALGORITHM=AES256 ENCRYPTION_PASSWORD=******** FILESIZE=10G COMPRESSION=ALL TABLES=SYSADM.PS_SCK_POR_HR_H_XX QUERY=SYSADM.PS_SCK_POR_HR_H_XX:"WHERE PSARCH_ID='BSCK13XX' AND PSARCH_BATCHNUM||PSARCH_ID IN (SELECT PSARCH_BATCHNUM||PSARCH_ID FROM SYSADM.PSARCHBATCH WHERE PSARCH_DTTM >= '01-May-2023' AND PSARCH_DTTM < '01-Mar-2024')" TABLES=SYSADM.PS_SCK_POR_PR_H_XX QUERY=SYSADM.PS_SCK_POR_PR_H_XX:"WHERE PSARCH_ID='BSCK13XX' AND PSARCH_BATCHNUM||PSARCH_ID IN (SELECT PSARCH_BATCHNUM||PSARCH_ID FROM SYSADM.PSARCHBATCH WHERE PSARCH_DTTM >= '01-May-2023' AND PSARCH_DTTM < '01-Mar-2024')" 
Processing object type TABLE_EXPORT/TABLE/PROCACT_INSTANCE
Processing object type TABLE_EXPORT/TABLE/TABLE_DATA
. . exported "SYSADM"."PS_SCK_POR_HR_H_XX"                   0 KB       0 rows
. . exported "SYSADM"."PS_SCK_POR_PR_H_XX"                   0 KB       0 rows
Processing object type TABLE_EXPORT/TABLE/TABLE
Processing object type TABLE_EXPORT/TABLE/GRANT/OWNER_GRANT/OBJECT_GRANT
Processing object type TABLE_EXPORT/TABLE/INDEX/INDEX
Master table "SYS"."SYS_EXPORT_TABLE_03" successfully loaded/unloaded
******************************************************************************
Dump file set for SYS.SYS_EXPORT_TABLE_03 is:
  /backup/data_arch/BSCK13XX/HR/BSCK13XX_11-12-2025_1995_2000_01-May-2023_01-Mar-2024_HR_01.dmp
  /backup/data_arch/BSCK13XX/HR/BSCK13XX_11-12-2025_1995_2000_01-May-2023_01-Mar-2024_HR_02.dmp
  /backup/data_arch/BSCK13XX/HR/BSCK13XX_11-12-2025_1995_2000_01-May-2023_01-Mar-2024_HR_03.dmp
  /backup/data_arch/BSCK13XX/HR/BSCK13XX_11-12-2025_1995_2000_01-May-2023_01-Mar-2024_HR_04.dmp
  /backup/data_arch/BSCK13XX/HR/BSCK13XX_11-12-2025_1995_2000_01-May-2023_01-Mar-2024_HR_05.dmp
  /backup/data_arch/BSCK13XX/HR/BSCK13XX_11-12-2025_1995_2000_01-May-2023_01-Mar-2024_HR_06.dmp
  /backup/data_arch/BSCK13XX/HR/BSCK13XX_11-12-2025_1995_2000_01-May-2023_01-Mar-2024_HR_07.dmp
  /backup/data_arch/BSCK13XX/HR/BSCK13XX_11-12-2025_1995_2000_01-May-2023_01-Mar-2024_HR_08.dmp
  /backup/data_arch/BSCK13XX/HR/BSCK13XX_11-12-2025_1995_2000_01-May-2023_01-Mar-2024_HR_09.dmp
Job "SYS"."SYS_EXPORT_TABLE_03" successfully completed at Thu Dec 11 23:21:26 2025 elapsed 0 00:00:24

TEMPLATE_NAME:  BSCK13XX
Error Count:  0
CURRENT DATE:  2025/12/11
Insert Data into PS_DATAMIN_EXPF_XX.

1 row created.


Commit complete.

Successful Export: Insert Done.
Template HRPRD-BSCK13XX successfully Exported, started at  Thu Dec 11 23:21:02 EST 2025 and finished at Thu Dec 11 23:21:29 EST 2025
----------------------------------------------------------------------------------------
Finished export of Template : BSCK13XX
----------------------------------------------------------------------------------------
#########################################################################################
Beginning export of Template : BSCK1_XX
#########################################################################################
 
=> ( 1 ) SCK_AZ_HRS_H_XX : Get History Record Counts

1 row created.


Commit complete.

..Get TableSpace, Index & Index TableSpace

1 row created.


Commit complete.

=> ( 2 ) SCK_AZ_PRO_H_XX : Get History Record Counts

1 row created.


Commit complete.

..Get TableSpace, Index & Index TableSpace

1 row created.


Commit complete.


Export: Release 19.0.0.0.0 - Production on Thu Dec 11 23:21:30 2025
Version 19.27.0.0.0

Copyright (c) 1982, 2019, Oracle and/or its affiliates.  All rights reserved.

Connected to: Oracle Database 19c Enterprise Edition Release 19.0.0.0.0 - Production
FLASHBACK automatically enabled to preserve database integrity.
Starting "SYS"."SYS_EXPORT_TABLE_03":  userid="/******** AS SYSDBA" directory=BSCK1_XX_HR dumpfile=BSCK1_XX_11-12-2025_1995_2000_01-May-2023_01-Mar-2024_HR_%U.dmp logfile=BSCK1_XX_11-12-2025_1995_2000_01-May-2023_01-Mar-2024_HR.log parallel=18 EXCLUDE=statistics EXCLUDE=TRIGGER ENCRYPTION=ALL ENCRYPTION_MODE=DUAL ENCRYPTION_ALGORITHM=AES256 ENCRYPTION_PASSWORD=******** FILESIZE=10G COMPRESSION=ALL TABLES=SYSADM.PS_SCK_AZ_HRS_H_XX QUERY=SYSADM.PS_SCK_AZ_HRS_H_XX:"WHERE PSARCH_ID='BSCK1_XX' AND PSARCH_BATCHNUM||PSARCH_ID IN (SELECT PSARCH_BATCHNUM||PSARCH_ID FROM SYSADM.PSARCHBATCH WHERE PSARCH_DTTM >= '01-May-2023' AND PSARCH_DTTM < '01-Mar-2024')" TABLES=SYSADM.PS_SCK_AZ_PRO_H_XX QUERY=SYSADM.PS_SCK_AZ_PRO_H_XX:"WHERE PSARCH_ID='BSCK1_XX' AND PSARCH_BATCHNUM||PSARCH_ID IN (SELECT PSARCH_BATCHNUM||PSARCH_ID FROM SYSADM.PSARCHBATCH WHERE PSARCH_DTTM >= '01-May-2023' AND PSARCH_DTTM < '01-Mar-2024')" 
Processing object type TABLE_EXPORT/TABLE/PROCACT_INSTANCE
Processing object type TABLE_EXPORT/TABLE/TABLE_DATA
. . exported "SYSADM"."PS_SCK_AZ_HRS_H_XX"                   0 KB       0 rows
. . exported "SYSADM"."PS_SCK_AZ_PRO_H_XX"                   0 KB       0 rows
Processing object type TABLE_EXPORT/TABLE/TABLE
Processing object type TABLE_EXPORT/TABLE/GRANT/OWNER_GRANT/OBJECT_GRANT
Processing object type TABLE_EXPORT/TABLE/INDEX/INDEX
Master table "SYS"."SYS_EXPORT_TABLE_03" successfully loaded/unloaded
******************************************************************************
Dump file set for SYS.SYS_EXPORT_TABLE_03 is:
  /backup/data_arch/BSCK1_XX/HR/BSCK1_XX_11-12-2025_1995_2000_01-May-2023_01-Mar-2024_HR_01.dmp
  /backup/data_arch/BSCK1_XX/HR/BSCK1_XX_11-12-2025_1995_2000_01-May-2023_01-Mar-2024_HR_02.dmp
  /backup/data_arch/BSCK1_XX/HR/BSCK1_XX_11-12-2025_1995_2000_01-May-2023_01-Mar-2024_HR_03.dmp
  /backup/data_arch/BSCK1_XX/HR/BSCK1_XX_11-12-2025_1995_2000_01-May-2023_01-Mar-2024_HR_04.dmp
  /backup/data_arch/BSCK1_XX/HR/BSCK1_XX_11-12-2025_1995_2000_01-May-2023_01-Mar-2024_HR_05.dmp
  /backup/data_arch/BSCK1_XX/HR/BSCK1_XX_11-12-2025_1995_2000_01-May-2023_01-Mar-2024_HR_06.dmp
  /backup/data_arch/BSCK1_XX/HR/BSCK1_XX_11-12-2025_1995_2000_01-May-2023_01-Mar-2024_HR_07.dmp
  /backup/data_arch/BSCK1_XX/HR/BSCK1_XX_11-12-2025_1995_2000_01-May-2023_01-Mar-2024_HR_08.dmp
  /backup/data_arch/BSCK1_XX/HR/BSCK1_XX_11-12-2025_1995_2000_01-May-2023_01-Mar-2024_HR_09.dmp
Job "SYS"."SYS_EXPORT_TABLE_03" successfully completed at Thu Dec 11 23:21:55 2025 elapsed 0 00:00:25

TEMPLATE_NAME:  BSCK1_XX
Error Count:  0
CURRENT DATE:  2025/12/11
Insert Data into PS_DATAMIN_EXPF_XX.

1 row created.


Commit complete.

Successful Export: Insert Done.
Template HRPRD-BSCK1_XX successfully Exported, started at  Thu Dec 11 23:21:30 EST 2025 and finished at Thu Dec 11 23:21:57 EST 2025
----------------------------------------------------------------------------------------
Finished export of Template : BSCK1_XX
----------------------------------------------------------------------------------------
#########################################################################################
Beginning export of Template : BSCK21XX
#########################################################################################
 
=> ( 1 ) BEN_LVSP_H_XX : Get History Record Counts

1 row created.


Commit complete.

..Get TableSpace, Index & Index TableSpace

1 row created.


Commit complete.


Export: Release 19.0.0.0.0 - Production on Thu Dec 11 23:21:59 2025
Version 19.27.0.0.0

Copyright (c) 1982, 2019, Oracle and/or its affiliates.  All rights reserved.

Connected to: Oracle Database 19c Enterprise Edition Release 19.0.0.0.0 - Production
FLASHBACK automatically enabled to preserve database integrity.
Starting "SYS"."SYS_EXPORT_TABLE_03":  userid="/******** AS SYSDBA" directory=BSCK21XX_HR dumpfile=BSCK21XX_11-12-2025_1995_2000_01-May-2023_01-Mar-2024_HR_%U.dmp logfile=BSCK21XX_11-12-2025_1995_2000_01-May-2023_01-Mar-2024_HR.log parallel=18 EXCLUDE=statistics EXCLUDE=TRIGGER ENCRYPTION=ALL ENCRYPTION_MODE=DUAL ENCRYPTION_ALGORITHM=AES256 ENCRYPTION_PASSWORD=******** FILESIZE=10G COMPRESSION=ALL TABLES=SYSADM.PS_BEN_LVSP_H_XX QUERY=SYSADM.PS_BEN_LVSP_H_XX:"WHERE PSARCH_ID='BSCK21XX' AND PSARCH_BATCHNUM||PSARCH_ID IN (SELECT PSARCH_BATCHNUM||PSARCH_ID FROM SYSADM.PSARCHBATCH WHERE PSARCH_DTTM >= '01-May-2023' AND PSARCH_DTTM < '01-Mar-2024')" 
Processing object type TABLE_EXPORT/TABLE/TABLE_DATA
Processing object type TABLE_EXPORT/TABLE/PROCACT_INSTANCE
Processing object type TABLE_EXPORT/TABLE/TABLE
. . exported "SYSADM"."PS_BEN_LVSP_H_XX"                 5.317 MB  481505 rows
Processing object type TABLE_EXPORT/TABLE/GRANT/OWNER_GRANT/OBJECT_GRANT
Processing object type TABLE_EXPORT/TABLE/INDEX/INDEX
Master table "SYS"."SYS_EXPORT_TABLE_03" successfully loaded/unloaded
******************************************************************************
Dump file set for SYS.SYS_EXPORT_TABLE_03 is:
  /backup/data_arch/BSCK21XX/HR/BSCK21XX_11-12-2025_1995_2000_01-May-2023_01-Mar-2024_HR_01.dmp
  /backup/data_arch/BSCK21XX/HR/BSCK21XX_11-12-2025_1995_2000_01-May-2023_01-Mar-2024_HR_02.dmp
  /backup/data_arch/BSCK21XX/HR/BSCK21XX_11-12-2025_1995_2000_01-May-2023_01-Mar-2024_HR_03.dmp
  /backup/data_arch/BSCK21XX/HR/BSCK21XX_11-12-2025_1995_2000_01-May-2023_01-Mar-2024_HR_04.dmp
  /backup/data_arch/BSCK21XX/HR/BSCK21XX_11-12-2025_1995_2000_01-May-2023_01-Mar-2024_HR_05.dmp
  /backup/data_arch/BSCK21XX/HR/BSCK21XX_11-12-2025_1995_2000_01-May-2023_01-Mar-2024_HR_06.dmp
  /backup/data_arch/BSCK21XX/HR/BSCK21XX_11-12-2025_1995_2000_01-May-2023_01-Mar-2024_HR_07.dmp
  /backup/data_arch/BSCK21XX/HR/BSCK21XX_11-12-2025_1995_2000_01-May-2023_01-Mar-2024_HR_08.dmp
  /backup/data_arch/BSCK21XX/HR/BSCK21XX_11-12-2025_1995_2000_01-May-2023_01-Mar-2024_HR_09.dmp
  /backup/data_arch/BSCK21XX/HR/BSCK21XX_11-12-2025_1995_2000_01-May-2023_01-Mar-2024_HR_10.dmp
Job "SYS"."SYS_EXPORT_TABLE_03" successfully completed at Thu Dec 11 23:22:25 2025 elapsed 0 00:00:26

TEMPLATE_NAME:  BSCK21XX
Error Count:  0
CURRENT DATE:  2025/12/11
Insert Data into PS_DATAMIN_EXPF_XX.

1 row created.


Commit complete.

Successful Export: Insert Done.
Template HRPRD-BSCK21XX successfully Exported, started at  Thu Dec 11 23:21:59 EST 2025 and finished at Thu Dec 11 23:22:27 EST 2025
----------------------------------------------------------------------------------------
Finished export of Template : BSCK21XX
----------------------------------------------------------------------------------------
#########################################################################################
Beginning export of Template : BSCK22XX
#########################################################################################
 
=> ( 1 ) PTO_CK_PRO_H_XX : Get History Record Counts

1 row created.


Commit complete.

..Get TableSpace, Index & Index TableSpace

1 row created.


Commit complete.


Export: Release 19.0.0.0.0 - Production on Thu Dec 11 23:22:28 2025
Version 19.27.0.0.0

Copyright (c) 1982, 2019, Oracle and/or its affiliates.  All rights reserved.

Connected to: Oracle Database 19c Enterprise Edition Release 19.0.0.0.0 - Production
FLASHBACK automatically enabled to preserve database integrity.
Starting "SYS"."SYS_EXPORT_TABLE_03":  userid="/******** AS SYSDBA" directory=BSCK22XX_HR dumpfile=BSCK22XX_11-12-2025_1995_2000_01-May-2023_01-Mar-2024_HR_%U.dmp logfile=BSCK22XX_11-12-2025_1995_2000_01-May-2023_01-Mar-2024_HR.log parallel=18 EXCLUDE=statistics EXCLUDE=TRIGGER ENCRYPTION=ALL ENCRYPTION_MODE=DUAL ENCRYPTION_ALGORITHM=AES256 ENCRYPTION_PASSWORD=******** FILESIZE=10G COMPRESSION=ALL TABLES=SYSADM.PS_PTO_CK_PRO_H_XX QUERY=SYSADM.PS_PTO_CK_PRO_H_XX:"WHERE PSARCH_ID='BSCK22XX' AND PSARCH_BATCHNUM||PSARCH_ID IN (SELECT PSARCH_BATCHNUM||PSARCH_ID FROM SYSADM.PSARCHBATCH WHERE PSARCH_DTTM >= '01-May-2023' AND PSARCH_DTTM < '01-Mar-2024')" 
Processing object type TABLE_EXPORT/TABLE/PROCACT_INSTANCE
Processing object type TABLE_EXPORT/TABLE/TABLE_DATA
. . exported "SYSADM"."PS_PTO_CK_PRO_H_XX"                   0 KB       0 rows
Processing object type TABLE_EXPORT/TABLE/TABLE
Processing object type TABLE_EXPORT/TABLE/GRANT/OWNER_GRANT/OBJECT_GRANT
Processing object type TABLE_EXPORT/TABLE/INDEX/INDEX
Master table "SYS"."SYS_EXPORT_TABLE_03" successfully loaded/unloaded
******************************************************************************
Dump file set for SYS.SYS_EXPORT_TABLE_03 is:
  /backup/data_arch/BSCK22XX/HR/BSCK22XX_11-12-2025_1995_2000_01-May-2023_01-Mar-2024_HR_01.dmp
  /backup/data_arch/BSCK22XX/HR/BSCK22XX_11-12-2025_1995_2000_01-May-2023_01-Mar-2024_HR_02.dmp
  /backup/data_arch/BSCK22XX/HR/BSCK22XX_11-12-2025_1995_2000_01-May-2023_01-Mar-2024_HR_03.dmp
  /backup/data_arch/BSCK22XX/HR/BSCK22XX_11-12-2025_1995_2000_01-May-2023_01-Mar-2024_HR_04.dmp
  /backup/data_arch/BSCK22XX/HR/BSCK22XX_11-12-2025_1995_2000_01-May-2023_01-Mar-2024_HR_05.dmp
  /backup/data_arch/BSCK22XX/HR/BSCK22XX_11-12-2025_1995_2000_01-May-2023_01-Mar-2024_HR_06.dmp
  /backup/data_arch/BSCK22XX/HR/BSCK22XX_11-12-2025_1995_2000_01-May-2023_01-Mar-2024_HR_07.dmp
  /backup/data_arch/BSCK22XX/HR/BSCK22XX_11-12-2025_1995_2000_01-May-2023_01-Mar-2024_HR_08.dmp
  /backup/data_arch/BSCK22XX/HR/BSCK22XX_11-12-2025_1995_2000_01-May-2023_01-Mar-2024_HR_09.dmp
Job "SYS"."SYS_EXPORT_TABLE_03" successfully completed at Thu Dec 11 23:22:57 2025 elapsed 0 00:00:29

TEMPLATE_NAME:  BSCK22XX
Error Count:  0
CURRENT DATE:  2025/12/11
Insert Data into PS_DATAMIN_EXPF_XX.

1 row created.


Commit complete.

Successful Export: Insert Done.
Template HRPRD-BSCK22XX successfully Exported, started at  Thu Dec 11 23:22:28 EST 2025 and finished at Thu Dec 11 23:23:02 EST 2025
----------------------------------------------------------------------------------------
Finished export of Template : BSCK22XX
----------------------------------------------------------------------------------------
#########################################################################################
Beginning export of Template : BSCK2_XX
#########################################################################################
 
=> ( 1 ) SCK_CA_HRS_H_XX : Get History Record Counts

1 row created.


Commit complete.

..Get TableSpace, Index & Index TableSpace

1 row created.


Commit complete.

=> ( 2 ) SCK_CA_P_H_XX : Get History Record Counts

1 row created.


Commit complete.

..Get TableSpace, Index & Index TableSpace

1 row created.


Commit complete.


Export: Release 19.0.0.0.0 - Production on Thu Dec 11 23:23:03 2025
Version 19.27.0.0.0

Copyright (c) 1982, 2019, Oracle and/or its affiliates.  All rights reserved.

Connected to: Oracle Database 19c Enterprise Edition Release 19.0.0.0.0 - Production
FLASHBACK automatically enabled to preserve database integrity.
Starting "SYS"."SYS_EXPORT_TABLE_03":  userid="/******** AS SYSDBA" directory=BSCK2_XX_HR dumpfile=BSCK2_XX_11-12-2025_1995_2000_01-May-2023_01-Mar-2024_HR_%U.dmp logfile=BSCK2_XX_11-12-2025_1995_2000_01-May-2023_01-Mar-2024_HR.log parallel=18 EXCLUDE=statistics EXCLUDE=TRIGGER ENCRYPTION=ALL ENCRYPTION_MODE=DUAL ENCRYPTION_ALGORITHM=AES256 ENCRYPTION_PASSWORD=******** FILESIZE=10G COMPRESSION=ALL TABLES=SYSADM.PS_SCK_CA_HRS_H_XX QUERY=SYSADM.PS_SCK_CA_HRS_H_XX:"WHERE PSARCH_ID='BSCK2_XX' AND PSARCH_BATCHNUM||PSARCH_ID IN (SELECT PSARCH_BATCHNUM||PSARCH_ID FROM SYSADM.PSARCHBATCH WHERE PSARCH_DTTM >= '01-May-2023' AND PSARCH_DTTM < '01-Mar-2024')" TABLES=SYSADM.PS_SCK_CA_P_H_XX QUERY=SYSADM.PS_SCK_CA_P_H_XX:"WHERE PSARCH_ID='BSCK2_XX' AND PSARCH_BATCHNUM||PSARCH_ID IN (SELECT PSARCH_BATCHNUM||PSARCH_ID FROM SYSADM.PSARCHBATCH WHERE PSARCH_DTTM >= '01-May-2023' AND PSARCH_DTTM < '01-Mar-2024')" 
Processing object type TABLE_EXPORT/TABLE/PROCACT_INSTANCE
Processing object type TABLE_EXPORT/TABLE/TABLE_DATA
. . exported "SYSADM"."PS_SCK_CA_HRS_H_XX"                   0 KB       0 rows
. . exported "SYSADM"."PS_SCK_CA_P_H_XX"                     0 KB       0 rows
Processing object type TABLE_EXPORT/TABLE/TABLE
Processing object type TABLE_EXPORT/TABLE/GRANT/OWNER_GRANT/OBJECT_GRANT
Processing object type TABLE_EXPORT/TABLE/INDEX/INDEX
Master table "SYS"."SYS_EXPORT_TABLE_03" successfully loaded/unloaded
******************************************************************************
Dump file set for SYS.SYS_EXPORT_TABLE_03 is:
  /backup/data_arch/BSCK2_XX/HR/BSCK2_XX_11-12-2025_1995_2000_01-May-2023_01-Mar-2024_HR_01.dmp
  /backup/data_arch/BSCK2_XX/HR/BSCK2_XX_11-12-2025_1995_2000_01-May-2023_01-Mar-2024_HR_02.dmp
  /backup/data_arch/BSCK2_XX/HR/BSCK2_XX_11-12-2025_1995_2000_01-May-2023_01-Mar-2024_HR_03.dmp
  /backup/data_arch/BSCK2_XX/HR/BSCK2_XX_11-12-2025_1995_2000_01-May-2023_01-Mar-2024_HR_04.dmp
  /backup/data_arch/BSCK2_XX/HR/BSCK2_XX_11-12-2025_1995_2000_01-May-2023_01-Mar-2024_HR_05.dmp
  /backup/data_arch/BSCK2_XX/HR/BSCK2_XX_11-12-2025_1995_2000_01-May-2023_01-Mar-2024_HR_06.dmp
  /backup/data_arch/BSCK2_XX/HR/BSCK2_XX_11-12-2025_1995_2000_01-May-2023_01-Mar-2024_HR_07.dmp
  /backup/data_arch/BSCK2_XX/HR/BSCK2_XX_11-12-2025_1995_2000_01-May-2023_01-Mar-2024_HR_08.dmp
  /backup/data_arch/BSCK2_XX/HR/BSCK2_XX_11-12-2025_1995_2000_01-May-2023_01-Mar-2024_HR_09.dmp
Job "SYS"."SYS_EXPORT_TABLE_03" successfully completed at Thu Dec 11 23:23:30 2025 elapsed 0 00:00:27

TEMPLATE_NAME:  BSCK2_XX
Error Count:  0
CURRENT DATE:  2025/12/11
Insert Data into PS_DATAMIN_EXPF_XX.

1 row created.


Commit complete.

Successful Export: Insert Done.
Template HRPRD-BSCK2_XX successfully Exported, started at  Thu Dec 11 23:23:03 EST 2025 and finished at Thu Dec 11 23:23:35 EST 2025
----------------------------------------------------------------------------------------
Finished export of Template : BSCK2_XX
----------------------------------------------------------------------------------------
#########################################################################################
Beginning export of Template : BSCK3_XX
#########################################################################################
 
=> ( 1 ) SCK_DC_HRS_H_XX : Get History Record Counts

1 row created.


Commit complete.

..Get TableSpace, Index & Index TableSpace

1 row created.


Commit complete.

=> ( 2 ) SCK_DC_PRO_H_XX : Get History Record Counts

1 row created.


Commit complete.

..Get TableSpace, Index & Index TableSpace

1 row created.


Commit complete.


Export: Release 19.0.0.0.0 - Production on Thu Dec 11 23:23:36 2025
Version 19.27.0.0.0

Copyright (c) 1982, 2019, Oracle and/or its affiliates.  All rights reserved.

Connected to: Oracle Database 19c Enterprise Edition Release 19.0.0.0.0 - Production
FLASHBACK automatically enabled to preserve database integrity.
Starting "SYS"."SYS_EXPORT_TABLE_03":  userid="/******** AS SYSDBA" directory=BSCK3_XX_HR dumpfile=BSCK3_XX_11-12-2025_1995_2000_01-May-2023_01-Mar-2024_HR_%U.dmp logfile=BSCK3_XX_11-12-2025_1995_2000_01-May-2023_01-Mar-2024_HR.log parallel=18 EXCLUDE=statistics EXCLUDE=TRIGGER ENCRYPTION=ALL ENCRYPTION_MODE=DUAL ENCRYPTION_ALGORITHM=AES256 ENCRYPTION_PASSWORD=******** FILESIZE=10G COMPRESSION=ALL TABLES=SYSADM.PS_SCK_DC_HRS_H_XX QUERY=SYSADM.PS_SCK_DC_HRS_H_XX:"WHERE PSARCH_ID='BSCK3_XX' AND PSARCH_BATCHNUM||PSARCH_ID IN (SELECT PSARCH_BATCHNUM||PSARCH_ID FROM SYSADM.PSARCHBATCH WHERE PSARCH_DTTM >= '01-May-2023' AND PSARCH_DTTM < '01-Mar-2024')" TABLES=SYSADM.PS_SCK_DC_PRO_H_XX QUERY=SYSADM.PS_SCK_DC_PRO_H_XX:"WHERE PSARCH_ID='BSCK3_XX' AND PSARCH_BATCHNUM||PSARCH_ID IN (SELECT PSARCH_BATCHNUM||PSARCH_ID FROM SYSADM.PSARCHBATCH WHERE PSARCH_DTTM >= '01-May-2023' AND PSARCH_DTTM < '01-Mar-2024')" 
Processing object type TABLE_EXPORT/TABLE/PROCACT_INSTANCE
Processing object type TABLE_EXPORT/TABLE/TABLE_DATA
. . exported "SYSADM"."PS_SCK_DC_HRS_H_XX"                   0 KB       0 rows
. . exported "SYSADM"."PS_SCK_DC_PRO_H_XX"                   0 KB       0 rows
Processing object type TABLE_EXPORT/TABLE/TABLE
Processing object type TABLE_EXPORT/TABLE/GRANT/OWNER_GRANT/OBJECT_GRANT
Processing object type TABLE_EXPORT/TABLE/INDEX/INDEX
Master table "SYS"."SYS_EXPORT_TABLE_03" successfully loaded/unloaded
******************************************************************************
Dump file set for SYS.SYS_EXPORT_TABLE_03 is:
  /backup/data_arch/BSCK3_XX/HR/BSCK3_XX_11-12-2025_1995_2000_01-May-2023_01-Mar-2024_HR_01.dmp
  /backup/data_arch/BSCK3_XX/HR/BSCK3_XX_11-12-2025_1995_2000_01-May-2023_01-Mar-2024_HR_02.dmp
  /backup/data_arch/BSCK3_XX/HR/BSCK3_XX_11-12-2025_1995_2000_01-May-2023_01-Mar-2024_HR_03.dmp
  /backup/data_arch/BSCK3_XX/HR/BSCK3_XX_11-12-2025_1995_2000_01-May-2023_01-Mar-2024_HR_04.dmp
  /backup/data_arch/BSCK3_XX/HR/BSCK3_XX_11-12-2025_1995_2000_01-May-2023_01-Mar-2024_HR_05.dmp
  /backup/data_arch/BSCK3_XX/HR/BSCK3_XX_11-12-2025_1995_2000_01-May-2023_01-Mar-2024_HR_06.dmp
  /backup/data_arch/BSCK3_XX/HR/BSCK3_XX_11-12-2025_1995_2000_01-May-2023_01-Mar-2024_HR_07.dmp
  /backup/data_arch/BSCK3_XX/HR/BSCK3_XX_11-12-2025_1995_2000_01-May-2023_01-Mar-2024_HR_08.dmp
  /backup/data_arch/BSCK3_XX/HR/BSCK3_XX_11-12-2025_1995_2000_01-May-2023_01-Mar-2024_HR_09.dmp
Job "SYS"."SYS_EXPORT_TABLE_03" successfully completed at Thu Dec 11 23:24:01 2025 elapsed 0 00:00:25

TEMPLATE_NAME:  BSCK3_XX
Error Count:  0
CURRENT DATE:  2025/12/11
Insert Data into PS_DATAMIN_EXPF_XX.

1 row created.


Commit complete.

Successful Export: Insert Done.
Template HRPRD-BSCK3_XX successfully Exported, started at  Thu Dec 11 23:23:36 EST 2025 and finished at Thu Dec 11 23:24:03 EST 2025
----------------------------------------------------------------------------------------
Finished export of Template : BSCK3_XX
----------------------------------------------------------------------------------------
#########################################################################################
Beginning export of Template : BSCK4_XX
#########################################################################################
 
=> ( 1 ) SCK_FED_HR_H_XX : Get History Record Counts

1 row created.


Commit complete.

..Get TableSpace, Index & Index TableSpace

1 row created.


Commit complete.

=> ( 2 ) SCK_FED_P_H_XX : Get History Record Counts

1 row created.


Commit complete.

..Get TableSpace, Index & Index TableSpace

1 row created.


Commit complete.


Export: Release 19.0.0.0.0 - Production on Thu Dec 11 23:24:04 2025
Version 19.27.0.0.0

Copyright (c) 1982, 2019, Oracle and/or its affiliates.  All rights reserved.

Connected to: Oracle Database 19c Enterprise Edition Release 19.0.0.0.0 - Production
FLASHBACK automatically enabled to preserve database integrity.
Starting "SYS"."SYS_EXPORT_TABLE_03":  userid="/******** AS SYSDBA" directory=BSCK4_XX_HR dumpfile=BSCK4_XX_11-12-2025_1995_2000_01-May-2023_01-Mar-2024_HR_%U.dmp logfile=BSCK4_XX_11-12-2025_1995_2000_01-May-2023_01-Mar-2024_HR.log parallel=18 EXCLUDE=statistics EXCLUDE=TRIGGER ENCRYPTION=ALL ENCRYPTION_MODE=DUAL ENCRYPTION_ALGORITHM=AES256 ENCRYPTION_PASSWORD=******** FILESIZE=10G COMPRESSION=ALL TABLES=SYSADM.PS_SCK_FED_HR_H_XX QUERY=SYSADM.PS_SCK_FED_HR_H_XX:"WHERE PSARCH_ID='BSCK4_XX' AND PSARCH_BATCHNUM||PSARCH_ID IN (SELECT PSARCH_BATCHNUM||PSARCH_ID FROM SYSADM.PSARCHBATCH WHERE PSARCH_DTTM >= '01-May-2023' AND PSARCH_DTTM < '01-Mar-2024')" TABLES=SYSADM.PS_SCK_FED_P_H_XX QUERY=SYSADM.PS_SCK_FED_P_H_XX:"WHERE PSARCH_ID='BSCK4_XX' AND PSARCH_BATCHNUM||PSARCH_ID IN (SELECT PSARCH_BATCHNUM||PSARCH_ID FROM SYSADM.PSARCHBATCH WHERE PSARCH_DTTM >= '01-May-2023' AND PSARCH_DTTM < '01-Mar-2024')" 
Processing object type TABLE_EXPORT/TABLE/PROCACT_INSTANCE
Processing object type TABLE_EXPORT/TABLE/TABLE_DATA
. . exported "SYSADM"."PS_SCK_FED_HR_H_XX"                   0 KB       0 rows
. . exported "SYSADM"."PS_SCK_FED_P_H_XX"                    0 KB       0 rows
Processing object type TABLE_EXPORT/TABLE/TABLE
Processing object type TABLE_EXPORT/TABLE/GRANT/OWNER_GRANT/OBJECT_GRANT
Processing object type TABLE_EXPORT/TABLE/INDEX/INDEX
Master table "SYS"."SYS_EXPORT_TABLE_03" successfully loaded/unloaded
******************************************************************************
Dump file set for SYS.SYS_EXPORT_TABLE_03 is:
  /backup/data_arch/BSCK4_XX/HR/BSCK4_XX_11-12-2025_1995_2000_01-May-2023_01-Mar-2024_HR_01.dmp
  /backup/data_arch/BSCK4_XX/HR/BSCK4_XX_11-12-2025_1995_2000_01-May-2023_01-Mar-2024_HR_02.dmp
  /backup/data_arch/BSCK4_XX/HR/BSCK4_XX_11-12-2025_1995_2000_01-May-2023_01-Mar-2024_HR_03.dmp
  /backup/data_arch/BSCK4_XX/HR/BSCK4_XX_11-12-2025_1995_2000_01-May-2023_01-Mar-2024_HR_04.dmp
  /backup/data_arch/BSCK4_XX/HR/BSCK4_XX_11-12-2025_1995_2000_01-May-2023_01-Mar-2024_HR_05.dmp
  /backup/data_arch/BSCK4_XX/HR/BSCK4_XX_11-12-2025_1995_2000_01-May-2023_01-Mar-2024_HR_06.dmp
  /backup/data_arch/BSCK4_XX/HR/BSCK4_XX_11-12-2025_1995_2000_01-May-2023_01-Mar-2024_HR_07.dmp
  /backup/data_arch/BSCK4_XX/HR/BSCK4_XX_11-12-2025_1995_2000_01-May-2023_01-Mar-2024_HR_08.dmp
  /backup/data_arch/BSCK4_XX/HR/BSCK4_XX_11-12-2025_1995_2000_01-May-2023_01-Mar-2024_HR_09.dmp
Job "SYS"."SYS_EXPORT_TABLE_03" successfully completed at Thu Dec 11 23:24:29 2025 elapsed 0 00:00:25

TEMPLATE_NAME:  BSCK4_XX
Error Count:  0
CURRENT DATE:  2025/12/11
Insert Data into PS_DATAMIN_EXPF_XX.

1 row created.


Commit complete.

Successful Export: Insert Done.
Template HRPRD-BSCK4_XX successfully Exported, started at  Thu Dec 11 23:24:04 EST 2025 and finished at Thu Dec 11 23:24:31 EST 2025
----------------------------------------------------------------------------------------
Finished export of Template : BSCK4_XX
----------------------------------------------------------------------------------------
#########################################################################################
Beginning export of Template : BSCK5_XX
#########################################################################################
 
=> ( 1 ) SCK_IL1_HR_H_XX : Get History Record Counts

1 row created.


Commit complete.

..Get TableSpace, Index & Index TableSpace

1 row created.


Commit complete.

=> ( 2 ) SCK_IL_PRO_H_XX : Get History Record Counts

1 row created.


Commit complete.

..Get TableSpace, Index & Index TableSpace

1 row created.


Commit complete.


Export: Release 19.0.0.0.0 - Production on Thu Dec 11 23:24:32 2025
Version 19.27.0.0.0

Copyright (c) 1982, 2019, Oracle and/or its affiliates.  All rights reserved.

Connected to: Oracle Database 19c Enterprise Edition Release 19.0.0.0.0 - Production
FLASHBACK automatically enabled to preserve database integrity.
Starting "SYS"."SYS_EXPORT_TABLE_03":  userid="/******** AS SYSDBA" directory=BSCK5_XX_HR dumpfile=BSCK5_XX_11-12-2025_1995_2000_01-May-2023_01-Mar-2024_HR_%U.dmp logfile=BSCK5_XX_11-12-2025_1995_2000_01-May-2023_01-Mar-2024_HR.log parallel=18 EXCLUDE=statistics EXCLUDE=TRIGGER ENCRYPTION=ALL ENCRYPTION_MODE=DUAL ENCRYPTION_ALGORITHM=AES256 ENCRYPTION_PASSWORD=******** FILESIZE=10G COMPRESSION=ALL TABLES=SYSADM.PS_SCK_IL1_HR_H_XX QUERY=SYSADM.PS_SCK_IL1_HR_H_XX:"WHERE PSARCH_ID='BSCK5_XX' AND PSARCH_BATCHNUM||PSARCH_ID IN (SELECT PSARCH_BATCHNUM||PSARCH_ID FROM SYSADM.PSARCHBATCH WHERE PSARCH_DTTM >= '01-May-2023' AND PSARCH_DTTM < '01-Mar-2024')" TABLES=SYSADM.PS_SCK_IL_PRO_H_XX QUERY=SYSADM.PS_SCK_IL_PRO_H_XX:"WHERE PSARCH_ID='BSCK5_XX' AND PSARCH_BATCHNUM||PSARCH_ID IN (SELECT PSARCH_BATCHNUM||PSARCH_ID FROM SYSADM.PSARCHBATCH WHERE PSARCH_DTTM >= '01-May-2023' AND PSARCH_DTTM < '01-Mar-2024')" 
Processing object type TABLE_EXPORT/TABLE/PROCACT_INSTANCE
Processing object type TABLE_EXPORT/TABLE/TABLE_DATA
. . exported "SYSADM"."PS_SCK_IL1_HR_H_XX"                   0 KB       0 rows
. . exported "SYSADM"."PS_SCK_IL_PRO_H_XX"                   0 KB       0 rows
Processing object type TABLE_EXPORT/TABLE/TABLE
Processing object type TABLE_EXPORT/TABLE/GRANT/OWNER_GRANT/OBJECT_GRANT
Processing object type TABLE_EXPORT/TABLE/INDEX/INDEX
Master table "SYS"."SYS_EXPORT_TABLE_03" successfully loaded/unloaded
******************************************************************************
Dump file set for SYS.SYS_EXPORT_TABLE_03 is:
  /backup/data_arch/BSCK5_XX/HR/BSCK5_XX_11-12-2025_1995_2000_01-May-2023_01-Mar-2024_HR_01.dmp
  /backup/data_arch/BSCK5_XX/HR/BSCK5_XX_11-12-2025_1995_2000_01-May-2023_01-Mar-2024_HR_02.dmp
  /backup/data_arch/BSCK5_XX/HR/BSCK5_XX_11-12-2025_1995_2000_01-May-2023_01-Mar-2024_HR_03.dmp
  /backup/data_arch/BSCK5_XX/HR/BSCK5_XX_11-12-2025_1995_2000_01-May-2023_01-Mar-2024_HR_04.dmp
  /backup/data_arch/BSCK5_XX/HR/BSCK5_XX_11-12-2025_1995_2000_01-May-2023_01-Mar-2024_HR_05.dmp
  /backup/data_arch/BSCK5_XX/HR/BSCK5_XX_11-12-2025_1995_2000_01-May-2023_01-Mar-2024_HR_06.dmp
  /backup/data_arch/BSCK5_XX/HR/BSCK5_XX_11-12-2025_1995_2000_01-May-2023_01-Mar-2024_HR_07.dmp
  /backup/data_arch/BSCK5_XX/HR/BSCK5_XX_11-12-2025_1995_2000_01-May-2023_01-Mar-2024_HR_08.dmp
  /backup/data_arch/BSCK5_XX/HR/BSCK5_XX_11-12-2025_1995_2000_01-May-2023_01-Mar-2024_HR_09.dmp
Job "SYS"."SYS_EXPORT_TABLE_03" successfully completed at Thu Dec 11 23:24:57 2025 elapsed 0 00:00:25

TEMPLATE_NAME:  BSCK5_XX
Error Count:  0
CURRENT DATE:  2025/12/11
Insert Data into PS_DATAMIN_EXPF_XX.

1 row created.


Commit complete.

Successful Export: Insert Done.
Template HRPRD-BSCK5_XX successfully Exported, started at  Thu Dec 11 23:24:32 EST 2025 and finished at Thu Dec 11 23:24:59 EST 2025
----------------------------------------------------------------------------------------
Finished export of Template : BSCK5_XX
----------------------------------------------------------------------------------------
#########################################################################################
Beginning export of Template : BSCK6_XX
#########################################################################################
 
=> ( 1 ) SCK_JR_HRS_H_XX : Get History Record Counts

1 row created.


Commit complete.

..Get TableSpace, Index & Index TableSpace

1 row created.


Commit complete.

=> ( 2 ) SCK_JR_PRO_H_XX : Get History Record Counts

1 row created.


Commit complete.

..Get TableSpace, Index & Index TableSpace

1 row created.


Commit complete.


Export: Release 19.0.0.0.0 - Production on Thu Dec 11 23:25:00 2025
Version 19.27.0.0.0

Copyright (c) 1982, 2019, Oracle and/or its affiliates.  All rights reserved.

Connected to: Oracle Database 19c Enterprise Edition Release 19.0.0.0.0 - Production
FLASHBACK automatically enabled to preserve database integrity.
Starting "SYS"."SYS_EXPORT_TABLE_03":  userid="/******** AS SYSDBA" directory=BSCK6_XX_HR dumpfile=BSCK6_XX_11-12-2025_1995_2000_01-May-2023_01-Mar-2024_HR_%U.dmp logfile=BSCK6_XX_11-12-2025_1995_2000_01-May-2023_01-Mar-2024_HR.log parallel=18 EXCLUDE=statistics EXCLUDE=TRIGGER ENCRYPTION=ALL ENCRYPTION_MODE=DUAL ENCRYPTION_ALGORITHM=AES256 ENCRYPTION_PASSWORD=******** FILESIZE=10G COMPRESSION=ALL TABLES=SYSADM.PS_SCK_JR_HRS_H_XX QUERY=SYSADM.PS_SCK_JR_HRS_H_XX:"WHERE PSARCH_ID='BSCK6_XX' AND PSARCH_BATCHNUM||PSARCH_ID IN (SELECT PSARCH_BATCHNUM||PSARCH_ID FROM SYSADM.PSARCHBATCH WHERE PSARCH_DTTM >= '01-May-2023' AND PSARCH_DTTM < '01-Mar-2024')" TABLES=SYSADM.PS_SCK_JR_PRO_H_XX QUERY=SYSADM.PS_SCK_JR_PRO_H_XX:"WHERE PSARCH_ID='BSCK6_XX' AND PSARCH_BATCHNUM||PSARCH_ID IN (SELECT PSARCH_BATCHNUM||PSARCH_ID FROM SYSADM.PSARCHBATCH WHERE PSARCH_DTTM >= '01-May-2023' AND PSARCH_DTTM < '01-Mar-2024')" 
Processing object type TABLE_EXPORT/TABLE/PROCACT_INSTANCE
Processing object type TABLE_EXPORT/TABLE/TABLE_DATA
. . exported "SYSADM"."PS_SCK_JR_HRS_H_XX"                   0 KB       0 rows
. . exported "SYSADM"."PS_SCK_JR_PRO_H_XX"                   0 KB       0 rows
Processing object type TABLE_EXPORT/TABLE/TABLE
Processing object type TABLE_EXPORT/TABLE/GRANT/OWNER_GRANT/OBJECT_GRANT
Processing object type TABLE_EXPORT/TABLE/INDEX/INDEX
Master table "SYS"."SYS_EXPORT_TABLE_03" successfully loaded/unloaded
******************************************************************************
Dump file set for SYS.SYS_EXPORT_TABLE_03 is:
  /backup/data_arch/BSCK6_XX/HR/BSCK6_XX_11-12-2025_1995_2000_01-May-2023_01-Mar-2024_HR_01.dmp
  /backup/data_arch/BSCK6_XX/HR/BSCK6_XX_11-12-2025_1995_2000_01-May-2023_01-Mar-2024_HR_02.dmp
  /backup/data_arch/BSCK6_XX/HR/BSCK6_XX_11-12-2025_1995_2000_01-May-2023_01-Mar-2024_HR_03.dmp
  /backup/data_arch/BSCK6_XX/HR/BSCK6_XX_11-12-2025_1995_2000_01-May-2023_01-Mar-2024_HR_04.dmp
  /backup/data_arch/BSCK6_XX/HR/BSCK6_XX_11-12-2025_1995_2000_01-May-2023_01-Mar-2024_HR_05.dmp
  /backup/data_arch/BSCK6_XX/HR/BSCK6_XX_11-12-2025_1995_2000_01-May-2023_01-Mar-2024_HR_06.dmp
  /backup/data_arch/BSCK6_XX/HR/BSCK6_XX_11-12-2025_1995_2000_01-May-2023_01-Mar-2024_HR_07.dmp
  /backup/data_arch/BSCK6_XX/HR/BSCK6_XX_11-12-2025_1995_2000_01-May-2023_01-Mar-2024_HR_08.dmp
  /backup/data_arch/BSCK6_XX/HR/BSCK6_XX_11-12-2025_1995_2000_01-May-2023_01-Mar-2024_HR_09.dmp
Job "SYS"."SYS_EXPORT_TABLE_03" successfully completed at Thu Dec 11 23:25:30 2025 elapsed 0 00:00:30

TEMPLATE_NAME:  BSCK6_XX
Error Count:  0
CURRENT DATE:  2025/12/11
Insert Data into PS_DATAMIN_EXPF_XX.

1 row created.


Commit complete.

Successful Export: Insert Done.
Template HRPRD-BSCK6_XX successfully Exported, started at  Thu Dec 11 23:25:00 EST 2025 and finished at Thu Dec 11 23:25:33 EST 2025
----------------------------------------------------------------------------------------
Finished export of Template : BSCK6_XX
----------------------------------------------------------------------------------------
#########################################################################################
Beginning export of Template : BSCK7_XX
#########################################################################################
 
=> ( 1 ) SCK_LAC_HR_H_XX : Get History Record Counts

1 row created.


Commit complete.

..Get TableSpace, Index & Index TableSpace

1 row created.


Commit complete.

=> ( 2 ) SCK_LC_PRO_H_XX : Get History Record Counts

1 row created.


Commit complete.

..Get TableSpace, Index & Index TableSpace

1 row created.


Commit complete.


Export: Release 19.0.0.0.0 - Production on Thu Dec 11 23:25:34 2025
Version 19.27.0.0.0

Copyright (c) 1982, 2019, Oracle and/or its affiliates.  All rights reserved.

Connected to: Oracle Database 19c Enterprise Edition Release 19.0.0.0.0 - Production
FLASHBACK automatically enabled to preserve database integrity.
Starting "SYS"."SYS_EXPORT_TABLE_03":  userid="/******** AS SYSDBA" directory=BSCK7_XX_HR dumpfile=BSCK7_XX_11-12-2025_1995_2000_01-May-2023_01-Mar-2024_HR_%U.dmp logfile=BSCK7_XX_11-12-2025_1995_2000_01-May-2023_01-Mar-2024_HR.log parallel=18 EXCLUDE=statistics EXCLUDE=TRIGGER ENCRYPTION=ALL ENCRYPTION_MODE=DUAL ENCRYPTION_ALGORITHM=AES256 ENCRYPTION_PASSWORD=******** FILESIZE=10G COMPRESSION=ALL TABLES=SYSADM.PS_SCK_LAC_HR_H_XX QUERY=SYSADM.PS_SCK_LAC_HR_H_XX:"WHERE PSARCH_ID='BSCK7_XX' AND PSARCH_BATCHNUM||PSARCH_ID IN (SELECT PSARCH_BATCHNUM||PSARCH_ID FROM SYSADM.PSARCHBATCH WHERE PSARCH_DTTM >= '01-May-2023' AND PSARCH_DTTM < '01-Mar-2024')" TABLES=SYSADM.PS_SCK_LC_PRO_H_XX QUERY=SYSADM.PS_SCK_LC_PRO_H_XX:"WHERE PSARCH_ID='BSCK7_XX' AND PSARCH_BATCHNUM||PSARCH_ID IN (SELECT PSARCH_BATCHNUM||PSARCH_ID FROM SYSADM.PSARCHBATCH WHERE PSARCH_DTTM >= '01-May-2023' AND PSARCH_DTTM < '01-Mar-2024')" 
Processing object type TABLE_EXPORT/TABLE/TABLE_DATA
Processing object type TABLE_EXPORT/TABLE/PROCACT_INSTANCE
. . exported "SYSADM"."PS_SCK_LAC_HR_H_XX"                   0 KB       0 rows
. . exported "SYSADM"."PS_SCK_LC_PRO_H_XX"                   0 KB       0 rows
Processing object type TABLE_EXPORT/TABLE/TABLE
Processing object type TABLE_EXPORT/TABLE/GRANT/OWNER_GRANT/OBJECT_GRANT
Processing object type TABLE_EXPORT/TABLE/INDEX/INDEX
Master table "SYS"."SYS_EXPORT_TABLE_03" successfully loaded/unloaded
******************************************************************************
Dump file set for SYS.SYS_EXPORT_TABLE_03 is:
  /backup/data_arch/BSCK7_XX/HR/BSCK7_XX_11-12-2025_1995_2000_01-May-2023_01-Mar-2024_HR_01.dmp
  /backup/data_arch/BSCK7_XX/HR/BSCK7_XX_11-12-2025_1995_2000_01-May-2023_01-Mar-2024_HR_02.dmp
  /backup/data_arch/BSCK7_XX/HR/BSCK7_XX_11-12-2025_1995_2000_01-May-2023_01-Mar-2024_HR_03.dmp
  /backup/data_arch/BSCK7_XX/HR/BSCK7_XX_11-12-2025_1995_2000_01-May-2023_01-Mar-2024_HR_04.dmp
  /backup/data_arch/BSCK7_XX/HR/BSCK7_XX_11-12-2025_1995_2000_01-May-2023_01-Mar-2024_HR_05.dmp
  /backup/data_arch/BSCK7_XX/HR/BSCK7_XX_11-12-2025_1995_2000_01-May-2023_01-Mar-2024_HR_06.dmp
  /backup/data_arch/BSCK7_XX/HR/BSCK7_XX_11-12-2025_1995_2000_01-May-2023_01-Mar-2024_HR_07.dmp
  /backup/data_arch/BSCK7_XX/HR/BSCK7_XX_11-12-2025_1995_2000_01-May-2023_01-Mar-2024_HR_08.dmp
  /backup/data_arch/BSCK7_XX/HR/BSCK7_XX_11-12-2025_1995_2000_01-May-2023_01-Mar-2024_HR_09.dmp
Job "SYS"."SYS_EXPORT_TABLE_03" successfully completed at Thu Dec 11 23:26:05 2025 elapsed 0 00:00:29

TEMPLATE_NAME:  BSCK7_XX
Error Count:  0
CURRENT DATE:  2025/12/11
Insert Data into PS_DATAMIN_EXPF_XX.

1 row created.


Commit complete.

Successful Export: Insert Done.
Template HRPRD-BSCK7_XX successfully Exported, started at  Thu Dec 11 23:25:34 EST 2025 and finished at Thu Dec 11 23:26:07 EST 2025
----------------------------------------------------------------------------------------
Finished export of Template : BSCK7_XX
----------------------------------------------------------------------------------------
#########################################################################################
Beginning export of Template : BSCK8_XX
#########################################################################################
 
=> ( 1 ) SCK_MC_PRO_H_XX : Get History Record Counts

1 row created.


Commit complete.

..Get TableSpace, Index & Index TableSpace

1 row created.


Commit complete.

=> ( 2 ) SCK_MGC_HR_H_XX : Get History Record Counts

1 row created.


Commit complete.

..Get TableSpace, Index & Index TableSpace

1 row created.


Commit complete.


Export: Release 19.0.0.0.0 - Production on Thu Dec 11 23:26:08 2025
Version 19.27.0.0.0

Copyright (c) 1982, 2019, Oracle and/or its affiliates.  All rights reserved.

Connected to: Oracle Database 19c Enterprise Edition Release 19.0.0.0.0 - Production
FLASHBACK automatically enabled to preserve database integrity.
Starting "SYS"."SYS_EXPORT_TABLE_03":  userid="/******** AS SYSDBA" directory=BSCK8_XX_HR dumpfile=BSCK8_XX_11-12-2025_1995_2000_01-May-2023_01-Mar-2024_HR_%U.dmp logfile=BSCK8_XX_11-12-2025_1995_2000_01-May-2023_01-Mar-2024_HR.log parallel=18 EXCLUDE=statistics EXCLUDE=TRIGGER ENCRYPTION=ALL ENCRYPTION_MODE=DUAL ENCRYPTION_ALGORITHM=AES256 ENCRYPTION_PASSWORD=******** FILESIZE=10G COMPRESSION=ALL TABLES=SYSADM.PS_SCK_MC_PRO_H_XX QUERY=SYSADM.PS_SCK_MC_PRO_H_XX:"WHERE PSARCH_ID='BSCK8_XX' AND PSARCH_BATCHNUM||PSARCH_ID IN (SELECT PSARCH_BATCHNUM||PSARCH_ID FROM SYSADM.PSARCHBATCH WHERE PSARCH_DTTM >= '01-May-2023' AND PSARCH_DTTM < '01-Mar-2024')" TABLES=SYSADM.PS_SCK_MGC_HR_H_XX QUERY=SYSADM.PS_SCK_MGC_HR_H_XX:"WHERE PSARCH_ID='BSCK8_XX' AND PSARCH_BATCHNUM||PSARCH_ID IN (SELECT PSARCH_BATCHNUM||PSARCH_ID FROM SYSADM.PSARCHBATCH WHERE PSARCH_DTTM >= '01-May-2023' AND PSARCH_DTTM < '01-Mar-2024')" 
Processing object type TABLE_EXPORT/TABLE/PROCACT_INSTANCE
Processing object type TABLE_EXPORT/TABLE/TABLE_DATA
. . exported "SYSADM"."PS_SCK_MC_PRO_H_XX"                   0 KB       0 rows
. . exported "SYSADM"."PS_SCK_MGC_HR_H_XX"                   0 KB       0 rows
Processing object type TABLE_EXPORT/TABLE/TABLE
Processing object type TABLE_EXPORT/TABLE/GRANT/OWNER_GRANT/OBJECT_GRANT
Processing object type TABLE_EXPORT/TABLE/INDEX/INDEX
Master table "SYS"."SYS_EXPORT_TABLE_03" successfully loaded/unloaded
******************************************************************************
Dump file set for SYS.SYS_EXPORT_TABLE_03 is:
  /backup/data_arch/BSCK8_XX/HR/BSCK8_XX_11-12-2025_1995_2000_01-May-2023_01-Mar-2024_HR_01.dmp
  /backup/data_arch/BSCK8_XX/HR/BSCK8_XX_11-12-2025_1995_2000_01-May-2023_01-Mar-2024_HR_02.dmp
  /backup/data_arch/BSCK8_XX/HR/BSCK8_XX_11-12-2025_1995_2000_01-May-2023_01-Mar-2024_HR_03.dmp
  /backup/data_arch/BSCK8_XX/HR/BSCK8_XX_11-12-2025_1995_2000_01-May-2023_01-Mar-2024_HR_04.dmp
  /backup/data_arch/BSCK8_XX/HR/BSCK8_XX_11-12-2025_1995_2000_01-May-2023_01-Mar-2024_HR_05.dmp
  /backup/data_arch/BSCK8_XX/HR/BSCK8_XX_11-12-2025_1995_2000_01-May-2023_01-Mar-2024_HR_06.dmp
  /backup/data_arch/BSCK8_XX/HR/BSCK8_XX_11-12-2025_1995_2000_01-May-2023_01-Mar-2024_HR_07.dmp
  /backup/data_arch/BSCK8_XX/HR/BSCK8_XX_11-12-2025_1995_2000_01-May-2023_01-Mar-2024_HR_08.dmp
  /backup/data_arch/BSCK8_XX/HR/BSCK8_XX_11-12-2025_1995_2000_01-May-2023_01-Mar-2024_HR_09.dmp
Job "SYS"."SYS_EXPORT_TABLE_03" successfully completed at Thu Dec 11 23:26:36 2025 elapsed 0 00:00:27

TEMPLATE_NAME:  BSCK8_XX
Error Count:  0
CURRENT DATE:  2025/12/11
Insert Data into PS_DATAMIN_EXPF_XX.

1 row created.


Commit complete.

Successful Export: Insert Done.
Template HRPRD-BSCK8_XX successfully Exported, started at  Thu Dec 11 23:26:08 EST 2025 and finished at Thu Dec 11 23:26:41 EST 2025
----------------------------------------------------------------------------------------
Finished export of Template : BSCK8_XX
----------------------------------------------------------------------------------------
#########################################################################################
Beginning export of Template : BSCK9_XX
#########################################################################################
 
=> ( 1 ) SCK_MN1_HR_H_XX : Get History Record Counts

1 row created.


Commit complete.

..Get TableSpace, Index & Index TableSpace

1 row created.


Commit complete.

=> ( 2 ) SCK_MN1_P_H_XX : Get History Record Counts

1 row created.


Commit complete.

..Get TableSpace, Index & Index TableSpace

1 row created.


Commit complete.


Export: Release 19.0.0.0.0 - Production on Thu Dec 11 23:26:42 2025
Version 19.27.0.0.0

Copyright (c) 1982, 2019, Oracle and/or its affiliates.  All rights reserved.

Connected to: Oracle Database 19c Enterprise Edition Release 19.0.0.0.0 - Production
FLASHBACK automatically enabled to preserve database integrity.
Starting "SYS"."SYS_EXPORT_TABLE_03":  userid="/******** AS SYSDBA" directory=BSCK9_XX_HR dumpfile=BSCK9_XX_11-12-2025_1995_2000_01-May-2023_01-Mar-2024_HR_%U.dmp logfile=BSCK9_XX_11-12-2025_1995_2000_01-May-2023_01-Mar-2024_HR.log parallel=18 EXCLUDE=statistics EXCLUDE=TRIGGER ENCRYPTION=ALL ENCRYPTION_MODE=DUAL ENCRYPTION_ALGORITHM=AES256 ENCRYPTION_PASSWORD=******** FILESIZE=10G COMPRESSION=ALL TABLES=SYSADM.PS_SCK_MN1_HR_H_XX QUERY=SYSADM.PS_SCK_MN1_HR_H_XX:"WHERE PSARCH_ID='BSCK9_XX' AND PSARCH_BATCHNUM||PSARCH_ID IN (SELECT PSARCH_BATCHNUM||PSARCH_ID FROM SYSADM.PSARCHBATCH WHERE PSARCH_DTTM >= '01-May-2023' AND PSARCH_DTTM < '01-Mar-2024')" TABLES=SYSADM.PS_SCK_MN1_P_H_XX QUERY=SYSADM.PS_SCK_MN1_P_H_XX:"WHERE PSARCH_ID='BSCK9_XX' AND PSARCH_BATCHNUM||PSARCH_ID IN (SELECT PSARCH_BATCHNUM||PSARCH_ID FROM SYSADM.PSARCHBATCH WHERE PSARCH_DTTM >= '01-May-2023' AND PSARCH_DTTM < '01-Mar-2024')" 
Processing object type TABLE_EXPORT/TABLE/PROCACT_INSTANCE
Processing object type TABLE_EXPORT/TABLE/TABLE_DATA
. . exported "SYSADM"."PS_SCK_MN1_HR_H_XX"                   0 KB       0 rows
. . exported "SYSADM"."PS_SCK_MN1_P_H_XX"                    0 KB       0 rows
Processing object type TABLE_EXPORT/TABLE/TABLE
Processing object type TABLE_EXPORT/TABLE/GRANT/OWNER_GRANT/OBJECT_GRANT
Processing object type TABLE_EXPORT/TABLE/INDEX/INDEX
Master table "SYS"."SYS_EXPORT_TABLE_03" successfully loaded/unloaded
******************************************************************************
Dump file set for SYS.SYS_EXPORT_TABLE_03 is:
  /backup/data_arch/BSCK9_XX/HR/BSCK9_XX_11-12-2025_1995_2000_01-May-2023_01-Mar-2024_HR_01.dmp
  /backup/data_arch/BSCK9_XX/HR/BSCK9_XX_11-12-2025_1995_2000_01-May-2023_01-Mar-2024_HR_02.dmp
  /backup/data_arch/BSCK9_XX/HR/BSCK9_XX_11-12-2025_1995_2000_01-May-2023_01-Mar-2024_HR_03.dmp
  /backup/data_arch/BSCK9_XX/HR/BSCK9_XX_11-12-2025_1995_2000_01-May-2023_01-Mar-2024_HR_04.dmp
  /backup/data_arch/BSCK9_XX/HR/BSCK9_XX_11-12-2025_1995_2000_01-May-2023_01-Mar-2024_HR_05.dmp
  /backup/data_arch/BSCK9_XX/HR/BSCK9_XX_11-12-2025_1995_2000_01-May-2023_01-Mar-2024_HR_06.dmp
  /backup/data_arch/BSCK9_XX/HR/BSCK9_XX_11-12-2025_1995_2000_01-May-2023_01-Mar-2024_HR_07.dmp
  /backup/data_arch/BSCK9_XX/HR/BSCK9_XX_11-12-2025_1995_2000_01-May-2023_01-Mar-2024_HR_08.dmp
  /backup/data_arch/BSCK9_XX/HR/BSCK9_XX_11-12-2025_1995_2000_01-May-2023_01-Mar-2024_HR_09.dmp
Job "SYS"."SYS_EXPORT_TABLE_03" successfully completed at Thu Dec 11 23:27:07 2025 elapsed 0 00:00:25

TEMPLATE_NAME:  BSCK9_XX
Error Count:  0
CURRENT DATE:  2025/12/11
Insert Data into PS_DATAMIN_EXPF_XX.

1 row created.


Commit complete.

Successful Export: Insert Done.
Template HRPRD-BSCK9_XX successfully Exported, started at  Thu Dec 11 23:26:41 EST 2025 and finished at Thu Dec 11 23:27:09 EST 2025
----------------------------------------------------------------------------------------
Finished export of Template : BSCK9_XX
----------------------------------------------------------------------------------------
#########################################################################################
Beginning export of Template : BSCK_XX
#########################################################################################
 
=> ( 1 ) BEN_SICKHR_H_XX : Get History Record Counts

1 row created.


Commit complete.

..Get TableSpace, Index & Index TableSpace

1 row created.


Commit complete.

=> ( 2 ) BEN_SICK_H_XX : Get History Record Counts

1 row created.


Commit complete.

..Get TableSpace, Index & Index TableSpace

1 row created.


Commit complete.


Export: Release 19.0.0.0.0 - Production on Thu Dec 11 23:27:09 2025
Version 19.27.0.0.0

Copyright (c) 1982, 2019, Oracle and/or its affiliates.  All rights reserved.

Connected to: Oracle Database 19c Enterprise Edition Release 19.0.0.0.0 - Production
FLASHBACK automatically enabled to preserve database integrity.
Starting "SYS"."SYS_EXPORT_TABLE_03":  userid="/******** AS SYSDBA" directory=BSCK_XX_HR dumpfile=BSCK_XX_11-12-2025_1995_2000_01-May-2023_01-Mar-2024_HR_%U.dmp logfile=BSCK_XX_11-12-2025_1995_2000_01-May-2023_01-Mar-2024_HR.log parallel=18 EXCLUDE=statistics EXCLUDE=TRIGGER ENCRYPTION=ALL ENCRYPTION_MODE=DUAL ENCRYPTION_ALGORITHM=AES256 ENCRYPTION_PASSWORD=******** FILESIZE=10G COMPRESSION=ALL TABLES=SYSADM.PS_BEN_SICKHR_H_XX QUERY=SYSADM.PS_BEN_SICKHR_H_XX:"WHERE PSARCH_ID='BSCK_XX' AND PSARCH_BATCHNUM||PSARCH_ID IN (SELECT PSARCH_BATCHNUM||PSARCH_ID FROM SYSADM.PSARCHBATCH WHERE PSARCH_DTTM >= '01-May-2023' AND PSARCH_DTTM < '01-Mar-2024')" TABLES=SYSADM.PS_BEN_SICK_H_XX QUERY=SYSADM.PS_BEN_SICK_H_XX:"WHERE PSARCH_ID='BSCK_XX' AND PSARCH_BATCHNUM||PSARCH_ID IN (SELECT PSARCH_BATCHNUM||PSARCH_ID FROM SYSADM.PSARCHBATCH WHERE PSARCH_DTTM >= '01-May-2023' AND PSARCH_DTTM < '01-Mar-2024')" 
Processing object type TABLE_EXPORT/TABLE/PROCACT_INSTANCE
Processing object type TABLE_EXPORT/TABLE/TABLE_DATA
Processing object type TABLE_EXPORT/TABLE/TABLE
. . exported "SYSADM"."PS_BEN_SICKHR_H_XX"               5.390 KB       0 rows
. . exported "SYSADM"."PS_BEN_SICK_H_XX"                 5.492 KB       0 rows
Processing object type TABLE_EXPORT/TABLE/GRANT/OWNER_GRANT/OBJECT_GRANT
Processing object type TABLE_EXPORT/TABLE/INDEX/INDEX
Master table "SYS"."SYS_EXPORT_TABLE_03" successfully loaded/unloaded
******************************************************************************
Dump file set for SYS.SYS_EXPORT_TABLE_03 is:
  /backup/data_arch/BSCK_XX/HR/BSCK_XX_11-12-2025_1995_2000_01-May-2023_01-Mar-2024_HR_01.dmp
  /backup/data_arch/BSCK_XX/HR/BSCK_XX_11-12-2025_1995_2000_01-May-2023_01-Mar-2024_HR_02.dmp
  /backup/data_arch/BSCK_XX/HR/BSCK_XX_11-12-2025_1995_2000_01-May-2023_01-Mar-2024_HR_03.dmp
  /backup/data_arch/BSCK_XX/HR/BSCK_XX_11-12-2025_1995_2000_01-May-2023_01-Mar-2024_HR_04.dmp
  /backup/data_arch/BSCK_XX/HR/BSCK_XX_11-12-2025_1995_2000_01-May-2023_01-Mar-2024_HR_05.dmp
  /backup/data_arch/BSCK_XX/HR/BSCK_XX_11-12-2025_1995_2000_01-May-2023_01-Mar-2024_HR_06.dmp
  /backup/data_arch/BSCK_XX/HR/BSCK_XX_11-12-2025_1995_2000_01-May-2023_01-Mar-2024_HR_07.dmp
  /backup/data_arch/BSCK_XX/HR/BSCK_XX_11-12-2025_1995_2000_01-May-2023_01-Mar-2024_HR_08.dmp
  /backup/data_arch/BSCK_XX/HR/BSCK_XX_11-12-2025_1995_2000_01-May-2023_01-Mar-2024_HR_09.dmp
  /backup/data_arch/BSCK_XX/HR/BSCK_XX_11-12-2025_1995_2000_01-May-2023_01-Mar-2024_HR_10.dmp
Job "SYS"."SYS_EXPORT_TABLE_03" successfully completed at Thu Dec 11 23:27:35 2025 elapsed 0 00:00:25

TEMPLATE_NAME:  BSCK_XX
Error Count:  0
CURRENT DATE:  2025/12/11
Insert Data into PS_DATAMIN_EXPF_XX.

1 row created.


Commit complete.

Successful Export: Insert Done.
Template HRPRD-BSCK_XX successfully Exported, started at  Thu Dec 11 23:27:09 EST 2025 and finished at Thu Dec 11 23:27:37 EST 2025
----------------------------------------------------------------------------------------
Finished export of Template : BSCK_XX
----------------------------------------------------------------------------------------
#########################################################################################
Beginning export of Template : CONTRCTS
#########################################################################################
 
=> ( 1 ) CABLLPLNXX_H_XX : Get History Record Counts

1 row created.


Commit complete.

..Get TableSpace, Index & Index TableSpace

1 row created.


Commit complete.

=> ( 2 ) CA_BILLPLN_H_XX : Get History Record Counts

1 row created.


Commit complete.

..Get TableSpace, Index & Index TableSpace

1 row created.


Commit complete.

=> ( 3 ) CA_BPLINES_H_XX : Get History Record Counts

1 row created.


Commit complete.

..Get TableSpace, Index & Index TableSpace

1 row created.


Commit complete.

=> ( 4 ) CA_CNTRHDR_H_XX : Get History Record Counts

1 row created.


Commit complete.

..Get TableSpace, Index & Index TableSpace

4 rows created.


Commit complete.

=> ( 5 ) CA_DETAIL_H_XX : Get History Record Counts

1 row created.


Commit complete.

..Get TableSpace, Index & Index TableSpace

2 rows created.


Commit complete.

=> ( 6 ) CA_DT_PROJ_H_XX : Get History Record Counts

1 row created.


Commit complete.

..Get TableSpace, Index & Index TableSpace

1 row created.


Commit complete.


Export: Release 19.0.0.0.0 - Production on Thu Dec 11 23:27:39 2025
Version 19.27.0.0.0

Copyright (c) 1982, 2019, Oracle and/or its affiliates.  All rights reserved.

Connected to: Oracle Database 19c Enterprise Edition Release 19.0.0.0.0 - Production
FLASHBACK automatically enabled to preserve database integrity.
Starting "SYS"."SYS_EXPORT_TABLE_03":  userid="/******** AS SYSDBA" directory=CONTRCTS_HR dumpfile=CONTRCTS_11-12-2025_1995_2000_01-May-2023_01-Mar-2024_HR_%U.dmp logfile=CONTRCTS_11-12-2025_1995_2000_01-May-2023_01-Mar-2024_HR.log parallel=18 EXCLUDE=statistics EXCLUDE=TRIGGER ENCRYPTION=ALL ENCRYPTION_MODE=DUAL ENCRYPTION_ALGORITHM=AES256 ENCRYPTION_PASSWORD=******** FILESIZE=10G COMPRESSION=ALL TABLES=SYSADM.PS_CABLLPLNXX_H_XX QUERY=SYSADM.PS_CABLLPLNXX_H_XX:"WHERE PSARCH_ID='CONTRCTS' AND PSARCH_BATCHNUM||PSARCH_ID IN (SELECT PSARCH_BATCHNUM||PSARCH_ID FROM SYSADM.PSARCHBATCH WHERE PSARCH_DTTM >= '01-May-2023' AND PSARCH_DTTM < '01-Mar-2024')" TABLES=SYSADM.PS_CA_BILLPLN_H_XX QUERY=SYSADM.PS_CA_BILLPLN_H_XX:"WHERE PSARCH_ID='CONTRCTS' AND PSARCH_BATCHNUM||PSARCH_ID IN (SELECT PSARCH_BATCHNUM||PSARCH_ID FROM SYSADM.PSARCHBATCH WHERE PSARCH_DTTM >= '01-May-2023' AND PSARCH_DTTM < '01-Mar-2024')" TABLES=SYSADM.PS_CA_BPLINES_H_XX QUERY=SYSADM.PS_CA_BPLINES_H_XX:"WHERE PSARCH_ID='CONTRCTS' AND PSARCH_BATCHNUM||PSARCH_ID IN (SELECT PSARCH_BATCHNUM||PSARCH_ID FROM SYSADM.PSARCHBATCH WHERE PSARCH_DTTM >= '01-May-2023' AND PSARCH_DTTM < '01-Mar-2024')" TABLES=SYSADM.PS_CA_CNTRHDR_H_XX QUERY=SYSADM.PS_CA_CNTRHDR_H_XX:"WHERE PSARCH_ID='CONTRCTS' AND PSARCH_BATCHNUM||PSARCH_ID IN (SELECT PSARCH_BATCHNUM||PSARCH_ID FROM SYSADM.PSARCHBATCH WHERE PSARCH_DTTM >= '01-May-2023' AND PSARCH_DTTM < '01-Mar-2024')" TABLES=SYSADM.PS_CA_DETAIL_H_XX QUERY=SYSADM.PS_CA_DETAIL_H_XX:"WHERE PSARCH_ID='CONTRCTS' AND PSARCH_BATCHNUM||PSARCH_ID IN (SELECT PSARCH_BATCHNUM||PSARCH_ID FROM SYSADM.PSARCHBATCH WHERE PSARCH_DTTM >= '01-May-2023' AND PSARCH_DTTM < '01-Mar-2024')" TABLES=SYSADM.PS_CA_DT_PROJ_H_XX QUERY=SYSADM.PS_CA_DT_PROJ_H_XX:"WHERE PSARCH_ID='CONTRCTS' AND PSARCH_BATCHNUM||PSARCH_ID IN (SELECT PSARCH_BATCHNUM||PSARCH_ID FROM SYSADM.PSARCHBATCH WHERE PSARCH_DTTM >= '01-May-2023' AND PSARCH_DTTM < '01-Mar-2024')" 
Processing object type TABLE_EXPORT/TABLE/PROCACT_INSTANCE
Processing object type TABLE_EXPORT/TABLE/TABLE_DATA
. . exported "SYSADM"."PS_CA_DT_PROJ_H_XX"               5.945 KB       4 rows
Processing object type TABLE_EXPORT/TABLE/TABLE
. . exported "SYSADM"."PS_CA_DETAIL_H_XX"                10.46 KB       2 rows
. . exported "SYSADM"."PS_CA_BILLPLN_H_XX"               7.851 KB       2 rows
. . exported "SYSADM"."PS_CA_CNTRHDR_H_XX"                8.75 KB       2 rows
Processing object type TABLE_EXPORT/TABLE/GRANT/OWNER_GRANT/OBJECT_GRANT
. . exported "SYSADM"."PS_CA_BPLINES_H_XX"               6.882 KB       1 rows
. . exported "SYSADM"."PS_CABLLPLNXX_H_XX"               5.820 KB       2 rows
Processing object type TABLE_EXPORT/TABLE/INDEX/INDEX
Master table "SYS"."SYS_EXPORT_TABLE_03" successfully loaded/unloaded
******************************************************************************
Dump file set for SYS.SYS_EXPORT_TABLE_03 is:
  /backup/data_arch/CONTRCTS/HR/CONTRCTS_11-12-2025_1995_2000_01-May-2023_01-Mar-2024_HR_01.dmp
  /backup/data_arch/CONTRCTS/HR/CONTRCTS_11-12-2025_1995_2000_01-May-2023_01-Mar-2024_HR_02.dmp
  /backup/data_arch/CONTRCTS/HR/CONTRCTS_11-12-2025_1995_2000_01-May-2023_01-Mar-2024_HR_03.dmp
  /backup/data_arch/CONTRCTS/HR/CONTRCTS_11-12-2025_1995_2000_01-May-2023_01-Mar-2024_HR_04.dmp
  /backup/data_arch/CONTRCTS/HR/CONTRCTS_11-12-2025_1995_2000_01-May-2023_01-Mar-2024_HR_05.dmp
  /backup/data_arch/CONTRCTS/HR/CONTRCTS_11-12-2025_1995_2000_01-May-2023_01-Mar-2024_HR_06.dmp
  /backup/data_arch/CONTRCTS/HR/CONTRCTS_11-12-2025_1995_2000_01-May-2023_01-Mar-2024_HR_07.dmp
  /backup/data_arch/CONTRCTS/HR/CONTRCTS_11-12-2025_1995_2000_01-May-2023_01-Mar-2024_HR_08.dmp
  /backup/data_arch/CONTRCTS/HR/CONTRCTS_11-12-2025_1995_2000_01-May-2023_01-Mar-2024_HR_09.dmp
  /backup/data_arch/CONTRCTS/HR/CONTRCTS_11-12-2025_1995_2000_01-May-2023_01-Mar-2024_HR_10.dmp
Job "SYS"."SYS_EXPORT_TABLE_03" successfully completed at Thu Dec 11 23:28:03 2025 elapsed 0 00:00:23

TEMPLATE_NAME:  CONTRCTS
Error Count:  0
CURRENT DATE:  2025/12/11
Insert Data into PS_DATAMIN_EXPF_XX.

1 row created.


Commit complete.

Successful Export: Insert Done.
Template HRPRD-CONTRCTS successfully Exported, started at  Thu Dec 11 23:27:39 EST 2025 and finished at Thu Dec 11 23:28:07 EST 2025
----------------------------------------------------------------------------------------
Finished export of Template : CONTRCTS
----------------------------------------------------------------------------------------
#########################################################################################
Beginning export of Template : EEBAL_XX
#########################################################################################
 
=> ( 1 ) CHECK_YTD_H : Get History Record Counts

1 row created.


Commit complete.

..Get TableSpace, Index & Index TableSpace

1 row created.


Commit complete.

=> ( 2 ) DEDUCTION_BAL_H : Get History Record Counts

1 row created.


Commit complete.

..Get TableSpace, Index & Index TableSpace

1 row created.


Commit complete.

=> ( 3 ) EARNINGS_BAL_H : Get History Record Counts

1 row created.


Commit complete.

..Get TableSpace, Index & Index TableSpace

1 row created.


Commit complete.

=> ( 4 ) TAX_BALANCE_H : Get History Record Counts

1 row created.


Commit complete.

..Get TableSpace, Index & Index TableSpace

1 row created.


Commit complete.


Export: Release 19.0.0.0.0 - Production on Thu Dec 11 23:29:46 2025
Version 19.27.0.0.0

Copyright (c) 1982, 2019, Oracle and/or its affiliates.  All rights reserved.

Connected to: Oracle Database 19c Enterprise Edition Release 19.0.0.0.0 - Production
FLASHBACK automatically enabled to preserve database integrity.
Starting "SYS"."SYS_EXPORT_TABLE_03":  userid="/******** AS SYSDBA" directory=EEBAL_XX_HR dumpfile=EEBAL_XX_11-12-2025_1995_2000_01-May-2023_01-Mar-2024_HR_%U.dmp logfile=EEBAL_XX_11-12-2025_1995_2000_01-May-2023_01-Mar-2024_HR.log parallel=18 EXCLUDE=statistics EXCLUDE=TRIGGER ENCRYPTION=ALL ENCRYPTION_MODE=DUAL ENCRYPTION_ALGORITHM=AES256 ENCRYPTION_PASSWORD=******** FILESIZE=10G COMPRESSION=ALL TABLES=SYSADM.PS_CHECK_YTD_H QUERY=SYSADM.PS_CHECK_YTD_H:"WHERE PSARCH_ID='EEBAL_XX' AND PSARCH_BATCHNUM||PSARCH_ID IN (SELECT PSARCH_BATCHNUM||PSARCH_ID FROM SYSADM.PSARCHBATCH WHERE PSARCH_DTTM >= '01-May-2023' AND PSARCH_DTTM < '01-Mar-2024')" TABLES=SYSADM.PS_DEDUCTION_BAL_H QUERY=SYSADM.PS_DEDUCTION_BAL_H:"WHERE PSARCH_ID='EEBAL_XX' AND PSARCH_BATCHNUM||PSARCH_ID IN (SELECT PSARCH_BATCHNUM||PSARCH_ID FROM SYSADM.PSARCHBATCH WHERE PSARCH_DTTM >= '01-May-2023' AND PSARCH_DTTM < '01-Mar-2024')" TABLES=SYSADM.PS_EARNINGS_BAL_H QUERY=SYSADM.PS_EARNINGS_BAL_H:"WHERE PSARCH_ID='EEBAL_XX' AND PSARCH_BATCHNUM||PSARCH_ID IN (SELECT PSARCH_BATCHNUM||PSARCH_ID FROM SYSADM.PSARCHBATCH WHERE PSARCH_DTTM >= '01-May-2023' AND PSARCH_DTTM < '01-Mar-2024')" TABLES=SYSADM.PS_TAX_BALANCE_H QUERY=SYSADM.PS_TAX_BALANCE_H:"WHERE PSARCH_ID='EEBAL_XX' AND PSARCH_BATCHNUM||PSARCH_ID IN (SELECT PSARCH_BATCHNUM||PSARCH_ID FROM SYSADM.PSARCHBATCH WHERE PSARCH_DTTM >= '01-May-2023' AND PSARCH_DTTM < '01-Mar-2024')" 
Processing object type TABLE_EXPORT/TABLE/PROCACT_INSTANCE
Processing object type TABLE_EXPORT/TABLE/TABLE_DATA
Processing object type TABLE_EXPORT/TABLE/TABLE
Processing object type TABLE_EXPORT/TABLE/GRANT/OWNER_GRANT/OBJECT_GRANT
Processing object type TABLE_EXPORT/TABLE/INDEX/INDEX
. . exported "SYSADM"."PS_EARNINGS_BAL_H"                111.1 MB 8564349 rows
. . exported "SYSADM"."PS_TAX_BALANCE_H"                 219.4 MB 13119254 rows
. . exported "SYSADM"."PS_CHECK_YTD_H"                   27.29 MB 2090896 rows
. . exported "SYSADM"."PS_DEDUCTION_BAL_H"               11.29 MB 1186095 rows
Master table "SYS"."SYS_EXPORT_TABLE_03" successfully loaded/unloaded
******************************************************************************
Dump file set for SYS.SYS_EXPORT_TABLE_03 is:
  /backup/data_arch/EEBAL_XX/HR/EEBAL_XX_11-12-2025_1995_2000_01-May-2023_01-Mar-2024_HR_01.dmp
  /backup/data_arch/EEBAL_XX/HR/EEBAL_XX_11-12-2025_1995_2000_01-May-2023_01-Mar-2024_HR_02.dmp
  /backup/data_arch/EEBAL_XX/HR/EEBAL_XX_11-12-2025_1995_2000_01-May-2023_01-Mar-2024_HR_03.dmp
  /backup/data_arch/EEBAL_XX/HR/EEBAL_XX_11-12-2025_1995_2000_01-May-2023_01-Mar-2024_HR_04.dmp
  /backup/data_arch/EEBAL_XX/HR/EEBAL_XX_11-12-2025_1995_2000_01-May-2023_01-Mar-2024_HR_05.dmp
  /backup/data_arch/EEBAL_XX/HR/EEBAL_XX_11-12-2025_1995_2000_01-May-2023_01-Mar-2024_HR_06.dmp
  /backup/data_arch/EEBAL_XX/HR/EEBAL_XX_11-12-2025_1995_2000_01-May-2023_01-Mar-2024_HR_07.dmp
  /backup/data_arch/EEBAL_XX/HR/EEBAL_XX_11-12-2025_1995_2000_01-May-2023_01-Mar-2024_HR_08.dmp
  /backup/data_arch/EEBAL_XX/HR/EEBAL_XX_11-12-2025_1995_2000_01-May-2023_01-Mar-2024_HR_09.dmp
  /backup/data_arch/EEBAL_XX/HR/EEBAL_XX_11-12-2025_1995_2000_01-May-2023_01-Mar-2024_HR_10.dmp
  /backup/data_arch/EEBAL_XX/HR/EEBAL_XX_11-12-2025_1995_2000_01-May-2023_01-Mar-2024_HR_11.dmp
  /backup/data_arch/EEBAL_XX/HR/EEBAL_XX_11-12-2025_1995_2000_01-May-2023_01-Mar-2024_HR_12.dmp
  /backup/data_arch/EEBAL_XX/HR/EEBAL_XX_11-12-2025_1995_2000_01-May-2023_01-Mar-2024_HR_13.dmp
  /backup/data_arch/EEBAL_XX/HR/EEBAL_XX_11-12-2025_1995_2000_01-May-2023_01-Mar-2024_HR_14.dmp
  /backup/data_arch/EEBAL_XX/HR/EEBAL_XX_11-12-2025_1995_2000_01-May-2023_01-Mar-2024_HR_15.dmp
  /backup/data_arch/EEBAL_XX/HR/EEBAL_XX_11-12-2025_1995_2000_01-May-2023_01-Mar-2024_HR_16.dmp
  /backup/data_arch/EEBAL_XX/HR/EEBAL_XX_11-12-2025_1995_2000_01-May-2023_01-Mar-2024_HR_17.dmp
  /backup/data_arch/EEBAL_XX/HR/EEBAL_XX_11-12-2025_1995_2000_01-May-2023_01-Mar-2024_HR_18.dmp
  /backup/data_arch/EEBAL_XX/HR/EEBAL_XX_11-12-2025_1995_2000_01-May-2023_01-Mar-2024_HR_19.dmp
  /backup/data_arch/EEBAL_XX/HR/EEBAL_XX_11-12-2025_1995_2000_01-May-2023_01-Mar-2024_HR_20.dmp
  /backup/data_arch/EEBAL_XX/HR/EEBAL_XX_11-12-2025_1995_2000_01-May-2023_01-Mar-2024_HR_21.dmp
  /backup/data_arch/EEBAL_XX/HR/EEBAL_XX_11-12-2025_1995_2000_01-May-2023_01-Mar-2024_HR_22.dmp
  /backup/data_arch/EEBAL_XX/HR/EEBAL_XX_11-12-2025_1995_2000_01-May-2023_01-Mar-2024_HR_23.dmp
  /backup/data_arch/EEBAL_XX/HR/EEBAL_XX_11-12-2025_1995_2000_01-May-2023_01-Mar-2024_HR_24.dmp
  /backup/data_arch/EEBAL_XX/HR/EEBAL_XX_11-12-2025_1995_2000_01-May-2023_01-Mar-2024_HR_25.dmp
Job "SYS"."SYS_EXPORT_TABLE_03" successfully completed at Thu Dec 11 23:30:35 2025 elapsed 0 00:00:49

TEMPLATE_NAME:  EEBAL_XX
Error Count:  0
CURRENT DATE:  2025/12/11
Insert Data into PS_DATAMIN_EXPF_XX.

1 row created.


Commit complete.

Successful Export: Insert Done.
Template HRPRD-EEBAL_XX successfully Exported, started at  Thu Dec 11 23:29:46 EST 2025 and finished at Thu Dec 11 23:30:38 EST 2025
----------------------------------------------------------------------------------------
Finished export of Template : EEBAL_XX
----------------------------------------------------------------------------------------
#########################################################################################
Beginning export of Template : EECAN_XX
#########################################################################################
 
=> ( 1 ) CAN_CHECK_YT_H : Get History Record Counts

1 row created.


Commit complete.

..Get TableSpace, Index & Index TableSpace

1 row created.


Commit complete.

=> ( 2 ) CAN_DD_BALANC_H : Get History Record Counts

1 row created.


Commit complete.

..Get TableSpace, Index & Index TableSpace

1 row created.


Commit complete.

=> ( 3 ) CAN_EN_BALNCE_H : Get History Record Counts

1 row created.


Commit complete.

..Get TableSpace, Index & Index TableSpace

1 row created.


Commit complete.


Export: Release 19.0.0.0.0 - Production on Thu Dec 11 23:30:39 2025
Version 19.27.0.0.0

Copyright (c) 1982, 2019, Oracle and/or its affiliates.  All rights reserved.

Connected to: Oracle Database 19c Enterprise Edition Release 19.0.0.0.0 - Production
FLASHBACK automatically enabled to preserve database integrity.
Starting "SYS"."SYS_EXPORT_TABLE_03":  userid="/******** AS SYSDBA" directory=EECAN_XX_HR dumpfile=EECAN_XX_11-12-2025_1995_2000_01-May-2023_01-Mar-2024_HR_%U.dmp logfile=EECAN_XX_11-12-2025_1995_2000_01-May-2023_01-Mar-2024_HR.log parallel=18 EXCLUDE=statistics EXCLUDE=TRIGGER ENCRYPTION=ALL ENCRYPTION_MODE=DUAL ENCRYPTION_ALGORITHM=AES256 ENCRYPTION_PASSWORD=******** FILESIZE=10G COMPRESSION=ALL TABLES=SYSADM.PS_CAN_CHECK_YT_H QUERY=SYSADM.PS_CAN_CHECK_YT_H:"WHERE PSARCH_ID='EECAN_XX' AND PSARCH_BATCHNUM||PSARCH_ID IN (SELECT PSARCH_BATCHNUM||PSARCH_ID FROM SYSADM.PSARCHBATCH WHERE PSARCH_DTTM >= '01-May-2023' AND PSARCH_DTTM < '01-Mar-2024')" TABLES=SYSADM.PS_CAN_DD_BALANC_H QUERY=SYSADM.PS_CAN_DD_BALANC_H:"WHERE PSARCH_ID='EECAN_XX' AND PSARCH_BATCHNUM||PSARCH_ID IN (SELECT PSARCH_BATCHNUM||PSARCH_ID FROM SYSADM.PSARCHBATCH WHERE PSARCH_DTTM >= '01-May-2023' AND PSARCH_DTTM < '01-Mar-2024')" TABLES=SYSADM.PS_CAN_EN_BALNCE_H QUERY=SYSADM.PS_CAN_EN_BALNCE_H:"WHERE PSARCH_ID='EECAN_XX' AND PSARCH_BATCHNUM||PSARCH_ID IN (SELECT PSARCH_BATCHNUM||PSARCH_ID FROM SYSADM.PSARCHBATCH WHERE PSARCH_DTTM >= '01-May-2023' AND PSARCH_DTTM < '01-Mar-2024')" 
Processing object type TABLE_EXPORT/TABLE/PROCACT_INSTANCE
Processing object type TABLE_EXPORT/TABLE/TABLE_DATA
Processing object type TABLE_EXPORT/TABLE/TABLE
. . exported "SYSADM"."PS_CAN_CHECK_YT_H"                5.703 KB       0 rows
. . exported "SYSADM"."PS_CAN_EN_BALNCE_H"               6.015 KB       0 rows
Processing object type TABLE_EXPORT/TABLE/GRANT/OWNER_GRANT/OBJECT_GRANT
. . exported "SYSADM"."PS_CAN_DD_BALANC_H"               5.992 KB       0 rows
Processing object type TABLE_EXPORT/TABLE/INDEX/INDEX
Master table "SYS"."SYS_EXPORT_TABLE_03" successfully loaded/unloaded
******************************************************************************
Dump file set for SYS.SYS_EXPORT_TABLE_03 is:
  /backup/data_arch/EECAN_XX/HR/EECAN_XX_11-12-2025_1995_2000_01-May-2023_01-Mar-2024_HR_01.dmp
  /backup/data_arch/EECAN_XX/HR/EECAN_XX_11-12-2025_1995_2000_01-May-2023_01-Mar-2024_HR_02.dmp
  /backup/data_arch/EECAN_XX/HR/EECAN_XX_11-12-2025_1995_2000_01-May-2023_01-Mar-2024_HR_03.dmp
  /backup/data_arch/EECAN_XX/HR/EECAN_XX_11-12-2025_1995_2000_01-May-2023_01-Mar-2024_HR_04.dmp
  /backup/data_arch/EECAN_XX/HR/EECAN_XX_11-12-2025_1995_2000_01-May-2023_01-Mar-2024_HR_05.dmp
  /backup/data_arch/EECAN_XX/HR/EECAN_XX_11-12-2025_1995_2000_01-May-2023_01-Mar-2024_HR_06.dmp
  /backup/data_arch/EECAN_XX/HR/EECAN_XX_11-12-2025_1995_2000_01-May-2023_01-Mar-2024_HR_07.dmp
  /backup/data_arch/EECAN_XX/HR/EECAN_XX_11-12-2025_1995_2000_01-May-2023_01-Mar-2024_HR_08.dmp
  /backup/data_arch/EECAN_XX/HR/EECAN_XX_11-12-2025_1995_2000_01-May-2023_01-Mar-2024_HR_09.dmp
  /backup/data_arch/EECAN_XX/HR/EECAN_XX_11-12-2025_1995_2000_01-May-2023_01-Mar-2024_HR_10.dmp
Job "SYS"."SYS_EXPORT_TABLE_03" successfully completed at Thu Dec 11 23:31:04 2025 elapsed 0 00:00:25

TEMPLATE_NAME:  EECAN_XX
Error Count:  0
CURRENT DATE:  2025/12/11
Insert Data into PS_DATAMIN_EXPF_XX.

1 row created.


Commit complete.

Successful Export: Insert Done.
Template HRPRD-EECAN_XX successfully Exported, started at  Thu Dec 11 23:30:39 EST 2025 and finished at Thu Dec 11 23:31:06 EST 2025
----------------------------------------------------------------------------------------
Finished export of Template : EECAN_XX
----------------------------------------------------------------------------------------
#########################################################################################
Beginning export of Template : EOUINSTX
#########################################################################################
 
=> ( 1 ) EOAW_UINST_HXX : Get History Record Counts

1 row created.


Commit complete.

..Get TableSpace, Index & Index TableSpace

1 row created.


Commit complete.


Export: Release 19.0.0.0.0 - Production on Thu Dec 11 23:31:06 2025
Version 19.27.0.0.0

Copyright (c) 1982, 2019, Oracle and/or its affiliates.  All rights reserved.

Connected to: Oracle Database 19c Enterprise Edition Release 19.0.0.0.0 - Production
FLASHBACK automatically enabled to preserve database integrity.
Starting "SYS"."SYS_EXPORT_TABLE_03":  userid="/******** AS SYSDBA" directory=EOUINSTX_HR dumpfile=EOUINSTX_11-12-2025_1995_2000_01-May-2023_01-Mar-2024_HR_%U.dmp logfile=EOUINSTX_11-12-2025_1995_2000_01-May-2023_01-Mar-2024_HR.log parallel=18 EXCLUDE=statistics EXCLUDE=TRIGGER ENCRYPTION=ALL ENCRYPTION_MODE=DUAL ENCRYPTION_ALGORITHM=AES256 ENCRYPTION_PASSWORD=******** FILESIZE=10G COMPRESSION=ALL TABLES=SYSADM.PS_EOAW_UINST_HXX QUERY=SYSADM.PS_EOAW_UINST_HXX:"WHERE PSARCH_ID='EOUINSTX' AND PSARCH_BATCHNUM||PSARCH_ID IN (SELECT PSARCH_BATCHNUM||PSARCH_ID FROM SYSADM.PSARCHBATCH WHERE PSARCH_DTTM >= '01-May-2023' AND PSARCH_DTTM < '01-Mar-2024')" 
Processing object type TABLE_EXPORT/TABLE/PROCACT_INSTANCE
Processing object type TABLE_EXPORT/TABLE/TABLE_DATA
. . exported "SYSADM"."PS_EOAW_UINST_HXX"                    0 KB       0 rows
Processing object type TABLE_EXPORT/TABLE/TABLE
Processing object type TABLE_EXPORT/TABLE/GRANT/OWNER_GRANT/OBJECT_GRANT
Processing object type TABLE_EXPORT/TABLE/INDEX/INDEX
Master table "SYS"."SYS_EXPORT_TABLE_03" successfully loaded/unloaded
******************************************************************************
Dump file set for SYS.SYS_EXPORT_TABLE_03 is:
  /backup/data_arch/EOUINSTX/HR/EOUINSTX_11-12-2025_1995_2000_01-May-2023_01-Mar-2024_HR_01.dmp
  /backup/data_arch/EOUINSTX/HR/EOUINSTX_11-12-2025_1995_2000_01-May-2023_01-Mar-2024_HR_02.dmp
  /backup/data_arch/EOUINSTX/HR/EOUINSTX_11-12-2025_1995_2000_01-May-2023_01-Mar-2024_HR_03.dmp
  /backup/data_arch/EOUINSTX/HR/EOUINSTX_11-12-2025_1995_2000_01-May-2023_01-Mar-2024_HR_04.dmp
  /backup/data_arch/EOUINSTX/HR/EOUINSTX_11-12-2025_1995_2000_01-May-2023_01-Mar-2024_HR_05.dmp
  /backup/data_arch/EOUINSTX/HR/EOUINSTX_11-12-2025_1995_2000_01-May-2023_01-Mar-2024_HR_06.dmp
  /backup/data_arch/EOUINSTX/HR/EOUINSTX_11-12-2025_1995_2000_01-May-2023_01-Mar-2024_HR_07.dmp
  /backup/data_arch/EOUINSTX/HR/EOUINSTX_11-12-2025_1995_2000_01-May-2023_01-Mar-2024_HR_08.dmp
  /backup/data_arch/EOUINSTX/HR/EOUINSTX_11-12-2025_1995_2000_01-May-2023_01-Mar-2024_HR_09.dmp
Job "SYS"."SYS_EXPORT_TABLE_03" successfully completed at Thu Dec 11 23:31:32 2025 elapsed 0 00:00:25

TEMPLATE_NAME:  EOUINSTX
Error Count:  0
CURRENT DATE:  2025/12/11
Insert Data into PS_DATAMIN_EXPF_XX.

1 row created.


Commit complete.

Successful Export: Insert Done.
Template HRPRD-EOUINSTX successfully Exported, started at  Thu Dec 11 23:31:06 EST 2025 and finished at Thu Dec 11 23:31:38 EST 2025
----------------------------------------------------------------------------------------
Finished export of Template : EOUINSTX
----------------------------------------------------------------------------------------
#########################################################################################
Beginning export of Template : EUINSTX
#########################################################################################
 
=> ( 1 ) EOAW_UINST_HXX : Get History Record Counts

1 row created.


Commit complete.

..Get TableSpace, Index & Index TableSpace

1 row created.


Commit complete.


Export: Release 19.0.0.0.0 - Production on Thu Dec 11 23:31:38 2025
Version 19.27.0.0.0

Copyright (c) 1982, 2019, Oracle and/or its affiliates.  All rights reserved.

Connected to: Oracle Database 19c Enterprise Edition Release 19.0.0.0.0 - Production
FLASHBACK automatically enabled to preserve database integrity.
Starting "SYS"."SYS_EXPORT_TABLE_03":  userid="/******** AS SYSDBA" directory=EUINSTX_HR dumpfile=EUINSTX_11-12-2025_1995_2000_01-May-2023_01-Mar-2024_HR_%U.dmp logfile=EUINSTX_11-12-2025_1995_2000_01-May-2023_01-Mar-2024_HR.log parallel=18 EXCLUDE=statistics EXCLUDE=TRIGGER ENCRYPTION=ALL ENCRYPTION_MODE=DUAL ENCRYPTION_ALGORITHM=AES256 ENCRYPTION_PASSWORD=******** FILESIZE=10G COMPRESSION=ALL TABLES=SYSADM.PS_EOAW_UINST_HXX QUERY=SYSADM.PS_EOAW_UINST_HXX:"WHERE PSARCH_ID='EUINSTX' AND PSARCH_BATCHNUM||PSARCH_ID IN (SELECT PSARCH_BATCHNUM||PSARCH_ID FROM SYSADM.PSARCHBATCH WHERE PSARCH_DTTM >= '01-May-2023' AND PSARCH_DTTM < '01-Mar-2024')" 
Processing object type TABLE_EXPORT/TABLE/PROCACT_INSTANCE
Processing object type TABLE_EXPORT/TABLE/TABLE_DATA
. . exported "SYSADM"."PS_EOAW_UINST_HXX"                    0 KB       0 rows
Processing object type TABLE_EXPORT/TABLE/TABLE
Processing object type TABLE_EXPORT/TABLE/GRANT/OWNER_GRANT/OBJECT_GRANT
Processing object type TABLE_EXPORT/TABLE/INDEX/INDEX
Master table "SYS"."SYS_EXPORT_TABLE_03" successfully loaded/unloaded
******************************************************************************
Dump file set for SYS.SYS_EXPORT_TABLE_03 is:
  /backup/data_arch/EUINSTX/HR/EUINSTX_11-12-2025_1995_2000_01-May-2023_01-Mar-2024_HR_01.dmp
  /backup/data_arch/EUINSTX/HR/EUINSTX_11-12-2025_1995_2000_01-May-2023_01-Mar-2024_HR_02.dmp
  /backup/data_arch/EUINSTX/HR/EUINSTX_11-12-2025_1995_2000_01-May-2023_01-Mar-2024_HR_03.dmp
  /backup/data_arch/EUINSTX/HR/EUINSTX_11-12-2025_1995_2000_01-May-2023_01-Mar-2024_HR_04.dmp
  /backup/data_arch/EUINSTX/HR/EUINSTX_11-12-2025_1995_2000_01-May-2023_01-Mar-2024_HR_05.dmp
  /backup/data_arch/EUINSTX/HR/EUINSTX_11-12-2025_1995_2000_01-May-2023_01-Mar-2024_HR_06.dmp
  /backup/data_arch/EUINSTX/HR/EUINSTX_11-12-2025_1995_2000_01-May-2023_01-Mar-2024_HR_07.dmp
  /backup/data_arch/EUINSTX/HR/EUINSTX_11-12-2025_1995_2000_01-May-2023_01-Mar-2024_HR_08.dmp
  /backup/data_arch/EUINSTX/HR/EUINSTX_11-12-2025_1995_2000_01-May-2023_01-Mar-2024_HR_09.dmp
Job "SYS"."SYS_EXPORT_TABLE_03" successfully completed at Thu Dec 11 23:32:03 2025 elapsed 0 00:00:24

TEMPLATE_NAME:  EUINSTX
Error Count:  0
CURRENT DATE:  2025/12/11
Insert Data into PS_DATAMIN_EXPF_XX.

1 row created.


Commit complete.

Successful Export: Insert Done.
Template HRPRD-EUINSTX successfully Exported, started at  Thu Dec 11 23:31:38 EST 2025 and finished at Thu Dec 11 23:32:05 EST 2025
----------------------------------------------------------------------------------------
Finished export of Template : EUINSTX
----------------------------------------------------------------------------------------
#########################################################################################
Beginning export of Template : GPARC2XX
#########################################################################################
 
=> ( 1 ) GP_RTOTRGR_HXX : Get History Record Counts

1 row created.


Commit complete.

..Get TableSpace, Index & Index TableSpace

1 row created.


Commit complete.


Export: Release 19.0.0.0.0 - Production on Thu Dec 11 23:32:05 2025
Version 19.27.0.0.0

Copyright (c) 1982, 2019, Oracle and/or its affiliates.  All rights reserved.

Connected to: Oracle Database 19c Enterprise Edition Release 19.0.0.0.0 - Production
FLASHBACK automatically enabled to preserve database integrity.
Starting "SYS"."SYS_EXPORT_TABLE_03":  userid="/******** AS SYSDBA" directory=GPARC2XX_HR dumpfile=GPARC2XX_11-12-2025_1995_2000_01-May-2023_01-Mar-2024_HR_%U.dmp logfile=GPARC2XX_11-12-2025_1995_2000_01-May-2023_01-Mar-2024_HR.log parallel=18 EXCLUDE=statistics EXCLUDE=TRIGGER ENCRYPTION=ALL ENCRYPTION_MODE=DUAL ENCRYPTION_ALGORITHM=AES256 ENCRYPTION_PASSWORD=******** FILESIZE=10G COMPRESSION=ALL TABLES=SYSADM.PS_GP_RTOTRGR_HXX QUERY=SYSADM.PS_GP_RTOTRGR_HXX:"WHERE PSARCH_ID='GPARC2XX' AND PSARCH_BATCHNUM||PSARCH_ID IN (SELECT PSARCH_BATCHNUM||PSARCH_ID FROM SYSADM.PSARCHBATCH WHERE PSARCH_DTTM >= '01-May-2023' AND PSARCH_DTTM < '01-Mar-2024')" 
Processing object type TABLE_EXPORT/TABLE/PROCACT_INSTANCE
Processing object type TABLE_EXPORT/TABLE/TABLE_DATA
. . exported "SYSADM"."PS_GP_RTOTRGR_HXX"                    0 KB       0 rows
Processing object type TABLE_EXPORT/TABLE/TABLE
Processing object type TABLE_EXPORT/TABLE/GRANT/OWNER_GRANT/OBJECT_GRANT
Processing object type TABLE_EXPORT/TABLE/INDEX/INDEX
Master table "SYS"."SYS_EXPORT_TABLE_03" successfully loaded/unloaded
******************************************************************************
Dump file set for SYS.SYS_EXPORT_TABLE_03 is:
  /backup/data_arch/GPARC2XX/HR/GPARC2XX_11-12-2025_1995_2000_01-May-2023_01-Mar-2024_HR_01.dmp
  /backup/data_arch/GPARC2XX/HR/GPARC2XX_11-12-2025_1995_2000_01-May-2023_01-Mar-2024_HR_02.dmp
  /backup/data_arch/GPARC2XX/HR/GPARC2XX_11-12-2025_1995_2000_01-May-2023_01-Mar-2024_HR_03.dmp
  /backup/data_arch/GPARC2XX/HR/GPARC2XX_11-12-2025_1995_2000_01-May-2023_01-Mar-2024_HR_04.dmp
  /backup/data_arch/GPARC2XX/HR/GPARC2XX_11-12-2025_1995_2000_01-May-2023_01-Mar-2024_HR_05.dmp
  /backup/data_arch/GPARC2XX/HR/GPARC2XX_11-12-2025_1995_2000_01-May-2023_01-Mar-2024_HR_06.dmp
  /backup/data_arch/GPARC2XX/HR/GPARC2XX_11-12-2025_1995_2000_01-May-2023_01-Mar-2024_HR_07.dmp
  /backup/data_arch/GPARC2XX/HR/GPARC2XX_11-12-2025_1995_2000_01-May-2023_01-Mar-2024_HR_08.dmp
  /backup/data_arch/GPARC2XX/HR/GPARC2XX_11-12-2025_1995_2000_01-May-2023_01-Mar-2024_HR_09.dmp
Job "SYS"."SYS_EXPORT_TABLE_03" successfully completed at Thu Dec 11 23:32:30 2025 elapsed 0 00:00:24

TEMPLATE_NAME:  GPARC2XX
Error Count:  0
CURRENT DATE:  2025/12/11
Insert Data into PS_DATAMIN_EXPF_XX.

1 row created.


Commit complete.

Successful Export: Insert Done.
Template HRPRD-GPARC2XX successfully Exported, started at  Thu Dec 11 23:32:05 EST 2025 and finished at Thu Dec 11 23:32:36 EST 2025
----------------------------------------------------------------------------------------
Finished export of Template : GPARC2XX
----------------------------------------------------------------------------------------
#########################################################################################
Beginning export of Template : GPARC3XX
#########################################################################################
 
=> ( 1 ) GP_POVRSOVR_HXX : Get History Record Counts

1 row created.


Commit complete.

..Get TableSpace, Index & Index TableSpace

1 row created.


Commit complete.

=> ( 2 ) GP_PYEOVRD_H_XX : Get History Record Counts

1 row created.


Commit complete.

..Get TableSpace, Index & Index TableSpace

1 row created.


Commit complete.


Export: Release 19.0.0.0.0 - Production on Thu Dec 11 23:32:37 2025
Version 19.27.0.0.0

Copyright (c) 1982, 2019, Oracle and/or its affiliates.  All rights reserved.

Connected to: Oracle Database 19c Enterprise Edition Release 19.0.0.0.0 - Production
FLASHBACK automatically enabled to preserve database integrity.
Starting "SYS"."SYS_EXPORT_TABLE_03":  userid="/******** AS SYSDBA" directory=GPARC3XX_HR dumpfile=GPARC3XX_11-12-2025_1995_2000_01-May-2023_01-Mar-2024_HR_%U.dmp logfile=GPARC3XX_11-12-2025_1995_2000_01-May-2023_01-Mar-2024_HR.log parallel=18 EXCLUDE=statistics EXCLUDE=TRIGGER ENCRYPTION=ALL ENCRYPTION_MODE=DUAL ENCRYPTION_ALGORITHM=AES256 ENCRYPTION_PASSWORD=******** FILESIZE=10G COMPRESSION=ALL TABLES=SYSADM.PS_GP_POVRSOVR_HXX QUERY=SYSADM.PS_GP_POVRSOVR_HXX:"WHERE PSARCH_ID='GPARC3XX' AND PSARCH_BATCHNUM||PSARCH_ID IN (SELECT PSARCH_BATCHNUM||PSARCH_ID FROM SYSADM.PSARCHBATCH WHERE PSARCH_DTTM >= '01-May-2023' AND PSARCH_DTTM < '01-Mar-2024')" TABLES=SYSADM.PS_GP_PYEOVRD_H_XX QUERY=SYSADM.PS_GP_PYEOVRD_H_XX:"WHERE PSARCH_ID='GPARC3XX' AND PSARCH_BATCHNUM||PSARCH_ID IN (SELECT PSARCH_BATCHNUM||PSARCH_ID FROM SYSADM.PSARCHBATCH WHERE PSARCH_DTTM >= '01-May-2023' AND PSARCH_DTTM < '01-Mar-2024')" 
Processing object type TABLE_EXPORT/TABLE/PROCACT_INSTANCE
Processing object type TABLE_EXPORT/TABLE/TABLE_DATA
. . exported "SYSADM"."PS_GP_POVRSOVR_HXX"                   0 KB       0 rows
. . exported "SYSADM"."PS_GP_PYEOVRD_H_XX"                   0 KB       0 rows
Processing object type TABLE_EXPORT/TABLE/TABLE
Processing object type TABLE_EXPORT/TABLE/GRANT/OWNER_GRANT/OBJECT_GRANT
Processing object type TABLE_EXPORT/TABLE/INDEX/INDEX
Master table "SYS"."SYS_EXPORT_TABLE_03" successfully loaded/unloaded
******************************************************************************
Dump file set for SYS.SYS_EXPORT_TABLE_03 is:
  /backup/data_arch/GPARC3XX/HR/GPARC3XX_11-12-2025_1995_2000_01-May-2023_01-Mar-2024_HR_01.dmp
  /backup/data_arch/GPARC3XX/HR/GPARC3XX_11-12-2025_1995_2000_01-May-2023_01-Mar-2024_HR_02.dmp
  /backup/data_arch/GPARC3XX/HR/GPARC3XX_11-12-2025_1995_2000_01-May-2023_01-Mar-2024_HR_03.dmp
  /backup/data_arch/GPARC3XX/HR/GPARC3XX_11-12-2025_1995_2000_01-May-2023_01-Mar-2024_HR_04.dmp
  /backup/data_arch/GPARC3XX/HR/GPARC3XX_11-12-2025_1995_2000_01-May-2023_01-Mar-2024_HR_05.dmp
  /backup/data_arch/GPARC3XX/HR/GPARC3XX_11-12-2025_1995_2000_01-May-2023_01-Mar-2024_HR_06.dmp
  /backup/data_arch/GPARC3XX/HR/GPARC3XX_11-12-2025_1995_2000_01-May-2023_01-Mar-2024_HR_07.dmp
  /backup/data_arch/GPARC3XX/HR/GPARC3XX_11-12-2025_1995_2000_01-May-2023_01-Mar-2024_HR_08.dmp
  /backup/data_arch/GPARC3XX/HR/GPARC3XX_11-12-2025_1995_2000_01-May-2023_01-Mar-2024_HR_09.dmp
Job "SYS"."SYS_EXPORT_TABLE_03" successfully completed at Thu Dec 11 23:33:02 2025 elapsed 0 00:00:25

TEMPLATE_NAME:  GPARC3XX
Error Count:  0
CURRENT DATE:  2025/12/11
Insert Data into PS_DATAMIN_EXPF_XX.

1 row created.


Commit complete.

Successful Export: Insert Done.
Template HRPRD-GPARC3XX successfully Exported, started at  Thu Dec 11 23:32:37 EST 2025 and finished at Thu Dec 11 23:33:04 EST 2025
----------------------------------------------------------------------------------------
Finished export of Template : GPARC3XX
----------------------------------------------------------------------------------------
#########################################################################################
Beginning export of Template : GPARC4XX
#########################################################################################
 
=> ( 1 ) GP_PYESOVR_HXX : Get History Record Counts

1 row created.


Commit complete.

..Get TableSpace, Index & Index TableSpace

1 row created.


Commit complete.


Export: Release 19.0.0.0.0 - Production on Thu Dec 11 23:33:05 2025
Version 19.27.0.0.0

Copyright (c) 1982, 2019, Oracle and/or its affiliates.  All rights reserved.

Connected to: Oracle Database 19c Enterprise Edition Release 19.0.0.0.0 - Production
FLASHBACK automatically enabled to preserve database integrity.
Starting "SYS"."SYS_EXPORT_TABLE_03":  userid="/******** AS SYSDBA" directory=GPARC4XX_HR dumpfile=GPARC4XX_11-12-2025_1995_2000_01-May-2023_01-Mar-2024_HR_%U.dmp logfile=GPARC4XX_11-12-2025_1995_2000_01-May-2023_01-Mar-2024_HR.log parallel=18 EXCLUDE=statistics EXCLUDE=TRIGGER ENCRYPTION=ALL ENCRYPTION_MODE=DUAL ENCRYPTION_ALGORITHM=AES256 ENCRYPTION_PASSWORD=******** FILESIZE=10G COMPRESSION=ALL TABLES=SYSADM.PS_GP_PYESOVR_HXX QUERY=SYSADM.PS_GP_PYESOVR_HXX:"WHERE PSARCH_ID='GPARC4XX' AND PSARCH_BATCHNUM||PSARCH_ID IN (SELECT PSARCH_BATCHNUM||PSARCH_ID FROM SYSADM.PSARCHBATCH WHERE PSARCH_DTTM >= '01-May-2023' AND PSARCH_DTTM < '01-Mar-2024')" 
Processing object type TABLE_EXPORT/TABLE/PROCACT_INSTANCE
Processing object type TABLE_EXPORT/TABLE/TABLE_DATA
. . exported "SYSADM"."PS_GP_PYESOVR_HXX"                    0 KB       0 rows
Processing object type TABLE_EXPORT/TABLE/TABLE
Processing object type TABLE_EXPORT/TABLE/GRANT/OWNER_GRANT/OBJECT_GRANT
Processing object type TABLE_EXPORT/TABLE/INDEX/INDEX
Master table "SYS"."SYS_EXPORT_TABLE_03" successfully loaded/unloaded
******************************************************************************
Dump file set for SYS.SYS_EXPORT_TABLE_03 is:
  /backup/data_arch/GPARC4XX/HR/GPARC4XX_11-12-2025_1995_2000_01-May-2023_01-Mar-2024_HR_01.dmp
  /backup/data_arch/GPARC4XX/HR/GPARC4XX_11-12-2025_1995_2000_01-May-2023_01-Mar-2024_HR_02.dmp
  /backup/data_arch/GPARC4XX/HR/GPARC4XX_11-12-2025_1995_2000_01-May-2023_01-Mar-2024_HR_03.dmp
  /backup/data_arch/GPARC4XX/HR/GPARC4XX_11-12-2025_1995_2000_01-May-2023_01-Mar-2024_HR_04.dmp
  /backup/data_arch/GPARC4XX/HR/GPARC4XX_11-12-2025_1995_2000_01-May-2023_01-Mar-2024_HR_05.dmp
  /backup/data_arch/GPARC4XX/HR/GPARC4XX_11-12-2025_1995_2000_01-May-2023_01-Mar-2024_HR_06.dmp
  /backup/data_arch/GPARC4XX/HR/GPARC4XX_11-12-2025_1995_2000_01-May-2023_01-Mar-2024_HR_07.dmp
  /backup/data_arch/GPARC4XX/HR/GPARC4XX_11-12-2025_1995_2000_01-May-2023_01-Mar-2024_HR_08.dmp
  /backup/data_arch/GPARC4XX/HR/GPARC4XX_11-12-2025_1995_2000_01-May-2023_01-Mar-2024_HR_09.dmp
Job "SYS"."SYS_EXPORT_TABLE_03" successfully completed at Thu Dec 11 23:33:30 2025 elapsed 0 00:00:25

TEMPLATE_NAME:  GPARC4XX
Error Count:  0
CURRENT DATE:  2025/12/11
Insert Data into PS_DATAMIN_EXPF_XX.

1 row created.


Commit complete.

Successful Export: Insert Done.
Template HRPRD-GPARC4XX successfully Exported, started at  Thu Dec 11 23:33:05 EST 2025 and finished at Thu Dec 11 23:33:32 EST 2025
----------------------------------------------------------------------------------------
Finished export of Template : GPARC4XX
----------------------------------------------------------------------------------------
#########################################################################################
Beginning export of Template : GPARC5XX
#########################################################################################
 
=> ( 1 ) GPPOS_INSTGXX_H : Get History Record Counts

1 row created.


Commit complete.

..Get TableSpace, Index & Index TableSpace

1 row created.


Commit complete.

=> ( 2 ) GPX0003_STGXX_H : Get History Record Counts

1 row created.


Commit complete.

..Get TableSpace, Index & Index TableSpace

1 row created.


Commit complete.


Export: Release 19.0.0.0.0 - Production on Thu Dec 11 23:33:33 2025
Version 19.27.0.0.0

Copyright (c) 1982, 2019, Oracle and/or its affiliates.  All rights reserved.

Connected to: Oracle Database 19c Enterprise Edition Release 19.0.0.0.0 - Production
FLASHBACK automatically enabled to preserve database integrity.
Starting "SYS"."SYS_EXPORT_TABLE_03":  userid="/******** AS SYSDBA" directory=GPARC5XX_HR dumpfile=GPARC5XX_11-12-2025_1995_2000_01-May-2023_01-Mar-2024_HR_%U.dmp logfile=GPARC5XX_11-12-2025_1995_2000_01-May-2023_01-Mar-2024_HR.log parallel=18 EXCLUDE=statistics EXCLUDE=TRIGGER ENCRYPTION=ALL ENCRYPTION_MODE=DUAL ENCRYPTION_ALGORITHM=AES256 ENCRYPTION_PASSWORD=******** FILESIZE=10G COMPRESSION=ALL TABLES=SYSADM.PS_GPPOS_INSTGXX_H QUERY=SYSADM.PS_GPPOS_INSTGXX_H:"WHERE PSARCH_ID='GPARC5XX' AND PSARCH_BATCHNUM||PSARCH_ID IN (SELECT PSARCH_BATCHNUM||PSARCH_ID FROM SYSADM.PSARCHBATCH WHERE PSARCH_DTTM >= '01-May-2023' AND PSARCH_DTTM < '01-Mar-2024')" TABLES=SYSADM.PS_GPX0003_STGXX_H QUERY=SYSADM.PS_GPX0003_STGXX_H:"WHERE PSARCH_ID='GPARC5XX' AND PSARCH_BATCHNUM||PSARCH_ID IN (SELECT PSARCH_BATCHNUM||PSARCH_ID FROM SYSADM.PSARCHBATCH WHERE PSARCH_DTTM >= '01-May-2023' AND PSARCH_DTTM < '01-Mar-2024')" 
Processing object type TABLE_EXPORT/TABLE/PROCACT_INSTANCE
Processing object type TABLE_EXPORT/TABLE/TABLE_DATA
. . exported "SYSADM"."PS_GPPOS_INSTGXX_H"                   0 KB       0 rows
. . exported "SYSADM"."PS_GPX0003_STGXX_H"                   0 KB       0 rows
Processing object type TABLE_EXPORT/TABLE/TABLE
Processing object type TABLE_EXPORT/TABLE/GRANT/OWNER_GRANT/OBJECT_GRANT
Processing object type TABLE_EXPORT/TABLE/INDEX/INDEX
Master table "SYS"."SYS_EXPORT_TABLE_03" successfully loaded/unloaded
******************************************************************************
Dump file set for SYS.SYS_EXPORT_TABLE_03 is:
  /backup/data_arch/GPARC5XX/HR/GPARC5XX_11-12-2025_1995_2000_01-May-2023_01-Mar-2024_HR_01.dmp
  /backup/data_arch/GPARC5XX/HR/GPARC5XX_11-12-2025_1995_2000_01-May-2023_01-Mar-2024_HR_02.dmp
  /backup/data_arch/GPARC5XX/HR/GPARC5XX_11-12-2025_1995_2000_01-May-2023_01-Mar-2024_HR_03.dmp
  /backup/data_arch/GPARC5XX/HR/GPARC5XX_11-12-2025_1995_2000_01-May-2023_01-Mar-2024_HR_04.dmp
  /backup/data_arch/GPARC5XX/HR/GPARC5XX_11-12-2025_1995_2000_01-May-2023_01-Mar-2024_HR_05.dmp
  /backup/data_arch/GPARC5XX/HR/GPARC5XX_11-12-2025_1995_2000_01-May-2023_01-Mar-2024_HR_06.dmp
  /backup/data_arch/GPARC5XX/HR/GPARC5XX_11-12-2025_1995_2000_01-May-2023_01-Mar-2024_HR_07.dmp
  /backup/data_arch/GPARC5XX/HR/GPARC5XX_11-12-2025_1995_2000_01-May-2023_01-Mar-2024_HR_08.dmp
  /backup/data_arch/GPARC5XX/HR/GPARC5XX_11-12-2025_1995_2000_01-May-2023_01-Mar-2024_HR_09.dmp
Job "SYS"."SYS_EXPORT_TABLE_03" successfully completed at Thu Dec 11 23:33:58 2025 elapsed 0 00:00:25

TEMPLATE_NAME:  GPARC5XX
Error Count:  0
CURRENT DATE:  2025/12/11
Insert Data into PS_DATAMIN_EXPF_XX.

1 row created.


Commit complete.

Successful Export: Insert Done.
Template HRPRD-GPARC5XX successfully Exported, started at  Thu Dec 11 23:33:33 EST 2025 and finished at Thu Dec 11 23:34:00 EST 2025
----------------------------------------------------------------------------------------
Finished export of Template : GPARC5XX
----------------------------------------------------------------------------------------
#########################################################################################
Beginning export of Template : GPARC6XX
#########################################################################################
 
=> ( 1 ) GP_PIMNLDTA_HXX : Get History Record Counts

1 row created.


Commit complete.

..Get TableSpace, Index & Index TableSpace

1 row created.


Commit complete.

=> ( 2 ) GP_PIMNSOVR_HXX : Get History Record Counts

1 row created.


Commit complete.

..Get TableSpace, Index & Index TableSpace

1 row created.


Commit complete.


Export: Release 19.0.0.0.0 - Production on Thu Dec 11 23:34:01 2025
Version 19.27.0.0.0

Copyright (c) 1982, 2019, Oracle and/or its affiliates.  All rights reserved.

Connected to: Oracle Database 19c Enterprise Edition Release 19.0.0.0.0 - Production
FLASHBACK automatically enabled to preserve database integrity.
Starting "SYS"."SYS_EXPORT_TABLE_03":  userid="/******** AS SYSDBA" directory=GPARC6XX_HR dumpfile=GPARC6XX_11-12-2025_1995_2000_01-May-2023_01-Mar-2024_HR_%U.dmp logfile=GPARC6XX_11-12-2025_1995_2000_01-May-2023_01-Mar-2024_HR.log parallel=18 EXCLUDE=statistics EXCLUDE=TRIGGER ENCRYPTION=ALL ENCRYPTION_MODE=DUAL ENCRYPTION_ALGORITHM=AES256 ENCRYPTION_PASSWORD=******** FILESIZE=10G COMPRESSION=ALL TABLES=SYSADM.PS_GP_PIMNLDTA_HXX QUERY=SYSADM.PS_GP_PIMNLDTA_HXX:"WHERE PSARCH_ID='GPARC6XX' AND PSARCH_BATCHNUM||PSARCH_ID IN (SELECT PSARCH_BATCHNUM||PSARCH_ID FROM SYSADM.PSARCHBATCH WHERE PSARCH_DTTM >= '01-May-2023' AND PSARCH_DTTM < '01-Mar-2024')" TABLES=SYSADM.PS_GP_PIMNSOVR_HXX QUERY=SYSADM.PS_GP_PIMNSOVR_HXX:"WHERE PSARCH_ID='GPARC6XX' AND PSARCH_BATCHNUM||PSARCH_ID IN (SELECT PSARCH_BATCHNUM||PSARCH_ID FROM SYSADM.PSARCHBATCH WHERE PSARCH_DTTM >= '01-May-2023' AND PSARCH_DTTM < '01-Mar-2024')" 
Processing object type TABLE_EXPORT/TABLE/PROCACT_INSTANCE
Processing object type TABLE_EXPORT/TABLE/TABLE_DATA
. . exported "SYSADM"."PS_GP_PIMNLDTA_HXX"                   0 KB       0 rows
. . exported "SYSADM"."PS_GP_PIMNSOVR_HXX"                   0 KB       0 rows
Processing object type TABLE_EXPORT/TABLE/TABLE
Processing object type TABLE_EXPORT/TABLE/GRANT/OWNER_GRANT/OBJECT_GRANT
Processing object type TABLE_EXPORT/TABLE/INDEX/INDEX
Master table "SYS"."SYS_EXPORT_TABLE_03" successfully loaded/unloaded
******************************************************************************
Dump file set for SYS.SYS_EXPORT_TABLE_03 is:
  /backup/data_arch/GPARC6XX/HR/GPARC6XX_11-12-2025_1995_2000_01-May-2023_01-Mar-2024_HR_01.dmp
  /backup/data_arch/GPARC6XX/HR/GPARC6XX_11-12-2025_1995_2000_01-May-2023_01-Mar-2024_HR_02.dmp
  /backup/data_arch/GPARC6XX/HR/GPARC6XX_11-12-2025_1995_2000_01-May-2023_01-Mar-2024_HR_03.dmp
  /backup/data_arch/GPARC6XX/HR/GPARC6XX_11-12-2025_1995_2000_01-May-2023_01-Mar-2024_HR_04.dmp
  /backup/data_arch/GPARC6XX/HR/GPARC6XX_11-12-2025_1995_2000_01-May-2023_01-Mar-2024_HR_05.dmp
  /backup/data_arch/GPARC6XX/HR/GPARC6XX_11-12-2025_1995_2000_01-May-2023_01-Mar-2024_HR_06.dmp
  /backup/data_arch/GPARC6XX/HR/GPARC6XX_11-12-2025_1995_2000_01-May-2023_01-Mar-2024_HR_07.dmp
  /backup/data_arch/GPARC6XX/HR/GPARC6XX_11-12-2025_1995_2000_01-May-2023_01-Mar-2024_HR_08.dmp
  /backup/data_arch/GPARC6XX/HR/GPARC6XX_11-12-2025_1995_2000_01-May-2023_01-Mar-2024_HR_09.dmp
Job "SYS"."SYS_EXPORT_TABLE_03" successfully completed at Thu Dec 11 23:34:26 2025 elapsed 0 00:00:25

TEMPLATE_NAME:  GPARC6XX
Error Count:  0
CURRENT DATE:  2025/12/11
Insert Data into PS_DATAMIN_EXPF_XX.

1 row created.


Commit complete.

Successful Export: Insert Done.
Template HRPRD-GPARC6XX successfully Exported, started at  Thu Dec 11 23:34:01 EST 2025 and finished at Thu Dec 11 23:34:28 EST 2025
----------------------------------------------------------------------------------------
Finished export of Template : GPARC6XX
----------------------------------------------------------------------------------------
#########################################################################################
Beginning export of Template : GPARC7XX
#########################################################################################
 
=> ( 1 ) GP_SEGTRGR_HXX : Get History Record Counts

1 row created.


Commit complete.

..Get TableSpace, Index & Index TableSpace

1 row created.


Commit complete.


Export: Release 19.0.0.0.0 - Production on Thu Dec 11 23:34:28 2025
Version 19.27.0.0.0

Copyright (c) 1982, 2019, Oracle and/or its affiliates.  All rights reserved.

Connected to: Oracle Database 19c Enterprise Edition Release 19.0.0.0.0 - Production
FLASHBACK automatically enabled to preserve database integrity.
Starting "SYS"."SYS_EXPORT_TABLE_03":  userid="/******** AS SYSDBA" directory=GPARC7XX_HR dumpfile=GPARC7XX_11-12-2025_1995_2000_01-May-2023_01-Mar-2024_HR_%U.dmp logfile=GPARC7XX_11-12-2025_1995_2000_01-May-2023_01-Mar-2024_HR.log parallel=18 EXCLUDE=statistics EXCLUDE=TRIGGER ENCRYPTION=ALL ENCRYPTION_MODE=DUAL ENCRYPTION_ALGORITHM=AES256 ENCRYPTION_PASSWORD=******** FILESIZE=10G COMPRESSION=ALL TABLES=SYSADM.PS_GP_SEGTRGR_HXX QUERY=SYSADM.PS_GP_SEGTRGR_HXX:"WHERE PSARCH_ID='GPARC7XX' AND PSARCH_BATCHNUM||PSARCH_ID IN (SELECT PSARCH_BATCHNUM||PSARCH_ID FROM SYSADM.PSARCHBATCH WHERE PSARCH_DTTM >= '01-May-2023' AND PSARCH_DTTM < '01-Mar-2024')" 
Processing object type TABLE_EXPORT/TABLE/PROCACT_INSTANCE
Processing object type TABLE_EXPORT/TABLE/TABLE_DATA
. . exported "SYSADM"."PS_GP_SEGTRGR_HXX"                    0 KB       0 rows
Processing object type TABLE_EXPORT/TABLE/TABLE
Processing object type TABLE_EXPORT/TABLE/GRANT/OWNER_GRANT/OBJECT_GRANT
Processing object type TABLE_EXPORT/TABLE/INDEX/INDEX
Master table "SYS"."SYS_EXPORT_TABLE_03" successfully loaded/unloaded
******************************************************************************
Dump file set for SYS.SYS_EXPORT_TABLE_03 is:
  /backup/data_arch/GPARC7XX/HR/GPARC7XX_11-12-2025_1995_2000_01-May-2023_01-Mar-2024_HR_01.dmp
  /backup/data_arch/GPARC7XX/HR/GPARC7XX_11-12-2025_1995_2000_01-May-2023_01-Mar-2024_HR_02.dmp
  /backup/data_arch/GPARC7XX/HR/GPARC7XX_11-12-2025_1995_2000_01-May-2023_01-Mar-2024_HR_03.dmp
  /backup/data_arch/GPARC7XX/HR/GPARC7XX_11-12-2025_1995_2000_01-May-2023_01-Mar-2024_HR_04.dmp
  /backup/data_arch/GPARC7XX/HR/GPARC7XX_11-12-2025_1995_2000_01-May-2023_01-Mar-2024_HR_05.dmp
  /backup/data_arch/GPARC7XX/HR/GPARC7XX_11-12-2025_1995_2000_01-May-2023_01-Mar-2024_HR_06.dmp
  /backup/data_arch/GPARC7XX/HR/GPARC7XX_11-12-2025_1995_2000_01-May-2023_01-Mar-2024_HR_07.dmp
  /backup/data_arch/GPARC7XX/HR/GPARC7XX_11-12-2025_1995_2000_01-May-2023_01-Mar-2024_HR_08.dmp
  /backup/data_arch/GPARC7XX/HR/GPARC7XX_11-12-2025_1995_2000_01-May-2023_01-Mar-2024_HR_09.dmp
Job "SYS"."SYS_EXPORT_TABLE_03" successfully completed at Thu Dec 11 23:34:53 2025 elapsed 0 00:00:24

TEMPLATE_NAME:  GPARC7XX
Error Count:  0
CURRENT DATE:  2025/12/11
Insert Data into PS_DATAMIN_EXPF_XX.

1 row created.


Commit complete.

Successful Export: Insert Done.
Template HRPRD-GPARC7XX successfully Exported, started at  Thu Dec 11 23:34:28 EST 2025 and finished at Thu Dec 11 23:34:55 EST 2025
----------------------------------------------------------------------------------------
Finished export of Template : GPARC7XX
----------------------------------------------------------------------------------------
#########################################################################################
Beginning export of Template : HRCAN_XX
#########################################################################################
 
=> ( 1 ) CAN_YE_DETIL_H : Get History Record Counts

1 row created.


Commit complete.

..Get TableSpace, Index & Index TableSpace

1 row created.


Commit complete.

=> ( 2 ) CAN_YE_EMPL_H : Get History Record Counts

1 row created.


Commit complete.

..Get TableSpace, Index & Index TableSpace

3 rows created.


Commit complete.

=> ( 3 ) CAN_YE_SLIP_H : Get History Record Counts

1 row created.


Commit complete.

..Get TableSpace, Index & Index TableSpace

1 row created.


Commit complete.

=> ( 4 ) CN_YE_AMND_E_H : Get History Record Counts

1 row created.


Commit complete.

..Get TableSpace, Index & Index TableSpace

6 rows created.


Commit complete.


Export: Release 19.0.0.0.0 - Production on Thu Dec 11 23:34:57 2025
Version 19.27.0.0.0

Copyright (c) 1982, 2019, Oracle and/or its affiliates.  All rights reserved.

Connected to: Oracle Database 19c Enterprise Edition Release 19.0.0.0.0 - Production
FLASHBACK automatically enabled to preserve database integrity.
Starting "SYS"."SYS_EXPORT_TABLE_03":  userid="/******** AS SYSDBA" directory=HRCAN_XX_HR dumpfile=HRCAN_XX_11-12-2025_1995_2000_01-May-2023_01-Mar-2024_HR_%U.dmp logfile=HRCAN_XX_11-12-2025_1995_2000_01-May-2023_01-Mar-2024_HR.log parallel=18 EXCLUDE=statistics EXCLUDE=TRIGGER ENCRYPTION=ALL ENCRYPTION_MODE=DUAL ENCRYPTION_ALGORITHM=AES256 ENCRYPTION_PASSWORD=******** FILESIZE=10G COMPRESSION=ALL TABLES=SYSADM.PS_CAN_YE_DETIL_H QUERY=SYSADM.PS_CAN_YE_DETIL_H:"WHERE PSARCH_ID='HRCAN_XX' AND PSARCH_BATCHNUM||PSARCH_ID IN (SELECT PSARCH_BATCHNUM||PSARCH_ID FROM SYSADM.PSARCHBATCH WHERE PSARCH_DTTM >= '01-May-2023' AND PSARCH_DTTM < '01-Mar-2024')" TABLES=SYSADM.PS_CAN_YE_EMPL_H QUERY=SYSADM.PS_CAN_YE_EMPL_H:"WHERE PSARCH_ID='HRCAN_XX' AND PSARCH_BATCHNUM||PSARCH_ID IN (SELECT PSARCH_BATCHNUM||PSARCH_ID FROM SYSADM.PSARCHBATCH WHERE PSARCH_DTTM >= '01-May-2023' AND PSARCH_DTTM < '01-Mar-2024')" TABLES=SYSADM.PS_CAN_YE_SLIP_H QUERY=SYSADM.PS_CAN_YE_SLIP_H:"WHERE PSARCH_ID='HRCAN_XX' AND PSARCH_BATCHNUM||PSARCH_ID IN (SELECT PSARCH_BATCHNUM||PSARCH_ID FROM SYSADM.PSARCHBATCH WHERE PSARCH_DTTM >= '01-May-2023' AND PSARCH_DTTM < '01-Mar-2024')" TABLES=SYSADM.PS_CN_YE_AMND_E_H QUERY=SYSADM.PS_CN_YE_AMND_E_H:"WHERE PSARCH_ID='HRCAN_XX' AND PSARCH_BATCHNUM||PSARCH_ID IN (SELECT PSARCH_BATCHNUM||PSARCH_ID FROM SYSADM.PSARCHBATCH WHERE PSARCH_DTTM >= '01-May-2023' AND PSARCH_DTTM < '01-Mar-2024')" 
Processing object type TABLE_EXPORT/TABLE/PROCACT_INSTANCE
Processing object type TABLE_EXPORT/TABLE/TABLE_DATA
. . exported "SYSADM"."PS_CAN_YE_DETIL_H"                    0 KB       0 rows
. . exported "SYSADM"."PS_CAN_YE_EMPL_H"                     0 KB       0 rows
. . exported "SYSADM"."PS_CAN_YE_SLIP_H"                     0 KB       0 rows
. . exported "SYSADM"."PS_CN_YE_AMND_E_H"                    0 KB       0 rows
Processing object type TABLE_EXPORT/TABLE/TABLE
Processing object type TABLE_EXPORT/TABLE/GRANT/OWNER_GRANT/OBJECT_GRANT
Processing object type TABLE_EXPORT/TABLE/INDEX/INDEX
Master table "SYS"."SYS_EXPORT_TABLE_03" successfully loaded/unloaded
******************************************************************************
Dump file set for SYS.SYS_EXPORT_TABLE_03 is:
  /backup/data_arch/HRCAN_XX/HR/HRCAN_XX_11-12-2025_1995_2000_01-May-2023_01-Mar-2024_HR_01.dmp
  /backup/data_arch/HRCAN_XX/HR/HRCAN_XX_11-12-2025_1995_2000_01-May-2023_01-Mar-2024_HR_02.dmp
  /backup/data_arch/HRCAN_XX/HR/HRCAN_XX_11-12-2025_1995_2000_01-May-2023_01-Mar-2024_HR_03.dmp
  /backup/data_arch/HRCAN_XX/HR/HRCAN_XX_11-12-2025_1995_2000_01-May-2023_01-Mar-2024_HR_04.dmp
  /backup/data_arch/HRCAN_XX/HR/HRCAN_XX_11-12-2025_1995_2000_01-May-2023_01-Mar-2024_HR_05.dmp
  /backup/data_arch/HRCAN_XX/HR/HRCAN_XX_11-12-2025_1995_2000_01-May-2023_01-Mar-2024_HR_06.dmp
  /backup/data_arch/HRCAN_XX/HR/HRCAN_XX_11-12-2025_1995_2000_01-May-2023_01-Mar-2024_HR_07.dmp
  /backup/data_arch/HRCAN_XX/HR/HRCAN_XX_11-12-2025_1995_2000_01-May-2023_01-Mar-2024_HR_08.dmp
  /backup/data_arch/HRCAN_XX/HR/HRCAN_XX_11-12-2025_1995_2000_01-May-2023_01-Mar-2024_HR_09.dmp
Job "SYS"."SYS_EXPORT_TABLE_03" successfully completed at Thu Dec 11 23:35:23 2025 elapsed 0 00:00:26

TEMPLATE_NAME:  HRCAN_XX
Error Count:  0
CURRENT DATE:  2025/12/11
Insert Data into PS_DATAMIN_EXPF_XX.

1 row created.


Commit complete.

Successful Export: Insert Done.
Template HRPRD-HRCAN_XX successfully Exported, started at  Thu Dec 11 23:34:57 EST 2025 and finished at Thu Dec 11 23:35:28 EST 2025
----------------------------------------------------------------------------------------
Finished export of Template : HRCAN_XX
----------------------------------------------------------------------------------------
#########################################################################################
Beginning export of Template : HRFL_XX
#########################################################################################
 
=> ( 1 ) FINAL_HRS0_H_XX : Get History Record Counts

1 row created.


Commit complete.

..Get TableSpace, Index & Index TableSpace

1 row created.


Commit complete.

=> ( 2 ) FINAL_HRS1_H_XX : Get History Record Counts

1 row created.


Commit complete.

..Get TableSpace, Index & Index TableSpace

1 row created.


Commit complete.

=> ( 3 ) FINAL_HRS2_H_XX : Get History Record Counts

1 row created.


Commit complete.

..Get TableSpace, Index & Index TableSpace

1 row created.


Commit complete.

=> ( 4 ) FINAL_HRS3_H_XX : Get History Record Counts

1 row created.


Commit complete.

..Get TableSpace, Index & Index TableSpace

1 row created.


Commit complete.


Export: Release 19.0.0.0.0 - Production on Thu Dec 11 23:35:29 2025
Version 19.27.0.0.0

Copyright (c) 1982, 2019, Oracle and/or its affiliates.  All rights reserved.

Connected to: Oracle Database 19c Enterprise Edition Release 19.0.0.0.0 - Production
FLASHBACK automatically enabled to preserve database integrity.
Starting "SYS"."SYS_EXPORT_TABLE_03":  userid="/******** AS SYSDBA" directory=HRFL_XX_HR dumpfile=HRFL_XX_11-12-2025_1995_2000_01-May-2023_01-Mar-2024_HR_%U.dmp logfile=HRFL_XX_11-12-2025_1995_2000_01-May-2023_01-Mar-2024_HR.log parallel=18 EXCLUDE=statistics EXCLUDE=TRIGGER ENCRYPTION=ALL ENCRYPTION_MODE=DUAL ENCRYPTION_ALGORITHM=AES256 ENCRYPTION_PASSWORD=******** FILESIZE=10G COMPRESSION=ALL TABLES=SYSADM.PS_FINAL_HRS0_H_XX QUERY=SYSADM.PS_FINAL_HRS0_H_XX:"WHERE PSARCH_ID='HRFL_XX' AND PSARCH_BATCHNUM||PSARCH_ID IN (SELECT PSARCH_BATCHNUM||PSARCH_ID FROM SYSADM.PSARCHBATCH WHERE PSARCH_DTTM >= '01-May-2023' AND PSARCH_DTTM < '01-Mar-2024')" TABLES=SYSADM.PS_FINAL_HRS1_H_XX QUERY=SYSADM.PS_FINAL_HRS1_H_XX:"WHERE PSARCH_ID='HRFL_XX' AND PSARCH_BATCHNUM||PSARCH_ID IN (SELECT PSARCH_BATCHNUM||PSARCH_ID FROM SYSADM.PSARCHBATCH WHERE PSARCH_DTTM >= '01-May-2023' AND PSARCH_DTTM < '01-Mar-2024')" TABLES=SYSADM.PS_FINAL_HRS2_H_XX QUERY=SYSADM.PS_FINAL_HRS2_H_XX:"WHERE PSARCH_ID='HRFL_XX' AND PSARCH_BATCHNUM||PSARCH_ID IN (SELECT PSARCH_BATCHNUM||PSARCH_ID FROM SYSADM.PSARCHBATCH WHERE PSARCH_DTTM >= '01-May-2023' AND PSARCH_DTTM < '01-Mar-2024')" TABLES=SYSADM.PS_FINAL_HRS3_H_XX QUERY=SYSADM.PS_FINAL_HRS3_H_XX:"WHERE PSARCH_ID='HRFL_XX' AND PSARCH_BATCHNUM||PSARCH_ID IN (SELECT PSARCH_BATCHNUM||PSARCH_ID FROM SYSADM.PSARCHBATCH WHERE PSARCH_DTTM >= '01-May-2023' AND PSARCH_DTTM < '01-Mar-2024')" 
Processing object type TABLE_EXPORT/TABLE/PROCACT_INSTANCE
Processing object type TABLE_EXPORT/TABLE/TABLE_DATA
. . exported "SYSADM"."PS_FINAL_HRS0_H_XX"                   0 KB       0 rows
. . exported "SYSADM"."PS_FINAL_HRS1_H_XX"                   0 KB       0 rows
. . exported "SYSADM"."PS_FINAL_HRS2_H_XX"                   0 KB       0 rows
. . exported "SYSADM"."PS_FINAL_HRS3_H_XX"                   0 KB       0 rows
Processing object type TABLE_EXPORT/TABLE/TABLE
Processing object type TABLE_EXPORT/TABLE/GRANT/OWNER_GRANT/OBJECT_GRANT
Processing object type TABLE_EXPORT/TABLE/INDEX/INDEX
Master table "SYS"."SYS_EXPORT_TABLE_03" successfully loaded/unloaded
******************************************************************************
Dump file set for SYS.SYS_EXPORT_TABLE_03 is:
  /backup/data_arch/HRFL_XX/HR/HRFL_XX_11-12-2025_1995_2000_01-May-2023_01-Mar-2024_HR_01.dmp
  /backup/data_arch/HRFL_XX/HR/HRFL_XX_11-12-2025_1995_2000_01-May-2023_01-Mar-2024_HR_02.dmp
  /backup/data_arch/HRFL_XX/HR/HRFL_XX_11-12-2025_1995_2000_01-May-2023_01-Mar-2024_HR_03.dmp
  /backup/data_arch/HRFL_XX/HR/HRFL_XX_11-12-2025_1995_2000_01-May-2023_01-Mar-2024_HR_04.dmp
  /backup/data_arch/HRFL_XX/HR/HRFL_XX_11-12-2025_1995_2000_01-May-2023_01-Mar-2024_HR_05.dmp
  /backup/data_arch/HRFL_XX/HR/HRFL_XX_11-12-2025_1995_2000_01-May-2023_01-Mar-2024_HR_06.dmp
  /backup/data_arch/HRFL_XX/HR/HRFL_XX_11-12-2025_1995_2000_01-May-2023_01-Mar-2024_HR_07.dmp
  /backup/data_arch/HRFL_XX/HR/HRFL_XX_11-12-2025_1995_2000_01-May-2023_01-Mar-2024_HR_08.dmp
  /backup/data_arch/HRFL_XX/HR/HRFL_XX_11-12-2025_1995_2000_01-May-2023_01-Mar-2024_HR_09.dmp
Job "SYS"."SYS_EXPORT_TABLE_03" successfully completed at Thu Dec 11 23:35:54 2025 elapsed 0 00:00:24

TEMPLATE_NAME:  HRFL_XX
Error Count:  0
CURRENT DATE:  2025/12/11
Insert Data into PS_DATAMIN_EXPF_XX.

1 row created.


Commit complete.

Successful Export: Insert Done.
Template HRPRD-HRFL_XX successfully Exported, started at  Thu Dec 11 23:35:29 EST 2025 and finished at Thu Dec 11 23:35:56 EST 2025
----------------------------------------------------------------------------------------
Finished export of Template : HRFL_XX
----------------------------------------------------------------------------------------
#########################################################################################
Beginning export of Template : HRSE1_XX
#########################################################################################
 
=> ( 1 ) SM_OB_DFXRF_HXX : Get History Record Counts

1 row created.


Commit complete.

..Get TableSpace, Index & Index TableSpace

1 row created.


Commit complete.


Export: Release 19.0.0.0.0 - Production on Thu Dec 11 23:35:56 2025
Version 19.27.0.0.0

Copyright (c) 1982, 2019, Oracle and/or its affiliates.  All rights reserved.

Connected to: Oracle Database 19c Enterprise Edition Release 19.0.0.0.0 - Production
FLASHBACK automatically enabled to preserve database integrity.
Starting "SYS"."SYS_EXPORT_TABLE_03":  userid="/******** AS SYSDBA" directory=HRSE1_XX_HR dumpfile=HRSE1_XX_11-12-2025_1995_2000_01-May-2023_01-Mar-2024_HR_%U.dmp logfile=HRSE1_XX_11-12-2025_1995_2000_01-May-2023_01-Mar-2024_HR.log parallel=18 EXCLUDE=statistics EXCLUDE=TRIGGER ENCRYPTION=ALL ENCRYPTION_MODE=DUAL ENCRYPTION_ALGORITHM=AES256 ENCRYPTION_PASSWORD=******** FILESIZE=10G COMPRESSION=ALL TABLES=SYSADM.PS_SM_OB_DFXRF_HXX QUERY=SYSADM.PS_SM_OB_DFXRF_HXX:"WHERE PSARCH_ID='HRSE1_XX' AND PSARCH_BATCHNUM||PSARCH_ID IN (SELECT PSARCH_BATCHNUM||PSARCH_ID FROM SYSADM.PSARCHBATCH WHERE PSARCH_DTTM >= '01-May-2023' AND PSARCH_DTTM < '01-Mar-2024')" 
Processing object type TABLE_EXPORT/TABLE/PROCACT_INSTANCE
Processing object type TABLE_EXPORT/TABLE/TABLE_DATA
. . exported "SYSADM"."PS_SM_OB_DFXRF_HXX"                   0 KB       0 rows
Processing object type TABLE_EXPORT/TABLE/TABLE
Processing object type TABLE_EXPORT/TABLE/GRANT/OWNER_GRANT/OBJECT_GRANT
Processing object type TABLE_EXPORT/TABLE/INDEX/INDEX
Master table "SYS"."SYS_EXPORT_TABLE_03" successfully loaded/unloaded
******************************************************************************
Dump file set for SYS.SYS_EXPORT_TABLE_03 is:
  /backup/data_arch/HRSE1_XX/HR/HRSE1_XX_11-12-2025_1995_2000_01-May-2023_01-Mar-2024_HR_01.dmp
  /backup/data_arch/HRSE1_XX/HR/HRSE1_XX_11-12-2025_1995_2000_01-May-2023_01-Mar-2024_HR_02.dmp
  /backup/data_arch/HRSE1_XX/HR/HRSE1_XX_11-12-2025_1995_2000_01-May-2023_01-Mar-2024_HR_03.dmp
  /backup/data_arch/HRSE1_XX/HR/HRSE1_XX_11-12-2025_1995_2000_01-May-2023_01-Mar-2024_HR_04.dmp
  /backup/data_arch/HRSE1_XX/HR/HRSE1_XX_11-12-2025_1995_2000_01-May-2023_01-Mar-2024_HR_05.dmp
  /backup/data_arch/HRSE1_XX/HR/HRSE1_XX_11-12-2025_1995_2000_01-May-2023_01-Mar-2024_HR_06.dmp
  /backup/data_arch/HRSE1_XX/HR/HRSE1_XX_11-12-2025_1995_2000_01-May-2023_01-Mar-2024_HR_07.dmp
  /backup/data_arch/HRSE1_XX/HR/HRSE1_XX_11-12-2025_1995_2000_01-May-2023_01-Mar-2024_HR_08.dmp
  /backup/data_arch/HRSE1_XX/HR/HRSE1_XX_11-12-2025_1995_2000_01-May-2023_01-Mar-2024_HR_09.dmp
Job "SYS"."SYS_EXPORT_TABLE_03" successfully completed at Thu Dec 11 23:36:21 2025 elapsed 0 00:00:24

TEMPLATE_NAME:  HRSE1_XX
Error Count:  0
CURRENT DATE:  2025/12/11
Insert Data into PS_DATAMIN_EXPF_XX.

1 row created.


Commit complete.

Successful Export: Insert Done.
Template HRPRD-HRSE1_XX successfully Exported, started at  Thu Dec 11 23:35:56 EST 2025 and finished at Thu Dec 11 23:36:27 EST 2025
----------------------------------------------------------------------------------------
Finished export of Template : HRSE1_XX
----------------------------------------------------------------------------------------
#########################################################################################
Beginning export of Template : HRSE2_XX
#########################################################################################
 
=> ( 1 ) SM_DF_DCINT_HXX : Get History Record Counts

1 row created.


Commit complete.

..Get TableSpace, Index & Index TableSpace

2 rows created.


Commit complete.

=> ( 2 ) SM_DF_STINT_HXX : Get History Record Counts

1 row created.


Commit complete.

..Get TableSpace, Index & Index TableSpace

1 row created.


Commit complete.


Export: Release 19.0.0.0.0 - Production on Thu Dec 11 23:36:28 2025
Version 19.27.0.0.0

Copyright (c) 1982, 2019, Oracle and/or its affiliates.  All rights reserved.

Connected to: Oracle Database 19c Enterprise Edition Release 19.0.0.0.0 - Production
FLASHBACK automatically enabled to preserve database integrity.
Starting "SYS"."SYS_EXPORT_TABLE_03":  userid="/******** AS SYSDBA" directory=HRSE2_XX_HR dumpfile=HRSE2_XX_11-12-2025_1995_2000_01-May-2023_01-Mar-2024_HR_%U.dmp logfile=HRSE2_XX_11-12-2025_1995_2000_01-May-2023_01-Mar-2024_HR.log parallel=18 EXCLUDE=statistics EXCLUDE=TRIGGER ENCRYPTION=ALL ENCRYPTION_MODE=DUAL ENCRYPTION_ALGORITHM=AES256 ENCRYPTION_PASSWORD=******** FILESIZE=10G COMPRESSION=ALL TABLES=SYSADM.PS_SM_DF_DCINT_HXX QUERY=SYSADM.PS_SM_DF_DCINT_HXX:"WHERE PSARCH_ID='HRSE2_XX' AND PSARCH_BATCHNUM||PSARCH_ID IN (SELECT PSARCH_BATCHNUM||PSARCH_ID FROM SYSADM.PSARCHBATCH WHERE PSARCH_DTTM >= '01-May-2023' AND PSARCH_DTTM < '01-Mar-2024')" TABLES=SYSADM.PS_SM_DF_STINT_HXX QUERY=SYSADM.PS_SM_DF_STINT_HXX:"WHERE PSARCH_ID='HRSE2_XX' AND PSARCH_BATCHNUM||PSARCH_ID IN (SELECT PSARCH_BATCHNUM||PSARCH_ID FROM SYSADM.PSARCHBATCH WHERE PSARCH_DTTM >= '01-May-2023' AND PSARCH_DTTM < '01-Mar-2024')" 
Processing object type TABLE_EXPORT/TABLE/PROCACT_INSTANCE
Processing object type TABLE_EXPORT/TABLE/TABLE_DATA
. . exported "SYSADM"."PS_SM_DF_DCINT_HXX"                   0 KB       0 rows
. . exported "SYSADM"."PS_SM_DF_STINT_HXX"                   0 KB       0 rows
Processing object type TABLE_EXPORT/TABLE/TABLE
Processing object type TABLE_EXPORT/TABLE/GRANT/OWNER_GRANT/OBJECT_GRANT
Processing object type TABLE_EXPORT/TABLE/INDEX/INDEX
Master table "SYS"."SYS_EXPORT_TABLE_03" successfully loaded/unloaded
******************************************************************************
Dump file set for SYS.SYS_EXPORT_TABLE_03 is:
  /backup/data_arch/HRSE2_XX/HR/HRSE2_XX_11-12-2025_1995_2000_01-May-2023_01-Mar-2024_HR_01.dmp
  /backup/data_arch/HRSE2_XX/HR/HRSE2_XX_11-12-2025_1995_2000_01-May-2023_01-Mar-2024_HR_02.dmp
  /backup/data_arch/HRSE2_XX/HR/HRSE2_XX_11-12-2025_1995_2000_01-May-2023_01-Mar-2024_HR_03.dmp
  /backup/data_arch/HRSE2_XX/HR/HRSE2_XX_11-12-2025_1995_2000_01-May-2023_01-Mar-2024_HR_04.dmp
  /backup/data_arch/HRSE2_XX/HR/HRSE2_XX_11-12-2025_1995_2000_01-May-2023_01-Mar-2024_HR_05.dmp
  /backup/data_arch/HRSE2_XX/HR/HRSE2_XX_11-12-2025_1995_2000_01-May-2023_01-Mar-2024_HR_06.dmp
  /backup/data_arch/HRSE2_XX/HR/HRSE2_XX_11-12-2025_1995_2000_01-May-2023_01-Mar-2024_HR_07.dmp
  /backup/data_arch/HRSE2_XX/HR/HRSE2_XX_11-12-2025_1995_2000_01-May-2023_01-Mar-2024_HR_08.dmp
  /backup/data_arch/HRSE2_XX/HR/HRSE2_XX_11-12-2025_1995_2000_01-May-2023_01-Mar-2024_HR_09.dmp
Job "SYS"."SYS_EXPORT_TABLE_03" successfully completed at Thu Dec 11 23:36:53 2025 elapsed 0 00:00:25

TEMPLATE_NAME:  HRSE2_XX
Error Count:  0
CURRENT DATE:  2025/12/11
Insert Data into PS_DATAMIN_EXPF_XX.

1 row created.


Commit complete.

Successful Export: Insert Done.
Template HRPRD-HRSE2_XX successfully Exported, started at  Thu Dec 11 23:36:28 EST 2025 and finished at Thu Dec 11 23:36:58 EST 2025
----------------------------------------------------------------------------------------
Finished export of Template : HRSE2_XX
----------------------------------------------------------------------------------------
#########################################################################################
Beginning export of Template : HRSE_XX
#########################################################################################
 
=> ( 1 ) SM_OBADLINF_HXX : Get History Record Counts

1 row created.


Commit complete.

..Get TableSpace, Index & Index TableSpace

1 row created.


Commit complete.

=> ( 2 ) SM_OBADLPY_HXX : Get History Record Counts

1 row created.


Commit complete.

..Get TableSpace, Index & Index TableSpace

1 row created.


Commit complete.

=> ( 3 ) SM_OBCTAX_P_HXX : Get History Record Counts

1 row created.


Commit complete.

..Get TableSpace, Index & Index TableSpace

1 row created.


Commit complete.

=> ( 4 ) SM_OBC_SFID_HXX : Get History Record Counts

1 row created.


Commit complete.

..Get TableSpace, Index & Index TableSpace

1 row created.


Commit complete.

=> ( 5 ) SM_OBEM_NAM_HXX : Get History Record Counts

1 row created.


Commit complete.

..Get TableSpace, Index & Index TableSpace

3 rows created.


Commit complete.

=> ( 6 ) SM_OBEM_PHN_HXX : Get History Record Counts

1 row created.


Commit complete.

..Get TableSpace, Index & Index TableSpace

1 row created.


Commit complete.

=> ( 7 ) SM_OBINVADR_HXX : Get History Record Counts

1 row created.


Commit complete.

..Get TableSpace, Index & Index TableSpace

1 row created.


Commit complete.

=> ( 8 ) SM_OBINVEML_HXX : Get History Record Counts

1 row created.


Commit complete.

..Get TableSpace, Index & Index TableSpace

1 row created.


Commit complete.

=> ( 9 ) SM_OBINVHDR_HXX : Get History Record Counts

1 row created.


Commit complete.

..Get TableSpace, Index & Index TableSpace

6 rows created.


Commit complete.

=> ( 10 ) SM_OBINVPHN_HXX : Get History Record Counts

1 row created.


Commit complete.

..Get TableSpace, Index & Index TableSpace

1 row created.


Commit complete.

=> ( 11 ) SM_OBPYOPTN_HXX : Get History Record Counts

1 row created.


Commit complete.

..Get TableSpace, Index & Index TableSpace

1 row created.


Commit complete.

=> ( 12 ) SM_OBSLF_ID_HXX : Get History Record Counts

1 row created.


Commit complete.

..Get TableSpace, Index & Index TableSpace

1 row created.


Commit complete.

=> ( 13 ) SM_OBUPDHR_HXX : Get History Record Counts

1 row created.


Commit complete.

..Get TableSpace, Index & Index TableSpace

1 row created.


Commit complete.

=> ( 14 ) SM_OBVSLFID_HXX : Get History Record Counts

1 row created.


Commit complete.

..Get TableSpace, Index & Index TableSpace

1 row created.


Commit complete.

=> ( 15 ) SM_OB_ADRES_HXX : Get History Record Counts

1 row created.


Commit complete.

..Get TableSpace, Index & Index TableSpace

1 row created.


Commit complete.

=> ( 16 ) SM_OB_BONUS_HXX : Get History Record Counts

1 row created.


Commit complete.

..Get TableSpace, Index & Index TableSpace

1 row created.


Commit complete.

=> ( 17 ) SM_OB_CC305_HXX : Get History Record Counts

1 row created.


Commit complete.

..Get TableSpace, Index & Index TableSpace

1 row created.


Commit complete.

=> ( 18 ) SM_OB_C_BNR_HXX : Get History Record Counts

1 row created.


Commit complete.

..Get TableSpace, Index & Index TableSpace

1 row created.


Commit complete.

=> ( 19 ) SM_OB_C_TAX_HXX : Get History Record Counts

1 row created.


Commit complete.

..Get TableSpace, Index & Index TableSpace

1 row created.


Commit complete.

=> ( 20 ) SM_OB_DRDPD_HXX : Get History Record Counts

1 row created.


Commit complete.

..Get TableSpace, Index & Index TableSpace

1 row created.


Commit complete.

=> ( 21 ) SM_OB_EMAIL_HXX : Get History Record Counts

1 row created.


Commit complete.

..Get TableSpace, Index & Index TableSpace

1 row created.


Commit complete.

=> ( 22 ) SM_OB_EMCNT_HXX : Get History Record Counts

1 row created.


Commit complete.

..Get TableSpace, Index & Index TableSpace

1 row created.


Commit complete.

=> ( 23 ) SM_OB_NAME_HXX : Get History Record Counts

1 row created.


Commit complete.

..Get TableSpace, Index & Index TableSpace

3 rows created.


Commit complete.

=> ( 24 ) SM_OB_PERSN_HXX : Get History Record Counts

1 row created.


Commit complete.

..Get TableSpace, Index & Index TableSpace

1 row created.


Commit complete.

=> ( 25 ) SM_OB_PHONE_HXX : Get History Record Counts

1 row created.


Commit complete.

..Get TableSpace, Index & Index TableSpace

1 row created.


Commit complete.

=> ( 26 ) SM_OB_TLICS_HXX : Get History Record Counts

1 row created.


Commit complete.

..Get TableSpace, Index & Index TableSpace

1 row created.


Commit complete.

=> ( 27 ) SM_OB_W4FTX_HXX : Get History Record Counts

1 row created.


Commit complete.

..Get TableSpace, Index & Index TableSpace

1 row created.


Commit complete.

=> ( 28 ) SM_OB_W_REC_HXX : Get History Record Counts

1 row created.


Commit complete.

..Get TableSpace, Index & Index TableSpace

1 row created.


Commit complete.


Export: Release 19.0.0.0.0 - Production on Thu Dec 11 23:37:08 2025
Version 19.27.0.0.0

Copyright (c) 1982, 2019, Oracle and/or its affiliates.  All rights reserved.

Connected to: Oracle Database 19c Enterprise Edition Release 19.0.0.0.0 - Production
FLASHBACK automatically enabled to preserve database integrity.
Starting "SYS"."SYS_EXPORT_TABLE_03":  userid="/******** AS SYSDBA" directory=HRSE_XX_HR dumpfile=HRSE_XX_11-12-2025_1995_2000_01-May-2023_01-Mar-2024_HR_%U.dmp logfile=HRSE_XX_11-12-2025_1995_2000_01-May-2023_01-Mar-2024_HR.log parallel=18 EXCLUDE=statistics EXCLUDE=TRIGGER ENCRYPTION=ALL ENCRYPTION_MODE=DUAL ENCRYPTION_ALGORITHM=AES256 ENCRYPTION_PASSWORD=******** FILESIZE=10G COMPRESSION=ALL TABLES=SYSADM.PS_SM_OBADLINF_HXX QUERY=SYSADM.PS_SM_OBADLINF_HXX:"WHERE PSARCH_ID='HRSE_XX' AND PSARCH_BATCHNUM||PSARCH_ID IN (SELECT PSARCH_BATCHNUM||PSARCH_ID FROM SYSADM.PSARCHBATCH WHERE PSARCH_DTTM >= '01-May-2023' AND PSARCH_DTTM < '01-Mar-2024')" TABLES=SYSADM.PS_SM_OBADLPY_HXX QUERY=SYSADM.PS_SM_OBADLPY_HXX:"WHERE PSARCH_ID='HRSE_XX' AND PSARCH_BATCHNUM||PSARCH_ID IN (SELECT PSARCH_BATCHNUM||PSARCH_ID FROM SYSADM.PSARCHBATCH WHERE PSARCH_DTTM >= '01-May-2023' AND PSARCH_DTTM < '01-Mar-2024')" TABLES=SYSADM.PS_SM_OBCTAX_P_HXX QUERY=SYSADM.PS_SM_OBCTAX_P_HXX:"WHERE PSARCH_ID='HRSE_XX' AND PSARCH_BATCHNUM||PSARCH_ID IN (SELECT PSARCH_BATCHNUM||PSARCH_ID FROM SYSADM.PSARCHBATCH WHERE PSARCH_DTTM >= '01-May-2023' AND PSARCH_DTTM < '01-Mar-2024')" TABLES=SYSADM.PS_SM_OBC_SFID_HXX QUERY=SYSADM.PS_SM_OBC_SFID_HXX:"WHERE PSARCH_ID='HRSE_XX' AND PSARCH_BATCHNUM||PSARCH_ID IN (SELECT PSARCH_BATCHNUM||PSARCH_ID FROM SYSADM.PSARCHBATCH WHERE PSARCH_DTTM >= '01-May-2023' AND PSARCH_DTTM < '01-Mar-2024')" TABLES=SYSADM.PS_SM_OBEM_NAM_HXX QUERY=SYSADM.PS_SM_OBEM_NAM_HXX:"WHERE PSARCH_ID='HRSE_XX' AND PSARCH_BATCHNUM||PSARCH_ID IN (SELECT PSARCH_BATCHNUM||PSARCH_ID FROM SYSADM.PSARCHBATCH WHERE PSARCH_DTTM >= '01-May-2023' AND PSARCH_DTTM < '01-Mar-2024')" TABLES=SYSADM.PS_SM_OBEM_PHN_HXX QUERY=SYSADM.PS_SM_OBEM_PHN_HXX:"WHERE PSARCH_ID='HRSE_XX' AND PSARCH_BATCHNUM||PSARCH_ID IN (SELECT PSARCH_BATCHNUM||PSARCH_ID FROM SYSADM.PSARCHBATCH WHERE PSARCH_DTTM >= '01-May-2023' AND PSARCH_DTTM < '01-Mar-2024')" TABLES=SYSADM.PS_SM_OBINVADR_HXX QUERY=SYSADM.PS_SM_OBINVADR_HXX:"WH
Processing object type TABLE_EXPORT/TABLE/PROCACT_INSTANCE
Processing object type TABLE_EXPORT/TABLE/TABLE_DATA
. . exported "SYSADM"."PS_SM_OBADLINF_HXX"                   0 KB       0 rows
. . exported "SYSADM"."PS_SM_OBADLPY_HXX"                    0 KB       0 rows
. . exported "SYSADM"."PS_SM_OBCTAX_P_HXX"                   0 KB       0 rows
. . exported "SYSADM"."PS_SM_OBC_SFID_HXX"                   0 KB       0 rows
. . exported "SYSADM"."PS_SM_OBEM_NAM_HXX"                   0 KB       0 rows
. . exported "SYSADM"."PS_SM_OBEM_PHN_HXX"                   0 KB       0 rows
. . exported "SYSADM"."PS_SM_OBINVADR_HXX"                   0 KB       0 rows
. . exported "SYSADM"."PS_SM_OBINVEML_HXX"                   0 KB       0 rows
. . exported "SYSADM"."PS_SM_OBINVHDR_HXX"                   0 KB       0 rows
. . exported "SYSADM"."PS_SM_OBINVPHN_HXX"                   0 KB       0 rows
. . exported "SYSADM"."PS_SM_OBPYOPTN_HXX"                   0 KB       0 rows
. . exported "SYSADM"."PS_SM_OBSLF_ID_HXX"                   0 KB       0 rows
. . exported "SYSADM"."PS_SM_OBUPDHR_HXX"                    0 KB       0 rows
. . exported "SYSADM"."PS_SM_OBVSLFID_HXX"                   0 KB       0 rows
. . exported "SYSADM"."PS_SM_OB_ADRES_HXX"                   0 KB       0 rows
. . exported "SYSADM"."PS_SM_OB_BONUS_HXX"                   0 KB       0 rows
. . exported "SYSADM"."PS_SM_OB_CC305_HXX"                   0 KB       0 rows
. . exported "SYSADM"."PS_SM_OB_C_BNR_HXX"                   0 KB       0 rows
. . exported "SYSADM"."PS_SM_OB_C_TAX_HXX"                   0 KB       0 rows
. . exported "SYSADM"."PS_SM_OB_DRDPD_HXX"                   0 KB       0 rows
. . exported "SYSADM"."PS_SM_OB_EMAIL_HXX"                   0 KB       0 rows
. . exported "SYSADM"."PS_SM_OB_EMCNT_HXX"                   0 KB       0 rows
. . exported "SYSADM"."PS_SM_OB_NAME_HXX"                    0 KB       0 rows
. . exported "SYSADM"."PS_SM_OB_PERSN_HXX"                   0 KB       0 rows
. . exported "SYSADM"."PS_SM_OB_PHONE_HXX"                   0 KB       0 rows
. . exported "SYSADM"."PS_SM_OB_TLICS_HXX"                   0 KB       0 rows
. . exported "SYSADM"."PS_SM_OB_W4FTX_HXX"                   0 KB       0 rows
. . exported "SYSADM"."PS_SM_OB_W_REC_HXX"                   0 KB       0 rows
Processing object type TABLE_EXPORT/TABLE/TABLE
Processing object type TABLE_EXPORT/TABLE/GRANT/OWNER_GRANT/OBJECT_GRANT
Processing object type TABLE_EXPORT/TABLE/INDEX/INDEX
Master table "SYS"."SYS_EXPORT_TABLE_03" successfully loaded/unloaded
******************************************************************************
Dump file set for SYS.SYS_EXPORT_TABLE_03 is:
  /backup/data_arch/HRSE_XX/HR/HRSE_XX_11-12-2025_1995_2000_01-May-2023_01-Mar-2024_HR_01.dmp
  /backup/data_arch/HRSE_XX/HR/HRSE_XX_11-12-2025_1995_2000_01-May-2023_01-Mar-2024_HR_02.dmp
  /backup/data_arch/HRSE_XX/HR/HRSE_XX_11-12-2025_1995_2000_01-May-2023_01-Mar-2024_HR_03.dmp
  /backup/data_arch/HRSE_XX/HR/HRSE_XX_11-12-2025_1995_2000_01-May-2023_01-Mar-2024_HR_04.dmp
  /backup/data_arch/HRSE_XX/HR/HRSE_XX_11-12-2025_1995_2000_01-May-2023_01-Mar-2024_HR_05.dmp
  /backup/data_arch/HRSE_XX/HR/HRSE_XX_11-12-2025_1995_2000_01-May-2023_01-Mar-2024_HR_06.dmp
  /backup/data_arch/HRSE_XX/HR/HRSE_XX_11-12-2025_1995_2000_01-May-2023_01-Mar-2024_HR_07.dmp
  /backup/data_arch/HRSE_XX/HR/HRSE_XX_11-12-2025_1995_2000_01-May-2023_01-Mar-2024_HR_08.dmp
  /backup/data_arch/HRSE_XX/HR/HRSE_XX_11-12-2025_1995_2000_01-May-2023_01-Mar-2024_HR_09.dmp
Job "SYS"."SYS_EXPORT_TABLE_03" successfully completed at Thu Dec 11 23:37:33 2025 elapsed 0 00:00:25

TEMPLATE_NAME:  HRSE_XX
Error Count:  0
CURRENT DATE:  2025/12/11
Insert Data into PS_DATAMIN_EXPF_XX.

1 row created.


Commit complete.

Successful Export: Insert Done.
Template HRPRD-HRSE_XX successfully Exported, started at  Thu Dec 11 23:37:08 EST 2025 and finished at Thu Dec 11 23:37:35 EST 2025
----------------------------------------------------------------------------------------
Finished export of Template : HRSE_XX
----------------------------------------------------------------------------------------
#########################################################################################
Beginning export of Template : NGDED_XX
#########################################################################################
 
=> ( 1 ) GENL_DEDUCTIN_H : Get History Record Counts

1 row created.


Commit complete.

..Get TableSpace, Index & Index TableSpace

1 row created.


Commit complete.


Export: Release 19.0.0.0.0 - Production on Thu Dec 11 23:37:35 2025
Version 19.27.0.0.0

Copyright (c) 1982, 2019, Oracle and/or its affiliates.  All rights reserved.

Connected to: Oracle Database 19c Enterprise Edition Release 19.0.0.0.0 - Production
FLASHBACK automatically enabled to preserve database integrity.
Starting "SYS"."SYS_EXPORT_TABLE_03":  userid="/******** AS SYSDBA" directory=NGDED_XX_HR dumpfile=NGDED_XX_11-12-2025_1995_2000_01-May-2023_01-Mar-2024_HR_%U.dmp logfile=NGDED_XX_11-12-2025_1995_2000_01-May-2023_01-Mar-2024_HR.log parallel=18 EXCLUDE=statistics EXCLUDE=TRIGGER ENCRYPTION=ALL ENCRYPTION_MODE=DUAL ENCRYPTION_ALGORITHM=AES256 ENCRYPTION_PASSWORD=******** FILESIZE=10G COMPRESSION=ALL TABLES=SYSADM.PS_GENL_DEDUCTIN_H QUERY=SYSADM.PS_GENL_DEDUCTIN_H:"WHERE PSARCH_ID='NGDED_XX' AND PSARCH_BATCHNUM||PSARCH_ID IN (SELECT PSARCH_BATCHNUM||PSARCH_ID FROM SYSADM.PSARCHBATCH WHERE PSARCH_DTTM >= '01-May-2023' AND PSARCH_DTTM < '01-Mar-2024')" 
Processing object type TABLE_EXPORT/TABLE/PROCACT_INSTANCE
Processing object type TABLE_EXPORT/TABLE/TABLE_DATA
Processing object type TABLE_EXPORT/TABLE/TABLE
. . exported "SYSADM"."PS_GENL_DEDUCTIN_H"               6.789 KB       0 rows
Processing object type TABLE_EXPORT/TABLE/GRANT/OWNER_GRANT/OBJECT_GRANT
Processing object type TABLE_EXPORT/TABLE/INDEX/INDEX
Master table "SYS"."SYS_EXPORT_TABLE_03" successfully loaded/unloaded
******************************************************************************
Dump file set for SYS.SYS_EXPORT_TABLE_03 is:
  /backup/data_arch/NGDED_XX/HR/NGDED_XX_11-12-2025_1995_2000_01-May-2023_01-Mar-2024_HR_01.dmp
  /backup/data_arch/NGDED_XX/HR/NGDED_XX_11-12-2025_1995_2000_01-May-2023_01-Mar-2024_HR_02.dmp
  /backup/data_arch/NGDED_XX/HR/NGDED_XX_11-12-2025_1995_2000_01-May-2023_01-Mar-2024_HR_03.dmp
  /backup/data_arch/NGDED_XX/HR/NGDED_XX_11-12-2025_1995_2000_01-May-2023_01-Mar-2024_HR_04.dmp
  /backup/data_arch/NGDED_XX/HR/NGDED_XX_11-12-2025_1995_2000_01-May-2023_01-Mar-2024_HR_05.dmp
  /backup/data_arch/NGDED_XX/HR/NGDED_XX_11-12-2025_1995_2000_01-May-2023_01-Mar-2024_HR_06.dmp
  /backup/data_arch/NGDED_XX/HR/NGDED_XX_11-12-2025_1995_2000_01-May-2023_01-Mar-2024_HR_07.dmp
  /backup/data_arch/NGDED_XX/HR/NGDED_XX_11-12-2025_1995_2000_01-May-2023_01-Mar-2024_HR_08.dmp
  /backup/data_arch/NGDED_XX/HR/NGDED_XX_11-12-2025_1995_2000_01-May-2023_01-Mar-2024_HR_09.dmp
  /backup/data_arch/NGDED_XX/HR/NGDED_XX_11-12-2025_1995_2000_01-May-2023_01-Mar-2024_HR_10.dmp
Job "SYS"."SYS_EXPORT_TABLE_03" successfully completed at Thu Dec 11 23:38:00 2025 elapsed 0 00:00:24

TEMPLATE_NAME:  NGDED_XX
Error Count:  0
CURRENT DATE:  2025/12/11
Insert Data into PS_DATAMIN_EXPF_XX.

1 row created.


Commit complete.

Successful Export: Insert Done.
Template HRPRD-NGDED_XX successfully Exported, started at  Thu Dec 11 23:37:35 EST 2025 and finished at Thu Dec 11 23:38:02 EST 2025
----------------------------------------------------------------------------------------
Finished export of Template : NGDED_XX
----------------------------------------------------------------------------------------
#########################################################################################
Beginning export of Template : NPAY1_XX
#########################################################################################
 
=> ( 1 ) DOL_PAY_AD_H_XX : Get History Record Counts

1 row created.


Commit complete.

..Get TableSpace, Index & Index TableSpace

1 row created.


Commit complete.


Export: Release 19.0.0.0.0 - Production on Thu Dec 11 23:38:02 2025
Version 19.27.0.0.0

Copyright (c) 1982, 2019, Oracle and/or its affiliates.  All rights reserved.

Connected to: Oracle Database 19c Enterprise Edition Release 19.0.0.0.0 - Production
FLASHBACK automatically enabled to preserve database integrity.
Starting "SYS"."SYS_EXPORT_TABLE_03":  userid="/******** AS SYSDBA" directory=NPAY1_XX_HR dumpfile=NPAY1_XX_11-12-2025_1995_2000_01-May-2023_01-Mar-2024_HR_%U.dmp logfile=NPAY1_XX_11-12-2025_1995_2000_01-May-2023_01-Mar-2024_HR.log parallel=18 EXCLUDE=statistics EXCLUDE=TRIGGER ENCRYPTION=ALL ENCRYPTION_MODE=DUAL ENCRYPTION_ALGORITHM=AES256 ENCRYPTION_PASSWORD=******** FILESIZE=10G COMPRESSION=ALL TABLES=SYSADM.PS_DOL_PAY_AD_H_XX QUERY=SYSADM.PS_DOL_PAY_AD_H_XX:"WHERE PSARCH_ID='NPAY1_XX' AND PSARCH_BATCHNUM||PSARCH_ID IN (SELECT PSARCH_BATCHNUM||PSARCH_ID FROM SYSADM.PSARCHBATCH WHERE PSARCH_DTTM >= '01-May-2023' AND PSARCH_DTTM < '01-Mar-2024')" 
Processing object type TABLE_EXPORT/TABLE/PROCACT_INSTANCE
Processing object type TABLE_EXPORT/TABLE/TABLE_DATA
. . exported "SYSADM"."PS_DOL_PAY_AD_H_XX"                   0 KB       0 rows
Processing object type TABLE_EXPORT/TABLE/TABLE
Processing object type TABLE_EXPORT/TABLE/GRANT/OWNER_GRANT/OBJECT_GRANT
Processing object type TABLE_EXPORT/TABLE/INDEX/INDEX
Master table "SYS"."SYS_EXPORT_TABLE_03" successfully loaded/unloaded
******************************************************************************
Dump file set for SYS.SYS_EXPORT_TABLE_03 is:
  /backup/data_arch/NPAY1_XX/HR/NPAY1_XX_11-12-2025_1995_2000_01-May-2023_01-Mar-2024_HR_01.dmp
  /backup/data_arch/NPAY1_XX/HR/NPAY1_XX_11-12-2025_1995_2000_01-May-2023_01-Mar-2024_HR_02.dmp
  /backup/data_arch/NPAY1_XX/HR/NPAY1_XX_11-12-2025_1995_2000_01-May-2023_01-Mar-2024_HR_03.dmp
  /backup/data_arch/NPAY1_XX/HR/NPAY1_XX_11-12-2025_1995_2000_01-May-2023_01-Mar-2024_HR_04.dmp
  /backup/data_arch/NPAY1_XX/HR/NPAY1_XX_11-12-2025_1995_2000_01-May-2023_01-Mar-2024_HR_05.dmp
  /backup/data_arch/NPAY1_XX/HR/NPAY1_XX_11-12-2025_1995_2000_01-May-2023_01-Mar-2024_HR_06.dmp
  /backup/data_arch/NPAY1_XX/HR/NPAY1_XX_11-12-2025_1995_2000_01-May-2023_01-Mar-2024_HR_07.dmp
  /backup/data_arch/NPAY1_XX/HR/NPAY1_XX_11-12-2025_1995_2000_01-May-2023_01-Mar-2024_HR_08.dmp
  /backup/data_arch/NPAY1_XX/HR/NPAY1_XX_11-12-2025_1995_2000_01-May-2023_01-Mar-2024_HR_09.dmp
Job "SYS"."SYS_EXPORT_TABLE_03" successfully completed at Thu Dec 11 23:38:29 2025 elapsed 0 00:00:26

TEMPLATE_NAME:  NPAY1_XX
Error Count:  0
CURRENT DATE:  2025/12/11
Insert Data into PS_DATAMIN_EXPF_XX.

1 row created.


Commit complete.

Successful Export: Insert Done.
Template HRPRD-NPAY1_XX successfully Exported, started at  Thu Dec 11 23:38:02 EST 2025 and finished at Thu Dec 11 23:38:34 EST 2025
----------------------------------------------------------------------------------------
Finished export of Template : NPAY1_XX
----------------------------------------------------------------------------------------
#########################################################################################
Beginning export of Template : N_PAY_XX
#########################################################################################
 
=> ( 1 ) PAY_CHECK_H : Get History Record Counts

1 row created.


Commit complete.

..Get TableSpace, Index & Index TableSpace

4 rows created.


Commit complete.

=> ( 2 ) PAY_CHKREN_H_XX : Get History Record Counts

1 row created.


Commit complete.

..Get TableSpace, Index & Index TableSpace

1 row created.


Commit complete.

=> ( 3 ) PAY_CTX_OVRD_H : Get History Record Counts

1 row created.


Commit complete.

..Get TableSpace, Index & Index TableSpace

1 row created.


Commit complete.

=> ( 4 ) PAY_DEDUCTION_H : Get History Record Counts

1 row created.


Commit complete.

..Get TableSpace, Index & Index TableSpace

1 row created.


Commit complete.

=> ( 5 ) PAY_DISTRIBTN_H : Get History Record Counts

1 row created.


Commit complete.

..Get TableSpace, Index & Index TableSpace

1 row created.


Commit complete.

=> ( 6 ) PAY_EARNINGS_H : Get History Record Counts

1 row created.


Commit complete.

..Get TableSpace, Index & Index TableSpace

1 row created.


Commit complete.

=> ( 7 ) PAY_EXP_DT_H_XX : Get History Record Counts

1 row created.


Commit complete.

..Get TableSpace, Index & Index TableSpace

1 row created.


Commit complete.

=> ( 8 ) PAY_GARNISH_H : Get History Record Counts

1 row created.


Commit complete.

..Get TableSpace, Index & Index TableSpace

1 row created.


Commit complete.

=> ( 9 ) PAY_GARN_OVRD_H : Get History Record Counts

1 row created.


Commit complete.

..Get TableSpace, Index & Index TableSpace

1 row created.


Commit complete.

=> ( 10 ) PAY_INS_EARNS_H : Get History Record Counts

1 row created.


Commit complete.

..Get TableSpace, Index & Index TableSpace

1 row created.


Commit complete.

=> ( 11 ) PAY_LINE_H : Get History Record Counts

1 row created.


Commit complete.

..Get TableSpace, Index & Index TableSpace

6 rows created.


Commit complete.

=> ( 12 ) PAY_ONE_TIME_H : Get History Record Counts

1 row created.


Commit complete.

..Get TableSpace, Index & Index TableSpace

1 row created.


Commit complete.

=> ( 13 ) PAY_OTH_EARNS_H : Get History Record Counts

1 row created.


Commit complete.

..Get TableSpace, Index & Index TableSpace

1 row created.


Commit complete.

=> ( 14 ) PAY_PAGE_H : Get History Record Counts

1 row created.


Commit complete.

..Get TableSpace, Index & Index TableSpace

1 row created.


Commit complete.

=> ( 15 ) PAY_SPCL_EARN_H : Get History Record Counts

1 row created.


Commit complete.

..Get TableSpace, Index & Index TableSpace

1 row created.


Commit complete.

=> ( 16 ) PAY_TAX_CAN_H : Get History Record Counts

1 row created.


Commit complete.

..Get TableSpace, Index & Index TableSpace

1 row created.


Commit complete.

=> ( 17 ) PAY_TAX_GRSDE_H : Get History Record Counts

1 row created.


Commit complete.

..Get TableSpace, Index & Index TableSpace

1 row created.


Commit complete.

=> ( 18 ) PAY_TAX_H : Get History Record Counts

1 row created.


Commit complete.

..Get TableSpace, Index & Index TableSpace

1 row created.


Commit complete.

=> ( 19 ) PAY_TAX_OVRD_H : Get History Record Counts

1 row created.


Commit complete.

..Get TableSpace, Index & Index TableSpace

1 row created.


Commit complete.

=> ( 20 ) PAY_TM_EXP_H_XX : Get History Record Counts

1 row created.


Commit complete.

..Get TableSpace, Index & Index TableSpace

2 rows created.


Commit complete.

=> ( 21 ) PYADV_SENT_H_XX : Get History Record Counts

1 row created.


Commit complete.

..Get TableSpace, Index & Index TableSpace

1 row created.


Commit complete.

=> ( 22 ) PYCHECK_HS_H_XX : Get History Record Counts

1 row created.


Commit complete.

..Get TableSpace, Index & Index TableSpace

1 row created.


Commit complete.

=> ( 23 ) PYX0114_TM_H_XX : Get History Record Counts

1 row created.


Commit complete.

..Get TableSpace, Index & Index TableSpace

1 row created.


Commit complete.

=> ( 24 ) PY_ABANCHK_H_XX : Get History Record Counts

1 row created.


Commit complete.

..Get TableSpace, Index & Index TableSpace

2 rows created.


Commit complete.

=> ( 25 ) PY_CHECKFG_H_XX : Get History Record Counts

1 row created.


Commit complete.

..Get TableSpace, Index & Index TableSpace

1 row created.


Commit complete.

=> ( 26 ) PY_COMMENT_H_XX : Get History Record Counts

1 row created.


Commit complete.

..Get TableSpace, Index & Index TableSpace

2 rows created.


Commit complete.


Export: Release 19.0.0.0.0 - Production on Thu Dec 11 23:46:37 2025
Version 19.27.0.0.0

Copyright (c) 1982, 2019, Oracle and/or its affiliates.  All rights reserved.

Connected to: Oracle Database 19c Enterprise Edition Release 19.0.0.0.0 - Production
FLASHBACK automatically enabled to preserve database integrity.
Starting "SYS"."SYS_EXPORT_TABLE_03":  userid="/******** AS SYSDBA" directory=N_PAY_XX_HR dumpfile=N_PAY_XX_11-12-2025_1995_2000_01-May-2023_01-Mar-2024_HR_%U.dmp logfile=N_PAY_XX_11-12-2025_1995_2000_01-May-2023_01-Mar-2024_HR.log parallel=18 EXCLUDE=statistics EXCLUDE=TRIGGER ENCRYPTION=ALL ENCRYPTION_MODE=DUAL ENCRYPTION_ALGORITHM=AES256 ENCRYPTION_PASSWORD=******** FILESIZE=10G COMPRESSION=ALL TABLES=SYSADM.PS_PAY_CHECK_H QUERY=SYSADM.PS_PAY_CHECK_H:"WHERE PSARCH_ID='N_PAY_XX' AND PSARCH_BATCHNUM||PSARCH_ID IN (SELECT PSARCH_BATCHNUM||PSARCH_ID FROM SYSADM.PSARCHBATCH WHERE PSARCH_DTTM >= '01-May-2023' AND PSARCH_DTTM < '01-Mar-2024')" TABLES=SYSADM.PS_PAY_CHKREN_H_XX QUERY=SYSADM.PS_PAY_CHKREN_H_XX:"WHERE PSARCH_ID='N_PAY_XX' AND PSARCH_BATCHNUM||PSARCH_ID IN (SELECT PSARCH_BATCHNUM||PSARCH_ID FROM SYSADM.PSARCHBATCH WHERE PSARCH_DTTM >= '01-May-2023' AND PSARCH_DTTM < '01-Mar-2024')" TABLES=SYSADM.PS_PAY_CTX_OVRD_H QUERY=SYSADM.PS_PAY_CTX_OVRD_H:"WHERE PSARCH_ID='N_PAY_XX' AND PSARCH_BATCHNUM||PSARCH_ID IN (SELECT PSARCH_BATCHNUM||PSARCH_ID FROM SYSADM.PSARCHBATCH WHERE PSARCH_DTTM >= '01-May-2023' AND PSARCH_DTTM < '01-Mar-2024')" TABLES=SYSADM.PS_PAY_DEDUCTION_H QUERY=SYSADM.PS_PAY_DEDUCTION_H:"WHERE PSARCH_ID='N_PAY_XX' AND PSARCH_BATCHNUM||PSARCH_ID IN (SELECT PSARCH_BATCHNUM||PSARCH_ID FROM SYSADM.PSARCHBATCH WHERE PSARCH_DTTM >= '01-May-2023' AND PSARCH_DTTM < '01-Mar-2024')" TABLES=SYSADM.PS_PAY_DISTRIBTN_H QUERY=SYSADM.PS_PAY_DISTRIBTN_H:"WHERE PSARCH_ID='N_PAY_XX' AND PSARCH_BATCHNUM||PSARCH_ID IN (SELECT PSARCH_BATCHNUM||PSARCH_ID FROM SYSADM.PSARCHBATCH WHERE PSARCH_DTTM >= '01-May-2023' AND PSARCH_DTTM < '01-Mar-2024')" TABLES=SYSADM.PS_PAY_EARNINGS_H QUERY=SYSADM.PS_PAY_EARNINGS_H:"WHERE PSARCH_ID='N_PAY_XX' AND PSARCH_BATCHNUM||PSARCH_ID IN (SELECT PSARCH_BATCHNUM||PSARCH_ID FROM SYSADM.PSARCHBATCH WHERE PSARCH_DTTM >= '01-May-2023' AND PSARCH_DTTM < '01-Mar-2024')" TABLES=SYSADM.PS_PAY_EXP_DT_H_XX QUERY=SYSADM.PS_PAY_EXP_DT_H_XX:"WHE
Processing object type TABLE_EXPORT/TABLE/PROCACT_INSTANCE
Processing object type TABLE_EXPORT/TABLE/TABLE_DATA
Processing object type TABLE_EXPORT/TABLE/TABLE
Processing object type TABLE_EXPORT/TABLE/GRANT/OWNER_GRANT/OBJECT_GRANT
Processing object type TABLE_EXPORT/TABLE/INDEX/INDEX
. . exported "SYSADM"."PS_PAY_TAX_H"                     597.0 MB 45985292 rows
. . exported "SYSADM"."PS_PAY_OTH_EARNS_H"               150.4 MB 10836094 rows
. . exported "SYSADM"."PS_PAY_DISTRIBTN_H"               60.20 MB 3597701 rows
. . exported "SYSADM"."PS_PY_COMMENT_H_XX"               107.2 KB    5764 rows
. . exported "SYSADM"."PS_PAY_INS_EARNS_H"               21.66 KB     647 rows
. . exported "SYSADM"."PS_PAY_EXP_DT_H_XX"               1.733 MB  277490 rows
. . exported "SYSADM"."PS_PAY_TM_EXP_H_XX"               1.353 MB  115856 rows
. . exported "SYSADM"."PS_PYCHECK_HS_H_XX"               6.078 KB       0 rows
. . exported "SYSADM"."PS_PAY_TAX_OVRD_H"                494.6 KB   83154 rows
. . exported "SYSADM"."PS_PY_ABANCHK_H_XX"               45.21 KB    5216 rows
. . exported "SYSADM"."PS_PAY_GARNISH_H"                 4.527 MB  187928 rows
. . exported "SYSADM"."PS_PY_CHECKFG_H_XX"               97.82 KB    7918 rows
. . exported "SYSADM"."PS_PAY_GARN_OVRD_H"               12.17 KB     999 rows
. . exported "SYSADM"."PS_PAY_CTX_OVRD_H"                5.703 KB       0 rows
. . exported "SYSADM"."PS_PAY_CHKREN_H_XX"                   0 KB       0 rows
. . exported "SYSADM"."PS_PAY_TAX_GRSDE_H"                   0 KB       0 rows
. . exported "SYSADM"."PS_PYADV_SENT_H_XX"                   0 KB       0 rows
. . exported "SYSADM"."PS_PYX0114_TM_H_XX"                   0 KB       0 rows
. . exported "SYSADM"."PS_PAY_ONE_TIME_H"                628.5 KB   92492 rows
. . exported "SYSADM"."PS_PAY_PAGE_H"                    2.783 MB 1156556 rows
. . exported "SYSADM"."PS_PAY_TAX_CAN_H"                 40.92 KB    4543 rows
. . exported "SYSADM"."PS_PAY_LINE_H"                    130.2 MB 7390532 rows
. . exported "SYSADM"."PS_PAY_DEDUCTION_H"               42.62 MB 4200782 rows
. . exported "SYSADM"."PS_PAY_CHECK_H"                   495.2 MB 7523118 rows
. . exported "SYSADM"."PS_PAY_EARNINGS_H"                305.2 MB 10833774 rows
. . exported "SYSADM"."PS_PAY_SPCL_EARN_H"               66.60 MB 14517983 rows
Master table "SYS"."SYS_EXPORT_TABLE_03" successfully loaded/unloaded
******************************************************************************
Dump file set for SYS.SYS_EXPORT_TABLE_03 is:
  /backup/data_arch/N_PAY_XX/HR/N_PAY_XX_11-12-2025_1995_2000_01-May-2023_01-Mar-2024_HR_01.dmp
  /backup/data_arch/N_PAY_XX/HR/N_PAY_XX_11-12-2025_1995_2000_01-May-2023_01-Mar-2024_HR_02.dmp
  /backup/data_arch/N_PAY_XX/HR/N_PAY_XX_11-12-2025_1995_2000_01-May-2023_01-Mar-2024_HR_03.dmp
  /backup/data_arch/N_PAY_XX/HR/N_PAY_XX_11-12-2025_1995_2000_01-May-2023_01-Mar-2024_HR_04.dmp
  /backup/data_arch/N_PAY_XX/HR/N_PAY_XX_11-12-2025_1995_2000_01-May-2023_01-Mar-2024_HR_05.dmp
  /backup/data_arch/N_PAY_XX/HR/N_PAY_XX_11-12-2025_1995_2000_01-May-2023_01-Mar-2024_HR_06.dmp
  /backup/data_arch/N_PAY_XX/HR/N_PAY_XX_11-12-2025_1995_2000_01-May-2023_01-Mar-2024_HR_07.dmp
  /backup/data_arch/N_PAY_XX/HR/N_PAY_XX_11-12-2025_1995_2000_01-May-2023_01-Mar-2024_HR_08.dmp
  /backup/data_arch/N_PAY_XX/HR/N_PAY_XX_11-12-2025_1995_2000_01-May-2023_01-Mar-2024_HR_09.dmp
  /backup/data_arch/N_PAY_XX/HR/N_PAY_XX_11-12-2025_1995_2000_01-May-2023_01-Mar-2024_HR_10.dmp
  /backup/data_arch/N_PAY_XX/HR/N_PAY_XX_11-12-2025_1995_2000_01-May-2023_01-Mar-2024_HR_11.dmp
  /backup/data_arch/N_PAY_XX/HR/N_PAY_XX_11-12-2025_1995_2000_01-May-2023_01-Mar-2024_HR_12.dmp
  /backup/data_arch/N_PAY_XX/HR/N_PAY_XX_11-12-2025_1995_2000_01-May-2023_01-Mar-2024_HR_13.dmp
  /backup/data_arch/N_PAY_XX/HR/N_PAY_XX_11-12-2025_1995_2000_01-May-2023_01-Mar-2024_HR_14.dmp
  /backup/data_arch/N_PAY_XX/HR/N_PAY_XX_11-12-2025_1995_2000_01-May-2023_01-Mar-2024_HR_15.dmp
  /backup/data_arch/N_PAY_XX/HR/N_PAY_XX_11-12-2025_1995_2000_01-May-2023_01-Mar-2024_HR_16.dmp
  /backup/data_arch/N_PAY_XX/HR/N_PAY_XX_11-12-2025_1995_2000_01-May-2023_01-Mar-2024_HR_17.dmp
  /backup/data_arch/N_PAY_XX/HR/N_PAY_XX_11-12-2025_1995_2000_01-May-2023_01-Mar-2024_HR_18.dmp
  /backup/data_arch/N_PAY_XX/HR/N_PAY_XX_11-12-2025_1995_2000_01-May-2023_01-Mar-2024_HR_19.dmp
  /backup/data_arch/N_PAY_XX/HR/N_PAY_XX_11-12-2025_1995_2000_01-May-2023_01-Mar-2024_HR_20.dmp
  /backup/data_arch/N_PAY_XX/HR/N_PAY_XX_11-12-2025_1995_2000_01-May-2023_01-Mar-2024_HR_21.dmp
  /backup/data_arch/N_PAY_XX/HR/N_PAY_XX_11-12-2025_1995_2000_01-May-2023_01-Mar-2024_HR_22.dmp
  /backup/data_arch/N_PAY_XX/HR/N_PAY_XX_11-12-2025_1995_2000_01-May-2023_01-Mar-2024_HR_23.dmp
  /backup/data_arch/N_PAY_XX/HR/N_PAY_XX_11-12-2025_1995_2000_01-May-2023_01-Mar-2024_HR_24.dmp
  /backup/data_arch/N_PAY_XX/HR/N_PAY_XX_11-12-2025_1995_2000_01-May-2023_01-Mar-2024_HR_25.dmp
Job "SYS"."SYS_EXPORT_TABLE_03" successfully completed at Fri Dec 12 00:04:45 2025 elapsed 0 00:18:07

TEMPLATE_NAME:  N_PAY_XX
Error Count:  0
CURRENT DATE:  2025/12/12
Insert Data into PS_DATAMIN_EXPF_XX.

1 row created.


Commit complete.

Successful Export: Insert Done.
Template HRPRD-N_PAY_XX successfully Exported, started at  Thu Dec 11 23:46:37 EST 2025 and finished at Fri Dec 12 00:04:50 EST 2025
----------------------------------------------------------------------------------------
Finished export of Template : N_PAY_XX
----------------------------------------------------------------------------------------
#########################################################################################
Beginning export of Template : PRCS_XX
#########################################################################################
 
=> ( 1 ) CDMAUTHIST_H_XX : Get History Record Counts

1 row created.


Commit complete.

..Get TableSpace, Index & Index TableSpace

1 row created.


Commit complete.

=> ( 2 ) CDMLISTHIS_H_XX : Get History Record Counts

1 row created.


Commit complete.

..Get TableSpace, Index & Index TableSpace

1 row created.


Commit complete.

=> ( 3 ) CDM_F_LTXX_H_XX : Get History Record Counts

1 row created.


Commit complete.

..Get TableSpace, Index & Index TableSpace

1 row created.


Commit complete.

=> ( 4 ) PRCDISTHIS_H_XX : Get History Record Counts

1 row created.


Commit complete.

..Get TableSpace, Index & Index TableSpace

1 row created.


Commit complete.

=> ( 5 ) PRCJOBSTAT_H_XX : Get History Record Counts

1 row created.


Commit complete.

..Get TableSpace, Index & Index TableSpace

1 row created.


Commit complete.

=> ( 6 ) PRCPARMHIS_H_XX : Get History Record Counts

1 row created.


Commit complete.

..Get TableSpace, Index & Index TableSpace

1 row created.


Commit complete.

=> ( 7 ) PRCQUEHIS_H_XX : Get History Record Counts

1 row created.


Commit complete.

..Get TableSpace, Index & Index TableSpace

1 row created.


Commit complete.

=> ( 8 ) PRCRQSTFLE_H_XX : Get History Record Counts

1 row created.


Commit complete.

..Get TableSpace, Index & Index TableSpace

1 row created.


Commit complete.

=> ( 9 ) PRCRQSTHIS_H_XX : Get History Record Counts

1 row created.


Commit complete.

..Get TableSpace, Index & Index TableSpace

1 row created.


Commit complete.

=> ( 10 ) PRCRQSTSTR_H_XX : Get History Record Counts

1 row created.


Commit complete.

..Get TableSpace, Index & Index TableSpace

1 row created.


Commit complete.

=> ( 11 ) PRCTXFRHIS_H_XX : Get History Record Counts

1 row created.


Commit complete.

..Get TableSpace, Index & Index TableSpace

1 row created.


Commit complete.

=> ( 12 ) PRCTXTHIS_H_XX : Get History Record Counts

1 row created.


Commit complete.

..Get TableSpace, Index & Index TableSpace

2 rows created.


Commit complete.


Export: Release 19.0.0.0.0 - Production on Fri Dec 12 00:04:55 2025
Version 19.27.0.0.0

Copyright (c) 1982, 2019, Oracle and/or its affiliates.  All rights reserved.

Connected to: Oracle Database 19c Enterprise Edition Release 19.0.0.0.0 - Production
FLASHBACK automatically enabled to preserve database integrity.
Starting "SYS"."SYS_EXPORT_TABLE_03":  userid="/******** AS SYSDBA" directory=PRCS_XX_HR dumpfile=PRCS_XX_11-12-2025_1995_2000_01-May-2023_01-Mar-2024_HR_%U.dmp logfile=PRCS_XX_11-12-2025_1995_2000_01-May-2023_01-Mar-2024_HR.log parallel=18 EXCLUDE=statistics EXCLUDE=TRIGGER ENCRYPTION=ALL ENCRYPTION_MODE=DUAL ENCRYPTION_ALGORITHM=AES256 ENCRYPTION_PASSWORD=******** FILESIZE=10G COMPRESSION=ALL TABLES=SYSADM.PS_CDMAUTHIST_H_XX QUERY=SYSADM.PS_CDMAUTHIST_H_XX:"WHERE PSARCH_ID='PRCS_XX' AND PSARCH_BATCHNUM||PSARCH_ID IN (SELECT PSARCH_BATCHNUM||PSARCH_ID FROM SYSADM.PSARCHBATCH WHERE PSARCH_DTTM >= '01-May-2023' AND PSARCH_DTTM < '01-Mar-2024')" TABLES=SYSADM.PS_CDMLISTHIS_H_XX QUERY=SYSADM.PS_CDMLISTHIS_H_XX:"WHERE PSARCH_ID='PRCS_XX' AND PSARCH_BATCHNUM||PSARCH_ID IN (SELECT PSARCH_BATCHNUM||PSARCH_ID FROM SYSADM.PSARCHBATCH WHERE PSARCH_DTTM >= '01-May-2023' AND PSARCH_DTTM < '01-Mar-2024')" TABLES=SYSADM.PS_CDM_F_LTXX_H_XX QUERY=SYSADM.PS_CDM_F_LTXX_H_XX:"WHERE PSARCH_ID='PRCS_XX' AND PSARCH_BATCHNUM||PSARCH_ID IN (SELECT PSARCH_BATCHNUM||PSARCH_ID FROM SYSADM.PSARCHBATCH WHERE PSARCH_DTTM >= '01-May-2023' AND PSARCH_DTTM < '01-Mar-2024')" TABLES=SYSADM.PS_PRCDISTHIS_H_XX QUERY=SYSADM.PS_PRCDISTHIS_H_XX:"WHERE PSARCH_ID='PRCS_XX' AND PSARCH_BATCHNUM||PSARCH_ID IN (SELECT PSARCH_BATCHNUM||PSARCH_ID FROM SYSADM.PSARCHBATCH WHERE PSARCH_DTTM >= '01-May-2023' AND PSARCH_DTTM < '01-Mar-2024')" TABLES=SYSADM.PS_PRCJOBSTAT_H_XX QUERY=SYSADM.PS_PRCJOBSTAT_H_XX:"WHERE PSARCH_ID='PRCS_XX' AND PSARCH_BATCHNUM||PSARCH_ID IN (SELECT PSARCH_BATCHNUM||PSARCH_ID FROM SYSADM.PSARCHBATCH WHERE PSARCH_DTTM >= '01-May-2023' AND PSARCH_DTTM < '01-Mar-2024')" TABLES=SYSADM.PS_PRCPARMHIS_H_XX QUERY=SYSADM.PS_PRCPARMHIS_H_XX:"WHERE PSARCH_ID='PRCS_XX' AND PSARCH_BATCHNUM||PSARCH_ID IN (SELECT PSARCH_BATCHNUM||PSARCH_ID FROM SYSADM.PSARCHBATCH WHERE PSARCH_DTTM >= '01-May-2023' AND PSARCH_DTTM < '01-Mar-2024')" TABLES=SYSADM.PS_PRCQUEHIS_H_XX QUERY=SYSADM.PS_PRCQUEHIS_H_XX:"WH
Processing object type TABLE_EXPORT/TABLE/PROCACT_INSTANCE
Processing object type TABLE_EXPORT/TABLE/TABLE_DATA
Processing object type TABLE_EXPORT/TABLE/TABLE
Processing object type TABLE_EXPORT/TABLE/GRANT/OWNER_GRANT/OBJECT_GRANT
. . exported "SYSADM"."PS_CDMLISTHIS_H_XX"               6.070 KB       0 rows
. . exported "SYSADM"."PS_PRCRQSTSTR_H_XX"               5.007 KB       0 rows
. . exported "SYSADM"."PS_CDMAUTHIST_H_XX"               5.085 KB       0 rows
. . exported "SYSADM"."PS_PRCRQSTFLE_H_XX"               5.023 KB       0 rows
. . exported "SYSADM"."PS_PRCTXFRHIS_H_XX"               5.015 KB       0 rows
. . exported "SYSADM"."PS_PRCJOBSTAT_H_XX"                   0 KB       0 rows
. . exported "SYSADM"."PS_PRCDISTHIS_H_XX"               5.015 KB       0 rows
. . exported "SYSADM"."PS_PRCTXTHIS_H_XX"                5.031 KB       0 rows
Processing object type TABLE_EXPORT/TABLE/INDEX/INDEX
. . exported "SYSADM"."PS_PRCRQSTHIS_H_XX"               7.593 KB       0 rows
. . exported "SYSADM"."PS_CDM_F_LTXX_H_XX"               5.273 KB       0 rows
. . exported "SYSADM"."PS_PRCQUEHIS_H_XX"                8.062 KB       0 rows
. . exported "SYSADM"."PS_PRCPARMHIS_H_XX"               16.66 KB       0 rows
Master table "SYS"."SYS_EXPORT_TABLE_03" successfully loaded/unloaded
******************************************************************************
Dump file set for SYS.SYS_EXPORT_TABLE_03 is:
  /backup/data_arch/PRCS_XX/HR/PRCS_XX_11-12-2025_1995_2000_01-May-2023_01-Mar-2024_HR_01.dmp
  /backup/data_arch/PRCS_XX/HR/PRCS_XX_11-12-2025_1995_2000_01-May-2023_01-Mar-2024_HR_02.dmp
  /backup/data_arch/PRCS_XX/HR/PRCS_XX_11-12-2025_1995_2000_01-May-2023_01-Mar-2024_HR_03.dmp
  /backup/data_arch/PRCS_XX/HR/PRCS_XX_11-12-2025_1995_2000_01-May-2023_01-Mar-2024_HR_04.dmp
  /backup/data_arch/PRCS_XX/HR/PRCS_XX_11-12-2025_1995_2000_01-May-2023_01-Mar-2024_HR_05.dmp
  /backup/data_arch/PRCS_XX/HR/PRCS_XX_11-12-2025_1995_2000_01-May-2023_01-Mar-2024_HR_06.dmp
  /backup/data_arch/PRCS_XX/HR/PRCS_XX_11-12-2025_1995_2000_01-May-2023_01-Mar-2024_HR_07.dmp
  /backup/data_arch/PRCS_XX/HR/PRCS_XX_11-12-2025_1995_2000_01-May-2023_01-Mar-2024_HR_08.dmp
  /backup/data_arch/PRCS_XX/HR/PRCS_XX_11-12-2025_1995_2000_01-May-2023_01-Mar-2024_HR_09.dmp
  /backup/data_arch/PRCS_XX/HR/PRCS_XX_11-12-2025_1995_2000_01-May-2023_01-Mar-2024_HR_10.dmp
  /backup/data_arch/PRCS_XX/HR/PRCS_XX_11-12-2025_1995_2000_01-May-2023_01-Mar-2024_HR_11.dmp
  /backup/data_arch/PRCS_XX/HR/PRCS_XX_11-12-2025_1995_2000_01-May-2023_01-Mar-2024_HR_12.dmp
Job "SYS"."SYS_EXPORT_TABLE_03" successfully completed at Fri Dec 12 00:05:58 2025 elapsed 0 00:01:03

TEMPLATE_NAME:  PRCS_XX
Error Count:  0
CURRENT DATE:  2025/12/12
Insert Data into PS_DATAMIN_EXPF_XX.

1 row created.


Commit complete.

Successful Export: Insert Done.
Template HRPRD-PRCS_XX successfully Exported, started at  Fri Dec 12 00:04:55 EST 2025 and finished at Fri Dec 12 00:06:03 EST 2025
----------------------------------------------------------------------------------------
Finished export of Template : PRCS_XX
----------------------------------------------------------------------------------------
#########################################################################################
Beginning export of Template : PRJCSTNG
#########################################################################################
 
=> ( 1 ) PRJ_ACT_TM_H_XX : Get History Record Counts

1 row created.


Commit complete.

..Get TableSpace, Index & Index TableSpace

2 rows created.


Commit complete.

=> ( 2 ) PRJ_TMACDT_H_XX : Get History Record Counts

1 row created.


Commit complete.

..Get TableSpace, Index & Index TableSpace

1 row created.


Commit complete.

=> ( 3 ) PRJ_TMSCHD_H_XX : Get History Record Counts

1 row created.


Commit complete.

..Get TableSpace, Index & Index TableSpace

1 row created.


Commit complete.

=> ( 4 ) PROJECT_H_XX : Get History Record Counts

1 row created.


Commit complete.

..Get TableSpace, Index & Index TableSpace

1 row created.


Commit complete.

=> ( 5 ) PROJ_ACTST_H_XX : Get History Record Counts

1 row created.


Commit complete.

..Get TableSpace, Index & Index TableSpace

2 rows created.


Commit complete.

=> ( 6 ) PROJ_ACT_H_XX : Get History Record Counts

1 row created.


Commit complete.

..Get TableSpace, Index & Index TableSpace

1 row created.


Commit complete.

=> ( 7 ) PROJ_STAT_H_XX : Get History Record Counts

1 row created.


Commit complete.

..Get TableSpace, Index & Index TableSpace

2 rows created.


Commit complete.

=> ( 8 ) PROJ_TEAM_H_XX : Get History Record Counts

1 row created.


Commit complete.

..Get TableSpace, Index & Index TableSpace

2 rows created.


Commit complete.

=> ( 9 ) TL_RTS_ACT_H_XX : Get History Record Counts

1 row created.


Commit complete.

..Get TableSpace, Index & Index TableSpace

1 row created.


Commit complete.

=> ( 10 ) TL_RTS_PRJ_H_XX : Get History Record Counts

1 row created.


Commit complete.

..Get TableSpace, Index & Index TableSpace

1 row created.


Commit complete.

=> ( 11 ) TL_RTS_TRC_H_XX : Get History Record Counts

1 row created.


Commit complete.

..Get TableSpace, Index & Index TableSpace

1 row created.


Commit complete.


Export: Release 19.0.0.0.0 - Production on Fri Dec 12 00:06:08 2025
Version 19.27.0.0.0

Copyright (c) 1982, 2019, Oracle and/or its affiliates.  All rights reserved.

Connected to: Oracle Database 19c Enterprise Edition Release 19.0.0.0.0 - Production
FLASHBACK automatically enabled to preserve database integrity.
Starting "SYS"."SYS_EXPORT_TABLE_03":  userid="/******** AS SYSDBA" directory=PRJCSTNG_HR dumpfile=PRJCSTNG_11-12-2025_1995_2000_01-May-2023_01-Mar-2024_HR_%U.dmp logfile=PRJCSTNG_11-12-2025_1995_2000_01-May-2023_01-Mar-2024_HR.log parallel=18 EXCLUDE=statistics EXCLUDE=TRIGGER ENCRYPTION=ALL ENCRYPTION_MODE=DUAL ENCRYPTION_ALGORITHM=AES256 ENCRYPTION_PASSWORD=******** FILESIZE=10G COMPRESSION=ALL TABLES=SYSADM.PS_PRJ_ACT_TM_H_XX QUERY=SYSADM.PS_PRJ_ACT_TM_H_XX:"WHERE PSARCH_ID='PRJCSTNG' AND PSARCH_BATCHNUM||PSARCH_ID IN (SELECT PSARCH_BATCHNUM||PSARCH_ID FROM SYSADM.PSARCHBATCH WHERE PSARCH_DTTM >= '01-May-2023' AND PSARCH_DTTM < '01-Mar-2024')" TABLES=SYSADM.PS_PRJ_TMACDT_H_XX QUERY=SYSADM.PS_PRJ_TMACDT_H_XX:"WHERE PSARCH_ID='PRJCSTNG' AND PSARCH_BATCHNUM||PSARCH_ID IN (SELECT PSARCH_BATCHNUM||PSARCH_ID FROM SYSADM.PSARCHBATCH WHERE PSARCH_DTTM >= '01-May-2023' AND PSARCH_DTTM < '01-Mar-2024')" TABLES=SYSADM.PS_PRJ_TMSCHD_H_XX QUERY=SYSADM.PS_PRJ_TMSCHD_H_XX:"WHERE PSARCH_ID='PRJCSTNG' AND PSARCH_BATCHNUM||PSARCH_ID IN (SELECT PSARCH_BATCHNUM||PSARCH_ID FROM SYSADM.PSARCHBATCH WHERE PSARCH_DTTM >= '01-May-2023' AND PSARCH_DTTM < '01-Mar-2024')" TABLES=SYSADM.PS_PROJECT_H_XX QUERY=SYSADM.PS_PROJECT_H_XX:"WHERE PSARCH_ID='PRJCSTNG' AND PSARCH_BATCHNUM||PSARCH_ID IN (SELECT PSARCH_BATCHNUM||PSARCH_ID FROM SYSADM.PSARCHBATCH WHERE PSARCH_DTTM >= '01-May-2023' AND PSARCH_DTTM < '01-Mar-2024')" TABLES=SYSADM.PS_PROJ_ACTST_H_XX QUERY=SYSADM.PS_PROJ_ACTST_H_XX:"WHERE PSARCH_ID='PRJCSTNG' AND PSARCH_BATCHNUM||PSARCH_ID IN (SELECT PSARCH_BATCHNUM||PSARCH_ID FROM SYSADM.PSARCHBATCH WHERE PSARCH_DTTM >= '01-May-2023' AND PSARCH_DTTM < '01-Mar-2024')" TABLES=SYSADM.PS_PROJ_ACT_H_XX QUERY=SYSADM.PS_PROJ_ACT_H_XX:"WHERE PSARCH_ID='PRJCSTNG' AND PSARCH_BATCHNUM||PSARCH_ID IN (SELECT PSARCH_BATCHNUM||PSARCH_ID FROM SYSADM.PSARCHBATCH WHERE PSARCH_DTTM >= '01-May-2023' AND PSARCH_DTTM < '01-Mar-2024')" TABLES=SYSADM.PS_PROJ_STAT_H_XX QUERY=SYSADM.PS_PROJ_STAT_H_XX:"WHE
Processing object type TABLE_EXPORT/TABLE/PROCACT_INSTANCE
Processing object type TABLE_EXPORT/TABLE/TABLE_DATA
Processing object type TABLE_EXPORT/TABLE/TABLE
. . exported "SYSADM"."PS_PROJ_ACT_H_XX"                 178.5 KB    9771 rows
. . exported "SYSADM"."PS_PROJECT_H_XX"                  257.8 KB    8919 rows
. . exported "SYSADM"."PS_PROJ_STAT_H_XX"                76.11 KB   18178 rows
Processing object type TABLE_EXPORT/TABLE/GRANT/OWNER_GRANT/OBJECT_GRANT
. . exported "SYSADM"."PS_PROJ_ACTST_H_XX"               5.726 KB       0 rows
. . exported "SYSADM"."PS_PRJ_TMSCHD_H_XX"               79.34 KB    9035 rows
. . exported "SYSADM"."PS_PROJ_TEAM_H_XX"                41.74 KB    9034 rows
. . exported "SYSADM"."PS_TL_RTS_TRC_H_XX"               5.757 KB       0 rows
. . exported "SYSADM"."PS_TL_RTS_ACT_H_XX"               5.562 KB       0 rows
. . exported "SYSADM"."PS_TL_RTS_PRJ_H_XX"               5.421 KB       0 rows
. . exported "SYSADM"."PS_PRJ_ACT_TM_H_XX"                   0 KB       0 rows
. . exported "SYSADM"."PS_PRJ_TMACDT_H_XX"                   0 KB       0 rows
Processing object type TABLE_EXPORT/TABLE/INDEX/INDEX
Master table "SYS"."SYS_EXPORT_TABLE_03" successfully loaded/unloaded
******************************************************************************
Dump file set for SYS.SYS_EXPORT_TABLE_03 is:
  /backup/data_arch/PRJCSTNG/HR/PRJCSTNG_11-12-2025_1995_2000_01-May-2023_01-Mar-2024_HR_01.dmp
  /backup/data_arch/PRJCSTNG/HR/PRJCSTNG_11-12-2025_1995_2000_01-May-2023_01-Mar-2024_HR_02.dmp
  /backup/data_arch/PRJCSTNG/HR/PRJCSTNG_11-12-2025_1995_2000_01-May-2023_01-Mar-2024_HR_03.dmp
  /backup/data_arch/PRJCSTNG/HR/PRJCSTNG_11-12-2025_1995_2000_01-May-2023_01-Mar-2024_HR_04.dmp
  /backup/data_arch/PRJCSTNG/HR/PRJCSTNG_11-12-2025_1995_2000_01-May-2023_01-Mar-2024_HR_05.dmp
  /backup/data_arch/PRJCSTNG/HR/PRJCSTNG_11-12-2025_1995_2000_01-May-2023_01-Mar-2024_HR_06.dmp
  /backup/data_arch/PRJCSTNG/HR/PRJCSTNG_11-12-2025_1995_2000_01-May-2023_01-Mar-2024_HR_07.dmp
  /backup/data_arch/PRJCSTNG/HR/PRJCSTNG_11-12-2025_1995_2000_01-May-2023_01-Mar-2024_HR_08.dmp
  /backup/data_arch/PRJCSTNG/HR/PRJCSTNG_11-12-2025_1995_2000_01-May-2023_01-Mar-2024_HR_09.dmp
  /backup/data_arch/PRJCSTNG/HR/PRJCSTNG_11-12-2025_1995_2000_01-May-2023_01-Mar-2024_HR_10.dmp
Job "SYS"."SYS_EXPORT_TABLE_03" successfully completed at Fri Dec 12 00:06:37 2025 elapsed 0 00:00:29

TEMPLATE_NAME:  PRJCSTNG
Error Count:  0
CURRENT DATE:  2025/12/12
Insert Data into PS_DATAMIN_EXPF_XX.

1 row created.


Commit complete.

Successful Export: Insert Done.
Template HRPRD-PRJCSTNG successfully Exported, started at  Fri Dec 12 00:06:08 EST 2025 and finished at Fri Dec 12 00:06:41 EST 2025
----------------------------------------------------------------------------------------
Finished export of Template : PRJCSTNG
----------------------------------------------------------------------------------------
#########################################################################################
Beginning export of Template : PS56B_XX
#########################################################################################
 
=> ( 1 ) PERX0056B1_H_XX : Get History Record Counts

1 row created.


Commit complete.

..Get TableSpace, Index & Index TableSpace

1 row created.


Commit complete.


Export: Release 19.0.0.0.0 - Production on Fri Dec 12 00:06:41 2025
Version 19.27.0.0.0

Copyright (c) 1982, 2019, Oracle and/or its affiliates.  All rights reserved.

Connected to: Oracle Database 19c Enterprise Edition Release 19.0.0.0.0 - Production
FLASHBACK automatically enabled to preserve database integrity.
Starting "SYS"."SYS_EXPORT_TABLE_03":  userid="/******** AS SYSDBA" directory=PS56B_XX_HR dumpfile=PS56B_XX_11-12-2025_1995_2000_01-May-2023_01-Mar-2024_HR_%U.dmp logfile=PS56B_XX_11-12-2025_1995_2000_01-May-2023_01-Mar-2024_HR.log parallel=18 EXCLUDE=statistics EXCLUDE=TRIGGER ENCRYPTION=ALL ENCRYPTION_MODE=DUAL ENCRYPTION_ALGORITHM=AES256 ENCRYPTION_PASSWORD=******** FILESIZE=10G COMPRESSION=ALL TABLES=SYSADM.PS_PERX0056B1_H_XX QUERY=SYSADM.PS_PERX0056B1_H_XX:"WHERE PSARCH_ID='PS56B_XX' AND PSARCH_BATCHNUM||PSARCH_ID IN (SELECT PSARCH_BATCHNUM||PSARCH_ID FROM SYSADM.PSARCHBATCH WHERE PSARCH_DTTM >= '01-May-2023' AND PSARCH_DTTM < '01-Mar-2024')" 
Processing object type TABLE_EXPORT/TABLE/PROCACT_INSTANCE
Processing object type TABLE_EXPORT/TABLE/TABLE_DATA
. . exported "SYSADM"."PS_PERX0056B1_H_XX"                   0 KB       0 rows
Processing object type TABLE_EXPORT/TABLE/TABLE
Processing object type TABLE_EXPORT/TABLE/GRANT/OWNER_GRANT/OBJECT_GRANT
Processing object type TABLE_EXPORT/TABLE/INDEX/INDEX
Master table "SYS"."SYS_EXPORT_TABLE_03" successfully loaded/unloaded
******************************************************************************
Dump file set for SYS.SYS_EXPORT_TABLE_03 is:
  /backup/data_arch/PS56B_XX/HR/PS56B_XX_11-12-2025_1995_2000_01-May-2023_01-Mar-2024_HR_01.dmp
  /backup/data_arch/PS56B_XX/HR/PS56B_XX_11-12-2025_1995_2000_01-May-2023_01-Mar-2024_HR_02.dmp
  /backup/data_arch/PS56B_XX/HR/PS56B_XX_11-12-2025_1995_2000_01-May-2023_01-Mar-2024_HR_03.dmp
  /backup/data_arch/PS56B_XX/HR/PS56B_XX_11-12-2025_1995_2000_01-May-2023_01-Mar-2024_HR_04.dmp
  /backup/data_arch/PS56B_XX/HR/PS56B_XX_11-12-2025_1995_2000_01-May-2023_01-Mar-2024_HR_05.dmp
  /backup/data_arch/PS56B_XX/HR/PS56B_XX_11-12-2025_1995_2000_01-May-2023_01-Mar-2024_HR_06.dmp
  /backup/data_arch/PS56B_XX/HR/PS56B_XX_11-12-2025_1995_2000_01-May-2023_01-Mar-2024_HR_07.dmp
  /backup/data_arch/PS56B_XX/HR/PS56B_XX_11-12-2025_1995_2000_01-May-2023_01-Mar-2024_HR_08.dmp
  /backup/data_arch/PS56B_XX/HR/PS56B_XX_11-12-2025_1995_2000_01-May-2023_01-Mar-2024_HR_09.dmp
Job "SYS"."SYS_EXPORT_TABLE_03" successfully completed at Fri Dec 12 00:07:08 2025 elapsed 0 00:00:26

TEMPLATE_NAME:  PS56B_XX
Error Count:  0
CURRENT DATE:  2025/12/12
Insert Data into PS_DATAMIN_EXPF_XX.

1 row created.


Commit complete.

Successful Export: Insert Done.
Template HRPRD-PS56B_XX successfully Exported, started at  Fri Dec 12 00:06:41 EST 2025 and finished at Fri Dec 12 00:07:10 EST 2025
----------------------------------------------------------------------------------------
Finished export of Template : PS56B_XX
----------------------------------------------------------------------------------------
#########################################################################################
Beginning export of Template : PS56D_XX
#########################################################################################
 
=> ( 1 ) PERX0056D1_H_XX : Get History Record Counts

1 row created.


Commit complete.

..Get TableSpace, Index & Index TableSpace

1 row created.


Commit complete.


Export: Release 19.0.0.0.0 - Production on Fri Dec 12 00:07:10 2025
Version 19.27.0.0.0

Copyright (c) 1982, 2019, Oracle and/or its affiliates.  All rights reserved.

Connected to: Oracle Database 19c Enterprise Edition Release 19.0.0.0.0 - Production
FLASHBACK automatically enabled to preserve database integrity.
Starting "SYS"."SYS_EXPORT_TABLE_03":  userid="/******** AS SYSDBA" directory=PS56D_XX_HR dumpfile=PS56D_XX_11-12-2025_1995_2000_01-May-2023_01-Mar-2024_HR_%U.dmp logfile=PS56D_XX_11-12-2025_1995_2000_01-May-2023_01-Mar-2024_HR.log parallel=18 EXCLUDE=statistics EXCLUDE=TRIGGER ENCRYPTION=ALL ENCRYPTION_MODE=DUAL ENCRYPTION_ALGORITHM=AES256 ENCRYPTION_PASSWORD=******** FILESIZE=10G COMPRESSION=ALL TABLES=SYSADM.PS_PERX0056D1_H_XX QUERY=SYSADM.PS_PERX0056D1_H_XX:"WHERE PSARCH_ID='PS56D_XX' AND PSARCH_BATCHNUM||PSARCH_ID IN (SELECT PSARCH_BATCHNUM||PSARCH_ID FROM SYSADM.PSARCHBATCH WHERE PSARCH_DTTM >= '01-May-2023' AND PSARCH_DTTM < '01-Mar-2024')" 
Processing object type TABLE_EXPORT/TABLE/PROCACT_INSTANCE
Processing object type TABLE_EXPORT/TABLE/TABLE_DATA
. . exported "SYSADM"."PS_PERX0056D1_H_XX"                   0 KB       0 rows
Processing object type TABLE_EXPORT/TABLE/TABLE
Processing object type TABLE_EXPORT/TABLE/GRANT/OWNER_GRANT/OBJECT_GRANT
Processing object type TABLE_EXPORT/TABLE/INDEX/INDEX
Master table "SYS"."SYS_EXPORT_TABLE_03" successfully loaded/unloaded
******************************************************************************
Dump file set for SYS.SYS_EXPORT_TABLE_03 is:
  /backup/data_arch/PS56D_XX/HR/PS56D_XX_11-12-2025_1995_2000_01-May-2023_01-Mar-2024_HR_01.dmp
  /backup/data_arch/PS56D_XX/HR/PS56D_XX_11-12-2025_1995_2000_01-May-2023_01-Mar-2024_HR_02.dmp
  /backup/data_arch/PS56D_XX/HR/PS56D_XX_11-12-2025_1995_2000_01-May-2023_01-Mar-2024_HR_03.dmp
  /backup/data_arch/PS56D_XX/HR/PS56D_XX_11-12-2025_1995_2000_01-May-2023_01-Mar-2024_HR_04.dmp
  /backup/data_arch/PS56D_XX/HR/PS56D_XX_11-12-2025_1995_2000_01-May-2023_01-Mar-2024_HR_05.dmp
  /backup/data_arch/PS56D_XX/HR/PS56D_XX_11-12-2025_1995_2000_01-May-2023_01-Mar-2024_HR_06.dmp
  /backup/data_arch/PS56D_XX/HR/PS56D_XX_11-12-2025_1995_2000_01-May-2023_01-Mar-2024_HR_07.dmp
  /backup/data_arch/PS56D_XX/HR/PS56D_XX_11-12-2025_1995_2000_01-May-2023_01-Mar-2024_HR_08.dmp
  /backup/data_arch/PS56D_XX/HR/PS56D_XX_11-12-2025_1995_2000_01-May-2023_01-Mar-2024_HR_09.dmp
Job "SYS"."SYS_EXPORT_TABLE_03" successfully completed at Fri Dec 12 00:07:36 2025 elapsed 0 00:00:25

TEMPLATE_NAME:  PS56D_XX
Error Count:  0
CURRENT DATE:  2025/12/12
Insert Data into PS_DATAMIN_EXPF_XX.

1 row created.


Commit complete.

Successful Export: Insert Done.
Template HRPRD-PS56D_XX successfully Exported, started at  Fri Dec 12 00:07:10 EST 2025 and finished at Fri Dec 12 00:07:42 EST 2025
----------------------------------------------------------------------------------------
Finished export of Template : PS56D_XX
----------------------------------------------------------------------------------------
#########################################################################################
Beginning export of Template : PS56E_XX
#########################################################################################
 
=> ( 1 ) PERX0056E1_H_XX : Get History Record Counts

1 row created.


Commit complete.

..Get TableSpace, Index & Index TableSpace

1 row created.


Commit complete.


Export: Release 19.0.0.0.0 - Production on Fri Dec 12 00:07:42 2025
Version 19.27.0.0.0

Copyright (c) 1982, 2019, Oracle and/or its affiliates.  All rights reserved.

Connected to: Oracle Database 19c Enterprise Edition Release 19.0.0.0.0 - Production
FLASHBACK automatically enabled to preserve database integrity.
Starting "SYS"."SYS_EXPORT_TABLE_03":  userid="/******** AS SYSDBA" directory=PS56E_XX_HR dumpfile=PS56E_XX_11-12-2025_1995_2000_01-May-2023_01-Mar-2024_HR_%U.dmp logfile=PS56E_XX_11-12-2025_1995_2000_01-May-2023_01-Mar-2024_HR.log parallel=18 EXCLUDE=statistics EXCLUDE=TRIGGER ENCRYPTION=ALL ENCRYPTION_MODE=DUAL ENCRYPTION_ALGORITHM=AES256 ENCRYPTION_PASSWORD=******** FILESIZE=10G COMPRESSION=ALL TABLES=SYSADM.PS_PERX0056E1_H_XX QUERY=SYSADM.PS_PERX0056E1_H_XX:"WHERE PSARCH_ID='PS56E_XX' AND PSARCH_BATCHNUM||PSARCH_ID IN (SELECT PSARCH_BATCHNUM||PSARCH_ID FROM SYSADM.PSARCHBATCH WHERE PSARCH_DTTM >= '01-May-2023' AND PSARCH_DTTM < '01-Mar-2024')" 
Processing object type TABLE_EXPORT/TABLE/PROCACT_INSTANCE
Processing object type TABLE_EXPORT/TABLE/TABLE_DATA
. . exported "SYSADM"."PS_PERX0056E1_H_XX"                   0 KB       0 rows
Processing object type TABLE_EXPORT/TABLE/TABLE
Processing object type TABLE_EXPORT/TABLE/GRANT/OWNER_GRANT/OBJECT_GRANT
Processing object type TABLE_EXPORT/TABLE/INDEX/INDEX
Master table "SYS"."SYS_EXPORT_TABLE_03" successfully loaded/unloaded
******************************************************************************
Dump file set for SYS.SYS_EXPORT_TABLE_03 is:
  /backup/data_arch/PS56E_XX/HR/PS56E_XX_11-12-2025_1995_2000_01-May-2023_01-Mar-2024_HR_01.dmp
  /backup/data_arch/PS56E_XX/HR/PS56E_XX_11-12-2025_1995_2000_01-May-2023_01-Mar-2024_HR_02.dmp
  /backup/data_arch/PS56E_XX/HR/PS56E_XX_11-12-2025_1995_2000_01-May-2023_01-Mar-2024_HR_03.dmp
  /backup/data_arch/PS56E_XX/HR/PS56E_XX_11-12-2025_1995_2000_01-May-2023_01-Mar-2024_HR_04.dmp
  /backup/data_arch/PS56E_XX/HR/PS56E_XX_11-12-2025_1995_2000_01-May-2023_01-Mar-2024_HR_05.dmp
  /backup/data_arch/PS56E_XX/HR/PS56E_XX_11-12-2025_1995_2000_01-May-2023_01-Mar-2024_HR_06.dmp
  /backup/data_arch/PS56E_XX/HR/PS56E_XX_11-12-2025_1995_2000_01-May-2023_01-Mar-2024_HR_07.dmp
  /backup/data_arch/PS56E_XX/HR/PS56E_XX_11-12-2025_1995_2000_01-May-2023_01-Mar-2024_HR_08.dmp
  /backup/data_arch/PS56E_XX/HR/PS56E_XX_11-12-2025_1995_2000_01-May-2023_01-Mar-2024_HR_09.dmp
Job "SYS"."SYS_EXPORT_TABLE_03" successfully completed at Fri Dec 12 00:08:10 2025 elapsed 0 00:00:27

TEMPLATE_NAME:  PS56E_XX
Error Count:  0
CURRENT DATE:  2025/12/12
Insert Data into PS_DATAMIN_EXPF_XX.

1 row created.


Commit complete.

Successful Export: Insert Done.
Template HRPRD-PS56E_XX successfully Exported, started at  Fri Dec 12 00:07:42 EST 2025 and finished at Fri Dec 12 00:08:14 EST 2025
----------------------------------------------------------------------------------------
Finished export of Template : PS56E_XX
----------------------------------------------------------------------------------------
#########################################################################################
Beginning export of Template : PS56L_XX
#########################################################################################
 
=> ( 1 ) PERX0056L2_H_XX : Get History Record Counts

1 row created.


Commit complete.

..Get TableSpace, Index & Index TableSpace

1 row created.


Commit complete.


Export: Release 19.0.0.0.0 - Production on Fri Dec 12 00:08:14 2025
Version 19.27.0.0.0

Copyright (c) 1982, 2019, Oracle and/or its affiliates.  All rights reserved.

Connected to: Oracle Database 19c Enterprise Edition Release 19.0.0.0.0 - Production
FLASHBACK automatically enabled to preserve database integrity.
Starting "SYS"."SYS_EXPORT_TABLE_03":  userid="/******** AS SYSDBA" directory=PS56L_XX_HR dumpfile=PS56L_XX_11-12-2025_1995_2000_01-May-2023_01-Mar-2024_HR_%U.dmp logfile=PS56L_XX_11-12-2025_1995_2000_01-May-2023_01-Mar-2024_HR.log parallel=18 EXCLUDE=statistics EXCLUDE=TRIGGER ENCRYPTION=ALL ENCRYPTION_MODE=DUAL ENCRYPTION_ALGORITHM=AES256 ENCRYPTION_PASSWORD=******** FILESIZE=10G COMPRESSION=ALL TABLES=SYSADM.PS_PERX0056L2_H_XX QUERY=SYSADM.PS_PERX0056L2_H_XX:"WHERE PSARCH_ID='PS56L_XX' AND PSARCH_BATCHNUM||PSARCH_ID IN (SELECT PSARCH_BATCHNUM||PSARCH_ID FROM SYSADM.PSARCHBATCH WHERE PSARCH_DTTM >= '01-May-2023' AND PSARCH_DTTM < '01-Mar-2024')" 
Processing object type TABLE_EXPORT/TABLE/PROCACT_INSTANCE
Processing object type TABLE_EXPORT/TABLE/TABLE_DATA
. . exported "SYSADM"."PS_PERX0056L2_H_XX"                   0 KB       0 rows
Processing object type TABLE_EXPORT/TABLE/TABLE
Processing object type TABLE_EXPORT/TABLE/GRANT/OWNER_GRANT/OBJECT_GRANT
Processing object type TABLE_EXPORT/TABLE/INDEX/INDEX
Master table "SYS"."SYS_EXPORT_TABLE_03" successfully loaded/unloaded
******************************************************************************
Dump file set for SYS.SYS_EXPORT_TABLE_03 is:
  /backup/data_arch/PS56L_XX/HR/PS56L_XX_11-12-2025_1995_2000_01-May-2023_01-Mar-2024_HR_01.dmp
  /backup/data_arch/PS56L_XX/HR/PS56L_XX_11-12-2025_1995_2000_01-May-2023_01-Mar-2024_HR_02.dmp
  /backup/data_arch/PS56L_XX/HR/PS56L_XX_11-12-2025_1995_2000_01-May-2023_01-Mar-2024_HR_03.dmp
  /backup/data_arch/PS56L_XX/HR/PS56L_XX_11-12-2025_1995_2000_01-May-2023_01-Mar-2024_HR_04.dmp
  /backup/data_arch/PS56L_XX/HR/PS56L_XX_11-12-2025_1995_2000_01-May-2023_01-Mar-2024_HR_05.dmp
  /backup/data_arch/PS56L_XX/HR/PS56L_XX_11-12-2025_1995_2000_01-May-2023_01-Mar-2024_HR_06.dmp
  /backup/data_arch/PS56L_XX/HR/PS56L_XX_11-12-2025_1995_2000_01-May-2023_01-Mar-2024_HR_07.dmp
  /backup/data_arch/PS56L_XX/HR/PS56L_XX_11-12-2025_1995_2000_01-May-2023_01-Mar-2024_HR_08.dmp
  /backup/data_arch/PS56L_XX/HR/PS56L_XX_11-12-2025_1995_2000_01-May-2023_01-Mar-2024_HR_09.dmp
Job "SYS"."SYS_EXPORT_TABLE_03" successfully completed at Fri Dec 12 00:08:42 2025 elapsed 0 00:00:27

TEMPLATE_NAME:  PS56L_XX
Error Count:  0
CURRENT DATE:  2025/12/12
Insert Data into PS_DATAMIN_EXPF_XX.

1 row created.


Commit complete.

Successful Export: Insert Done.
Template HRPRD-PS56L_XX successfully Exported, started at  Fri Dec 12 00:08:14 EST 2025 and finished at Fri Dec 12 00:08:46 EST 2025
----------------------------------------------------------------------------------------
Finished export of Template : PS56L_XX
----------------------------------------------------------------------------------------
#########################################################################################
Beginning export of Template : PS56P_XX
#########################################################################################
 
=> ( 1 ) PERX0056P1_H_XX : Get History Record Counts

1 row created.


Commit complete.

..Get TableSpace, Index & Index TableSpace

1 row created.


Commit complete.


Export: Release 19.0.0.0.0 - Production on Fri Dec 12 00:08:47 2025
Version 19.27.0.0.0

Copyright (c) 1982, 2019, Oracle and/or its affiliates.  All rights reserved.

Connected to: Oracle Database 19c Enterprise Edition Release 19.0.0.0.0 - Production
FLASHBACK automatically enabled to preserve database integrity.
Starting "SYS"."SYS_EXPORT_TABLE_03":  userid="/******** AS SYSDBA" directory=PS56P_XX_HR dumpfile=PS56P_XX_11-12-2025_1995_2000_01-May-2023_01-Mar-2024_HR_%U.dmp logfile=PS56P_XX_11-12-2025_1995_2000_01-May-2023_01-Mar-2024_HR.log parallel=18 EXCLUDE=statistics EXCLUDE=TRIGGER ENCRYPTION=ALL ENCRYPTION_MODE=DUAL ENCRYPTION_ALGORITHM=AES256 ENCRYPTION_PASSWORD=******** FILESIZE=10G COMPRESSION=ALL TABLES=SYSADM.PS_PERX0056P1_H_XX QUERY=SYSADM.PS_PERX0056P1_H_XX:"WHERE PSARCH_ID='PS56P_XX' AND PSARCH_BATCHNUM||PSARCH_ID IN (SELECT PSARCH_BATCHNUM||PSARCH_ID FROM SYSADM.PSARCHBATCH WHERE PSARCH_DTTM >= '01-May-2023' AND PSARCH_DTTM < '01-Mar-2024')" 
Processing object type TABLE_EXPORT/TABLE/PROCACT_INSTANCE
Processing object type TABLE_EXPORT/TABLE/TABLE_DATA
. . exported "SYSADM"."PS_PERX0056P1_H_XX"                   0 KB       0 rows
Processing object type TABLE_EXPORT/TABLE/TABLE
Processing object type TABLE_EXPORT/TABLE/GRANT/OWNER_GRANT/OBJECT_GRANT
Processing object type TABLE_EXPORT/TABLE/INDEX/INDEX
Master table "SYS"."SYS_EXPORT_TABLE_03" successfully loaded/unloaded
******************************************************************************
Dump file set for SYS.SYS_EXPORT_TABLE_03 is:
  /backup/data_arch/PS56P_XX/HR/PS56P_XX_11-12-2025_1995_2000_01-May-2023_01-Mar-2024_HR_01.dmp
  /backup/data_arch/PS56P_XX/HR/PS56P_XX_11-12-2025_1995_2000_01-May-2023_01-Mar-2024_HR_02.dmp
  /backup/data_arch/PS56P_XX/HR/PS56P_XX_11-12-2025_1995_2000_01-May-2023_01-Mar-2024_HR_03.dmp
  /backup/data_arch/PS56P_XX/HR/PS56P_XX_11-12-2025_1995_2000_01-May-2023_01-Mar-2024_HR_04.dmp
  /backup/data_arch/PS56P_XX/HR/PS56P_XX_11-12-2025_1995_2000_01-May-2023_01-Mar-2024_HR_05.dmp
  /backup/data_arch/PS56P_XX/HR/PS56P_XX_11-12-2025_1995_2000_01-May-2023_01-Mar-2024_HR_06.dmp
  /backup/data_arch/PS56P_XX/HR/PS56P_XX_11-12-2025_1995_2000_01-May-2023_01-Mar-2024_HR_07.dmp
  /backup/data_arch/PS56P_XX/HR/PS56P_XX_11-12-2025_1995_2000_01-May-2023_01-Mar-2024_HR_08.dmp
  /backup/data_arch/PS56P_XX/HR/PS56P_XX_11-12-2025_1995_2000_01-May-2023_01-Mar-2024_HR_09.dmp
Job "SYS"."SYS_EXPORT_TABLE_03" successfully completed at Fri Dec 12 00:09:12 2025 elapsed 0 00:00:25

TEMPLATE_NAME:  PS56P_XX
Error Count:  0
CURRENT DATE:  2025/12/12
Insert Data into PS_DATAMIN_EXPF_XX.

1 row created.


Commit complete.

Successful Export: Insert Done.
Template HRPRD-PS56P_XX successfully Exported, started at  Fri Dec 12 00:08:47 EST 2025 and finished at Fri Dec 12 00:09:14 EST 2025
----------------------------------------------------------------------------------------
Finished export of Template : PS56P_XX
----------------------------------------------------------------------------------------
#########################################################################################
Beginning export of Template : PS56S_XX
#########################################################################################
 
=> ( 1 ) PERX0056S1_H_XX : Get History Record Counts

1 row created.


Commit complete.

..Get TableSpace, Index & Index TableSpace

1 row created.


Commit complete.


Export: Release 19.0.0.0.0 - Production on Fri Dec 12 00:09:15 2025
Version 19.27.0.0.0

Copyright (c) 1982, 2019, Oracle and/or its affiliates.  All rights reserved.

Connected to: Oracle Database 19c Enterprise Edition Release 19.0.0.0.0 - Production
FLASHBACK automatically enabled to preserve database integrity.
Starting "SYS"."SYS_EXPORT_TABLE_03":  userid="/******** AS SYSDBA" directory=PS56S_XX_HR dumpfile=PS56S_XX_11-12-2025_1995_2000_01-May-2023_01-Mar-2024_HR_%U.dmp logfile=PS56S_XX_11-12-2025_1995_2000_01-May-2023_01-Mar-2024_HR.log parallel=18 EXCLUDE=statistics EXCLUDE=TRIGGER ENCRYPTION=ALL ENCRYPTION_MODE=DUAL ENCRYPTION_ALGORITHM=AES256 ENCRYPTION_PASSWORD=******** FILESIZE=10G COMPRESSION=ALL TABLES=SYSADM.PS_PERX0056S1_H_XX QUERY=SYSADM.PS_PERX0056S1_H_XX:"WHERE PSARCH_ID='PS56S_XX' AND PSARCH_BATCHNUM||PSARCH_ID IN (SELECT PSARCH_BATCHNUM||PSARCH_ID FROM SYSADM.PSARCHBATCH WHERE PSARCH_DTTM >= '01-May-2023' AND PSARCH_DTTM < '01-Mar-2024')" 
Processing object type TABLE_EXPORT/TABLE/PROCACT_INSTANCE
Processing object type TABLE_EXPORT/TABLE/TABLE_DATA
. . exported "SYSADM"."PS_PERX0056S1_H_XX"                   0 KB       0 rows
Processing object type TABLE_EXPORT/TABLE/TABLE
Processing object type TABLE_EXPORT/TABLE/GRANT/OWNER_GRANT/OBJECT_GRANT
Processing object type TABLE_EXPORT/TABLE/INDEX/INDEX
Master table "SYS"."SYS_EXPORT_TABLE_03" successfully loaded/unloaded
******************************************************************************
Dump file set for SYS.SYS_EXPORT_TABLE_03 is:
  /backup/data_arch/PS56S_XX/HR/PS56S_XX_11-12-2025_1995_2000_01-May-2023_01-Mar-2024_HR_01.dmp
  /backup/data_arch/PS56S_XX/HR/PS56S_XX_11-12-2025_1995_2000_01-May-2023_01-Mar-2024_HR_02.dmp
  /backup/data_arch/PS56S_XX/HR/PS56S_XX_11-12-2025_1995_2000_01-May-2023_01-Mar-2024_HR_03.dmp
  /backup/data_arch/PS56S_XX/HR/PS56S_XX_11-12-2025_1995_2000_01-May-2023_01-Mar-2024_HR_04.dmp
  /backup/data_arch/PS56S_XX/HR/PS56S_XX_11-12-2025_1995_2000_01-May-2023_01-Mar-2024_HR_05.dmp
  /backup/data_arch/PS56S_XX/HR/PS56S_XX_11-12-2025_1995_2000_01-May-2023_01-Mar-2024_HR_06.dmp
  /backup/data_arch/PS56S_XX/HR/PS56S_XX_11-12-2025_1995_2000_01-May-2023_01-Mar-2024_HR_07.dmp
  /backup/data_arch/PS56S_XX/HR/PS56S_XX_11-12-2025_1995_2000_01-May-2023_01-Mar-2024_HR_08.dmp
  /backup/data_arch/PS56S_XX/HR/PS56S_XX_11-12-2025_1995_2000_01-May-2023_01-Mar-2024_HR_09.dmp
Job "SYS"."SYS_EXPORT_TABLE_03" successfully completed at Fri Dec 12 00:09:43 2025 elapsed 0 00:00:27

TEMPLATE_NAME:  PS56S_XX
Error Count:  0
CURRENT DATE:  2025/12/12
Insert Data into PS_DATAMIN_EXPF_XX.

1 row created.


Commit complete.

Successful Export: Insert Done.
Template HRPRD-PS56S_XX successfully Exported, started at  Fri Dec 12 00:09:15 EST 2025 and finished at Fri Dec 12 00:09:48 EST 2025
----------------------------------------------------------------------------------------
Finished export of Template : PS56S_XX
----------------------------------------------------------------------------------------
#########################################################################################
Beginning export of Template : PS5E2_XX
#########################################################################################
 
=> ( 1 ) PERX0056E2_H_XX : Get History Record Counts

1 row created.


Commit complete.

..Get TableSpace, Index & Index TableSpace

1 row created.


Commit complete.


Export: Release 19.0.0.0.0 - Production on Fri Dec 12 00:09:48 2025
Version 19.27.0.0.0

Copyright (c) 1982, 2019, Oracle and/or its affiliates.  All rights reserved.

Connected to: Oracle Database 19c Enterprise Edition Release 19.0.0.0.0 - Production
FLASHBACK automatically enabled to preserve database integrity.
Starting "SYS"."SYS_EXPORT_TABLE_03":  userid="/******** AS SYSDBA" directory=PS5E2_XX_HR dumpfile=PS5E2_XX_11-12-2025_1995_2000_01-May-2023_01-Mar-2024_HR_%U.dmp logfile=PS5E2_XX_11-12-2025_1995_2000_01-May-2023_01-Mar-2024_HR.log parallel=18 EXCLUDE=statistics EXCLUDE=TRIGGER ENCRYPTION=ALL ENCRYPTION_MODE=DUAL ENCRYPTION_ALGORITHM=AES256 ENCRYPTION_PASSWORD=******** FILESIZE=10G COMPRESSION=ALL TABLES=SYSADM.PS_PERX0056E2_H_XX QUERY=SYSADM.PS_PERX0056E2_H_XX:"WHERE PSARCH_ID='PS5E2_XX' AND PSARCH_BATCHNUM||PSARCH_ID IN (SELECT PSARCH_BATCHNUM||PSARCH_ID FROM SYSADM.PSARCHBATCH WHERE PSARCH_DTTM >= '01-May-2023' AND PSARCH_DTTM < '01-Mar-2024')" 
Processing object type TABLE_EXPORT/TABLE/PROCACT_INSTANCE
Processing object type TABLE_EXPORT/TABLE/TABLE_DATA
. . exported "SYSADM"."PS_PERX0056E2_H_XX"                   0 KB       0 rows
Processing object type TABLE_EXPORT/TABLE/TABLE
Processing object type TABLE_EXPORT/TABLE/GRANT/OWNER_GRANT/OBJECT_GRANT
Processing object type TABLE_EXPORT/TABLE/INDEX/INDEX
Master table "SYS"."SYS_EXPORT_TABLE_03" successfully loaded/unloaded
******************************************************************************
Dump file set for SYS.SYS_EXPORT_TABLE_03 is:
  /backup/data_arch/PS5E2_XX/HR/PS5E2_XX_11-12-2025_1995_2000_01-May-2023_01-Mar-2024_HR_01.dmp
  /backup/data_arch/PS5E2_XX/HR/PS5E2_XX_11-12-2025_1995_2000_01-May-2023_01-Mar-2024_HR_02.dmp
  /backup/data_arch/PS5E2_XX/HR/PS5E2_XX_11-12-2025_1995_2000_01-May-2023_01-Mar-2024_HR_03.dmp
  /backup/data_arch/PS5E2_XX/HR/PS5E2_XX_11-12-2025_1995_2000_01-May-2023_01-Mar-2024_HR_04.dmp
  /backup/data_arch/PS5E2_XX/HR/PS5E2_XX_11-12-2025_1995_2000_01-May-2023_01-Mar-2024_HR_05.dmp
  /backup/data_arch/PS5E2_XX/HR/PS5E2_XX_11-12-2025_1995_2000_01-May-2023_01-Mar-2024_HR_06.dmp
  /backup/data_arch/PS5E2_XX/HR/PS5E2_XX_11-12-2025_1995_2000_01-May-2023_01-Mar-2024_HR_07.dmp
  /backup/data_arch/PS5E2_XX/HR/PS5E2_XX_11-12-2025_1995_2000_01-May-2023_01-Mar-2024_HR_08.dmp
  /backup/data_arch/PS5E2_XX/HR/PS5E2_XX_11-12-2025_1995_2000_01-May-2023_01-Mar-2024_HR_09.dmp
Job "SYS"."SYS_EXPORT_TABLE_03" successfully completed at Fri Dec 12 00:10:18 2025 elapsed 0 00:00:29

TEMPLATE_NAME:  PS5E2_XX
Error Count:  0
CURRENT DATE:  2025/12/12
Insert Data into PS_DATAMIN_EXPF_XX.

1 row created.


Commit complete.

Successful Export: Insert Done.
Template HRPRD-PS5E2_XX successfully Exported, started at  Fri Dec 12 00:09:48 EST 2025 and finished at Fri Dec 12 00:10:21 EST 2025
----------------------------------------------------------------------------------------
Finished export of Template : PS5E2_XX
----------------------------------------------------------------------------------------
#########################################################################################
Beginning export of Template : PS5E3_XX
#########################################################################################
 
=> ( 1 ) PERX0056E3_H_XX : Get History Record Counts

1 row created.


Commit complete.

..Get TableSpace, Index & Index TableSpace

1 row created.


Commit complete.


Export: Release 19.0.0.0.0 - Production on Fri Dec 12 00:10:21 2025
Version 19.27.0.0.0

Copyright (c) 1982, 2019, Oracle and/or its affiliates.  All rights reserved.

Connected to: Oracle Database 19c Enterprise Edition Release 19.0.0.0.0 - Production
FLASHBACK automatically enabled to preserve database integrity.
Starting "SYS"."SYS_EXPORT_TABLE_03":  userid="/******** AS SYSDBA" directory=PS5E3_XX_HR dumpfile=PS5E3_XX_11-12-2025_1995_2000_01-May-2023_01-Mar-2024_HR_%U.dmp logfile=PS5E3_XX_11-12-2025_1995_2000_01-May-2023_01-Mar-2024_HR.log parallel=18 EXCLUDE=statistics EXCLUDE=TRIGGER ENCRYPTION=ALL ENCRYPTION_MODE=DUAL ENCRYPTION_ALGORITHM=AES256 ENCRYPTION_PASSWORD=******** FILESIZE=10G COMPRESSION=ALL TABLES=SYSADM.PS_PERX0056E3_H_XX QUERY=SYSADM.PS_PERX0056E3_H_XX:"WHERE PSARCH_ID='PS5E3_XX' AND PSARCH_BATCHNUM||PSARCH_ID IN (SELECT PSARCH_BATCHNUM||PSARCH_ID FROM SYSADM.PSARCHBATCH WHERE PSARCH_DTTM >= '01-May-2023' AND PSARCH_DTTM < '01-Mar-2024')" 
Processing object type TABLE_EXPORT/TABLE/PROCACT_INSTANCE
Processing object type TABLE_EXPORT/TABLE/TABLE_DATA
. . exported "SYSADM"."PS_PERX0056E3_H_XX"                   0 KB       0 rows
Processing object type TABLE_EXPORT/TABLE/TABLE
Processing object type TABLE_EXPORT/TABLE/GRANT/OWNER_GRANT/OBJECT_GRANT
Processing object type TABLE_EXPORT/TABLE/INDEX/INDEX
Master table "SYS"."SYS_EXPORT_TABLE_03" successfully loaded/unloaded
******************************************************************************
Dump file set for SYS.SYS_EXPORT_TABLE_03 is:
  /backup/data_arch/PS5E3_XX/HR/PS5E3_XX_11-12-2025_1995_2000_01-May-2023_01-Mar-2024_HR_01.dmp
  /backup/data_arch/PS5E3_XX/HR/PS5E3_XX_11-12-2025_1995_2000_01-May-2023_01-Mar-2024_HR_02.dmp
  /backup/data_arch/PS5E3_XX/HR/PS5E3_XX_11-12-2025_1995_2000_01-May-2023_01-Mar-2024_HR_03.dmp
  /backup/data_arch/PS5E3_XX/HR/PS5E3_XX_11-12-2025_1995_2000_01-May-2023_01-Mar-2024_HR_04.dmp
  /backup/data_arch/PS5E3_XX/HR/PS5E3_XX_11-12-2025_1995_2000_01-May-2023_01-Mar-2024_HR_05.dmp
  /backup/data_arch/PS5E3_XX/HR/PS5E3_XX_11-12-2025_1995_2000_01-May-2023_01-Mar-2024_HR_06.dmp
  /backup/data_arch/PS5E3_XX/HR/PS5E3_XX_11-12-2025_1995_2000_01-May-2023_01-Mar-2024_HR_07.dmp
  /backup/data_arch/PS5E3_XX/HR/PS5E3_XX_11-12-2025_1995_2000_01-May-2023_01-Mar-2024_HR_08.dmp
  /backup/data_arch/PS5E3_XX/HR/PS5E3_XX_11-12-2025_1995_2000_01-May-2023_01-Mar-2024_HR_09.dmp
Job "SYS"."SYS_EXPORT_TABLE_03" successfully completed at Fri Dec 12 00:10:51 2025 elapsed 0 00:00:30

TEMPLATE_NAME:  PS5E3_XX
Error Count:  0
CURRENT DATE:  2025/12/12
Insert Data into PS_DATAMIN_EXPF_XX.

1 row created.


Commit complete.

Successful Export: Insert Done.
Template HRPRD-PS5E3_XX successfully Exported, started at  Fri Dec 12 00:10:21 EST 2025 and finished at Fri Dec 12 00:10:54 EST 2025
----------------------------------------------------------------------------------------
Finished export of Template : PS5E3_XX
----------------------------------------------------------------------------------------
#########################################################################################
Beginning export of Template : PS61S_XX
#########################################################################################
 
=> ( 1 ) PERX0061ST_H_XX : Get History Record Counts

1 row created.


Commit complete.

..Get TableSpace, Index & Index TableSpace

1 row created.


Commit complete.


Export: Release 19.0.0.0.0 - Production on Fri Dec 12 00:10:55 2025
Version 19.27.0.0.0

Copyright (c) 1982, 2019, Oracle and/or its affiliates.  All rights reserved.

Connected to: Oracle Database 19c Enterprise Edition Release 19.0.0.0.0 - Production
FLASHBACK automatically enabled to preserve database integrity.
Starting "SYS"."SYS_EXPORT_TABLE_03":  userid="/******** AS SYSDBA" directory=PS61S_XX_HR dumpfile=PS61S_XX_11-12-2025_1995_2000_01-May-2023_01-Mar-2024_HR_%U.dmp logfile=PS61S_XX_11-12-2025_1995_2000_01-May-2023_01-Mar-2024_HR.log parallel=18 EXCLUDE=statistics EXCLUDE=TRIGGER ENCRYPTION=ALL ENCRYPTION_MODE=DUAL ENCRYPTION_ALGORITHM=AES256 ENCRYPTION_PASSWORD=******** FILESIZE=10G COMPRESSION=ALL TABLES=SYSADM.PS_PERX0061ST_H_XX QUERY=SYSADM.PS_PERX0061ST_H_XX:"WHERE PSARCH_ID='PS61S_XX' AND PSARCH_BATCHNUM||PSARCH_ID IN (SELECT PSARCH_BATCHNUM||PSARCH_ID FROM SYSADM.PSARCHBATCH WHERE PSARCH_DTTM >= '01-May-2023' AND PSARCH_DTTM < '01-Mar-2024')" 
Processing object type TABLE_EXPORT/TABLE/PROCACT_INSTANCE
Processing object type TABLE_EXPORT/TABLE/TABLE_DATA
. . exported "SYSADM"."PS_PERX0061ST_H_XX"                   0 KB       0 rows
Processing object type TABLE_EXPORT/TABLE/TABLE
Processing object type TABLE_EXPORT/TABLE/GRANT/OWNER_GRANT/OBJECT_GRANT
Processing object type TABLE_EXPORT/TABLE/INDEX/INDEX
Master table "SYS"."SYS_EXPORT_TABLE_03" successfully loaded/unloaded
******************************************************************************
Dump file set for SYS.SYS_EXPORT_TABLE_03 is:
  /backup/data_arch/PS61S_XX/HR/PS61S_XX_11-12-2025_1995_2000_01-May-2023_01-Mar-2024_HR_01.dmp
  /backup/data_arch/PS61S_XX/HR/PS61S_XX_11-12-2025_1995_2000_01-May-2023_01-Mar-2024_HR_02.dmp
  /backup/data_arch/PS61S_XX/HR/PS61S_XX_11-12-2025_1995_2000_01-May-2023_01-Mar-2024_HR_03.dmp
  /backup/data_arch/PS61S_XX/HR/PS61S_XX_11-12-2025_1995_2000_01-May-2023_01-Mar-2024_HR_04.dmp
  /backup/data_arch/PS61S_XX/HR/PS61S_XX_11-12-2025_1995_2000_01-May-2023_01-Mar-2024_HR_05.dmp
  /backup/data_arch/PS61S_XX/HR/PS61S_XX_11-12-2025_1995_2000_01-May-2023_01-Mar-2024_HR_06.dmp
  /backup/data_arch/PS61S_XX/HR/PS61S_XX_11-12-2025_1995_2000_01-May-2023_01-Mar-2024_HR_07.dmp
  /backup/data_arch/PS61S_XX/HR/PS61S_XX_11-12-2025_1995_2000_01-May-2023_01-Mar-2024_HR_08.dmp
  /backup/data_arch/PS61S_XX/HR/PS61S_XX_11-12-2025_1995_2000_01-May-2023_01-Mar-2024_HR_09.dmp
Job "SYS"."SYS_EXPORT_TABLE_03" successfully completed at Fri Dec 12 00:11:26 2025 elapsed 0 00:00:31

TEMPLATE_NAME:  PS61S_XX
Error Count:  0
CURRENT DATE:  2025/12/12
Insert Data into PS_DATAMIN_EXPF_XX.

1 row created.


Commit complete.

Successful Export: Insert Done.
Template HRPRD-PS61S_XX successfully Exported, started at  Fri Dec 12 00:10:55 EST 2025 and finished at Fri Dec 12 00:11:29 EST 2025
----------------------------------------------------------------------------------------
Finished export of Template : PS61S_XX
----------------------------------------------------------------------------------------
#########################################################################################
Beginning export of Template : PSBN5_XX
#########################################################################################
 
=> ( 1 ) BN55EMPSTG_H_XX : Get History Record Counts

1 row created.


Commit complete.

..Get TableSpace, Index & Index TableSpace

1 row created.


Commit complete.


Export: Release 19.0.0.0.0 - Production on Fri Dec 12 00:11:29 2025
Version 19.27.0.0.0

Copyright (c) 1982, 2019, Oracle and/or its affiliates.  All rights reserved.

Connected to: Oracle Database 19c Enterprise Edition Release 19.0.0.0.0 - Production
FLASHBACK automatically enabled to preserve database integrity.
Starting "SYS"."SYS_EXPORT_TABLE_03":  userid="/******** AS SYSDBA" directory=PSBN5_XX_HR dumpfile=PSBN5_XX_11-12-2025_1995_2000_01-May-2023_01-Mar-2024_HR_%U.dmp logfile=PSBN5_XX_11-12-2025_1995_2000_01-May-2023_01-Mar-2024_HR.log parallel=18 EXCLUDE=statistics EXCLUDE=TRIGGER ENCRYPTION=ALL ENCRYPTION_MODE=DUAL ENCRYPTION_ALGORITHM=AES256 ENCRYPTION_PASSWORD=******** FILESIZE=10G COMPRESSION=ALL TABLES=SYSADM.PS_BN55EMPSTG_H_XX QUERY=SYSADM.PS_BN55EMPSTG_H_XX:"WHERE PSARCH_ID='PSBN5_XX' AND PSARCH_BATCHNUM||PSARCH_ID IN (SELECT PSARCH_BATCHNUM||PSARCH_ID FROM SYSADM.PSARCHBATCH WHERE PSARCH_DTTM >= '01-May-2023' AND PSARCH_DTTM < '01-Mar-2024')" 
Processing object type TABLE_EXPORT/TABLE/PROCACT_INSTANCE
Processing object type TABLE_EXPORT/TABLE/TABLE_DATA
. . exported "SYSADM"."PS_BN55EMPSTG_H_XX"                   0 KB       0 rows
Processing object type TABLE_EXPORT/TABLE/TABLE
Processing object type TABLE_EXPORT/TABLE/GRANT/OWNER_GRANT/OBJECT_GRANT
Processing object type TABLE_EXPORT/TABLE/INDEX/INDEX
Master table "SYS"."SYS_EXPORT_TABLE_03" successfully loaded/unloaded
******************************************************************************
Dump file set for SYS.SYS_EXPORT_TABLE_03 is:
  /backup/data_arch/PSBN5_XX/HR/PSBN5_XX_11-12-2025_1995_2000_01-May-2023_01-Mar-2024_HR_01.dmp
  /backup/data_arch/PSBN5_XX/HR/PSBN5_XX_11-12-2025_1995_2000_01-May-2023_01-Mar-2024_HR_02.dmp
  /backup/data_arch/PSBN5_XX/HR/PSBN5_XX_11-12-2025_1995_2000_01-May-2023_01-Mar-2024_HR_03.dmp
  /backup/data_arch/PSBN5_XX/HR/PSBN5_XX_11-12-2025_1995_2000_01-May-2023_01-Mar-2024_HR_04.dmp
  /backup/data_arch/PSBN5_XX/HR/PSBN5_XX_11-12-2025_1995_2000_01-May-2023_01-Mar-2024_HR_05.dmp
  /backup/data_arch/PSBN5_XX/HR/PSBN5_XX_11-12-2025_1995_2000_01-May-2023_01-Mar-2024_HR_06.dmp
  /backup/data_arch/PSBN5_XX/HR/PSBN5_XX_11-12-2025_1995_2000_01-May-2023_01-Mar-2024_HR_07.dmp
  /backup/data_arch/PSBN5_XX/HR/PSBN5_XX_11-12-2025_1995_2000_01-May-2023_01-Mar-2024_HR_08.dmp
  /backup/data_arch/PSBN5_XX/HR/PSBN5_XX_11-12-2025_1995_2000_01-May-2023_01-Mar-2024_HR_09.dmp
Job "SYS"."SYS_EXPORT_TABLE_03" successfully completed at Fri Dec 12 00:11:59 2025 elapsed 0 00:00:29

TEMPLATE_NAME:  PSBN5_XX
Error Count:  0
CURRENT DATE:  2025/12/12
Insert Data into PS_DATAMIN_EXPF_XX.

1 row created.


Commit complete.

Successful Export: Insert Done.
Template HRPRD-PSBN5_XX successfully Exported, started at  Fri Dec 12 00:11:29 EST 2025 and finished at Fri Dec 12 00:12:02 EST 2025
----------------------------------------------------------------------------------------
Finished export of Template : PSBN5_XX
----------------------------------------------------------------------------------------
#########################################################################################
Beginning export of Template : PSBNP_XX
#########################################################################################
 
=> ( 1 ) BN55PAYTM1_H_XX : Get History Record Counts

1 row created.


Commit complete.

..Get TableSpace, Index & Index TableSpace

1 row created.


Commit complete.


Export: Release 19.0.0.0.0 - Production on Fri Dec 12 00:12:03 2025
Version 19.27.0.0.0

Copyright (c) 1982, 2019, Oracle and/or its affiliates.  All rights reserved.

Connected to: Oracle Database 19c Enterprise Edition Release 19.0.0.0.0 - Production
FLASHBACK automatically enabled to preserve database integrity.
Starting "SYS"."SYS_EXPORT_TABLE_03":  userid="/******** AS SYSDBA" directory=PSBNP_XX_HR dumpfile=PSBNP_XX_11-12-2025_1995_2000_01-May-2023_01-Mar-2024_HR_%U.dmp logfile=PSBNP_XX_11-12-2025_1995_2000_01-May-2023_01-Mar-2024_HR.log parallel=18 EXCLUDE=statistics EXCLUDE=TRIGGER ENCRYPTION=ALL ENCRYPTION_MODE=DUAL ENCRYPTION_ALGORITHM=AES256 ENCRYPTION_PASSWORD=******** FILESIZE=10G COMPRESSION=ALL TABLES=SYSADM.PS_BN55PAYTM1_H_XX QUERY=SYSADM.PS_BN55PAYTM1_H_XX:"WHERE PSARCH_ID='PSBNP_XX' AND PSARCH_BATCHNUM||PSARCH_ID IN (SELECT PSARCH_BATCHNUM||PSARCH_ID FROM SYSADM.PSARCHBATCH WHERE PSARCH_DTTM >= '01-May-2023' AND PSARCH_DTTM < '01-Mar-2024')" 
Processing object type TABLE_EXPORT/TABLE/PROCACT_INSTANCE
Processing object type TABLE_EXPORT/TABLE/TABLE_DATA
. . exported "SYSADM"."PS_BN55PAYTM1_H_XX"                   0 KB       0 rows
Processing object type TABLE_EXPORT/TABLE/TABLE
Processing object type TABLE_EXPORT/TABLE/GRANT/OWNER_GRANT/OBJECT_GRANT
Processing object type TABLE_EXPORT/TABLE/INDEX/INDEX
Master table "SYS"."SYS_EXPORT_TABLE_03" successfully loaded/unloaded
******************************************************************************
Dump file set for SYS.SYS_EXPORT_TABLE_03 is:
  /backup/data_arch/PSBNP_XX/HR/PSBNP_XX_11-12-2025_1995_2000_01-May-2023_01-Mar-2024_HR_01.dmp
  /backup/data_arch/PSBNP_XX/HR/PSBNP_XX_11-12-2025_1995_2000_01-May-2023_01-Mar-2024_HR_02.dmp
  /backup/data_arch/PSBNP_XX/HR/PSBNP_XX_11-12-2025_1995_2000_01-May-2023_01-Mar-2024_HR_03.dmp
  /backup/data_arch/PSBNP_XX/HR/PSBNP_XX_11-12-2025_1995_2000_01-May-2023_01-Mar-2024_HR_04.dmp
  /backup/data_arch/PSBNP_XX/HR/PSBNP_XX_11-12-2025_1995_2000_01-May-2023_01-Mar-2024_HR_05.dmp
  /backup/data_arch/PSBNP_XX/HR/PSBNP_XX_11-12-2025_1995_2000_01-May-2023_01-Mar-2024_HR_06.dmp
  /backup/data_arch/PSBNP_XX/HR/PSBNP_XX_11-12-2025_1995_2000_01-May-2023_01-Mar-2024_HR_07.dmp
  /backup/data_arch/PSBNP_XX/HR/PSBNP_XX_11-12-2025_1995_2000_01-May-2023_01-Mar-2024_HR_08.dmp
  /backup/data_arch/PSBNP_XX/HR/PSBNP_XX_11-12-2025_1995_2000_01-May-2023_01-Mar-2024_HR_09.dmp
Job "SYS"."SYS_EXPORT_TABLE_03" successfully completed at Fri Dec 12 00:12:34 2025 elapsed 0 00:00:31

TEMPLATE_NAME:  PSBNP_XX
Error Count:  0
CURRENT DATE:  2025/12/12
Insert Data into PS_DATAMIN_EXPF_XX.

1 row created.


Commit complete.

Successful Export: Insert Done.
Template HRPRD-PSBNP_XX successfully Exported, started at  Fri Dec 12 00:12:03 EST 2025 and finished at Fri Dec 12 00:12:36 EST 2025
----------------------------------------------------------------------------------------
Finished export of Template : PSBNP_XX
----------------------------------------------------------------------------------------
#########################################################################################
Beginning export of Template : PSCNC_XX
#########################################################################################
 
=> ( 1 ) CNCRSAETBL_H_XX : Get History Record Counts

1 row created.


Commit complete.

..Get TableSpace, Index & Index TableSpace

3 rows created.


Commit complete.


Export: Release 19.0.0.0.0 - Production on Fri Dec 12 00:12:36 2025
Version 19.27.0.0.0

Copyright (c) 1982, 2019, Oracle and/or its affiliates.  All rights reserved.

Connected to: Oracle Database 19c Enterprise Edition Release 19.0.0.0.0 - Production
FLASHBACK automatically enabled to preserve database integrity.
Starting "SYS"."SYS_EXPORT_TABLE_03":  userid="/******** AS SYSDBA" directory=PSCNC_XX_HR dumpfile=PSCNC_XX_11-12-2025_1995_2000_01-May-2023_01-Mar-2024_HR_%U.dmp logfile=PSCNC_XX_11-12-2025_1995_2000_01-May-2023_01-Mar-2024_HR.log parallel=18 EXCLUDE=statistics EXCLUDE=TRIGGER ENCRYPTION=ALL ENCRYPTION_MODE=DUAL ENCRYPTION_ALGORITHM=AES256 ENCRYPTION_PASSWORD=******** FILESIZE=10G COMPRESSION=ALL TABLES=SYSADM.PS_CNCRSAETBL_H_XX QUERY=SYSADM.PS_CNCRSAETBL_H_XX:"WHERE PSARCH_ID='PSCNC_XX' AND PSARCH_BATCHNUM||PSARCH_ID IN (SELECT PSARCH_BATCHNUM||PSARCH_ID FROM SYSADM.PSARCHBATCH WHERE PSARCH_DTTM >= '01-May-2023' AND PSARCH_DTTM < '01-Mar-2024')" 
Processing object type TABLE_EXPORT/TABLE/PROCACT_INSTANCE
Processing object type TABLE_EXPORT/TABLE/TABLE_DATA
. . exported "SYSADM"."PS_CNCRSAETBL_H_XX"                   0 KB       0 rows
Processing object type TABLE_EXPORT/TABLE/TABLE
Processing object type TABLE_EXPORT/TABLE/GRANT/OWNER_GRANT/OBJECT_GRANT
Processing object type TABLE_EXPORT/TABLE/INDEX/INDEX
Master table "SYS"."SYS_EXPORT_TABLE_03" successfully loaded/unloaded
******************************************************************************
Dump file set for SYS.SYS_EXPORT_TABLE_03 is:
  /backup/data_arch/PSCNC_XX/HR/PSCNC_XX_11-12-2025_1995_2000_01-May-2023_01-Mar-2024_HR_01.dmp
  /backup/data_arch/PSCNC_XX/HR/PSCNC_XX_11-12-2025_1995_2000_01-May-2023_01-Mar-2024_HR_02.dmp
  /backup/data_arch/PSCNC_XX/HR/PSCNC_XX_11-12-2025_1995_2000_01-May-2023_01-Mar-2024_HR_03.dmp
  /backup/data_arch/PSCNC_XX/HR/PSCNC_XX_11-12-2025_1995_2000_01-May-2023_01-Mar-2024_HR_04.dmp
  /backup/data_arch/PSCNC_XX/HR/PSCNC_XX_11-12-2025_1995_2000_01-May-2023_01-Mar-2024_HR_05.dmp
  /backup/data_arch/PSCNC_XX/HR/PSCNC_XX_11-12-2025_1995_2000_01-May-2023_01-Mar-2024_HR_06.dmp
  /backup/data_arch/PSCNC_XX/HR/PSCNC_XX_11-12-2025_1995_2000_01-May-2023_01-Mar-2024_HR_07.dmp
  /backup/data_arch/PSCNC_XX/HR/PSCNC_XX_11-12-2025_1995_2000_01-May-2023_01-Mar-2024_HR_08.dmp
  /backup/data_arch/PSCNC_XX/HR/PSCNC_XX_11-12-2025_1995_2000_01-May-2023_01-Mar-2024_HR_09.dmp
Job "SYS"."SYS_EXPORT_TABLE_03" successfully completed at Fri Dec 12 00:13:07 2025 elapsed 0 00:00:30

TEMPLATE_NAME:  PSCNC_XX
Error Count:  0
CURRENT DATE:  2025/12/12
Insert Data into PS_DATAMIN_EXPF_XX.

1 row created.


Commit complete.

Successful Export: Insert Done.
Template HRPRD-PSCNC_XX successfully Exported, started at  Fri Dec 12 00:12:36 EST 2025 and finished at Fri Dec 12 00:13:10 EST 2025
----------------------------------------------------------------------------------------
Finished export of Template : PSCNC_XX
----------------------------------------------------------------------------------------
#########################################################################################
Beginning export of Template : PSDAT_XX
#########################################################################################
 
=> ( 1 ) DATACHGFIL_H_XX : Get History Record Counts

1 row created.


Commit complete.

..Get TableSpace, Index & Index TableSpace

1 row created.


Commit complete.


Export: Release 19.0.0.0.0 - Production on Fri Dec 12 00:13:10 2025
Version 19.27.0.0.0

Copyright (c) 1982, 2019, Oracle and/or its affiliates.  All rights reserved.

Connected to: Oracle Database 19c Enterprise Edition Release 19.0.0.0.0 - Production
FLASHBACK automatically enabled to preserve database integrity.
Starting "SYS"."SYS_EXPORT_TABLE_03":  userid="/******** AS SYSDBA" directory=PSDAT_XX_HR dumpfile=PSDAT_XX_11-12-2025_1995_2000_01-May-2023_01-Mar-2024_HR_%U.dmp logfile=PSDAT_XX_11-12-2025_1995_2000_01-May-2023_01-Mar-2024_HR.log parallel=18 EXCLUDE=statistics EXCLUDE=TRIGGER ENCRYPTION=ALL ENCRYPTION_MODE=DUAL ENCRYPTION_ALGORITHM=AES256 ENCRYPTION_PASSWORD=******** FILESIZE=10G COMPRESSION=ALL TABLES=SYSADM.PS_DATACHGFIL_H_XX QUERY=SYSADM.PS_DATACHGFIL_H_XX:"WHERE PSARCH_ID='PSDAT_XX' AND PSARCH_BATCHNUM||PSARCH_ID IN (SELECT PSARCH_BATCHNUM||PSARCH_ID FROM SYSADM.PSARCHBATCH WHERE PSARCH_DTTM >= '01-May-2023' AND PSARCH_DTTM < '01-Mar-2024')" 
Processing object type TABLE_EXPORT/TABLE/PROCACT_INSTANCE
Processing object type TABLE_EXPORT/TABLE/TABLE_DATA
. . exported "SYSADM"."PS_DATACHGFIL_H_XX"                   0 KB       0 rows
Processing object type TABLE_EXPORT/TABLE/TABLE
Processing object type TABLE_EXPORT/TABLE/GRANT/OWNER_GRANT/OBJECT_GRANT
Processing object type TABLE_EXPORT/TABLE/INDEX/INDEX
Master table "SYS"."SYS_EXPORT_TABLE_03" successfully loaded/unloaded
******************************************************************************
Dump file set for SYS.SYS_EXPORT_TABLE_03 is:
  /backup/data_arch/PSDAT_XX/HR/PSDAT_XX_11-12-2025_1995_2000_01-May-2023_01-Mar-2024_HR_01.dmp
  /backup/data_arch/PSDAT_XX/HR/PSDAT_XX_11-12-2025_1995_2000_01-May-2023_01-Mar-2024_HR_02.dmp
  /backup/data_arch/PSDAT_XX/HR/PSDAT_XX_11-12-2025_1995_2000_01-May-2023_01-Mar-2024_HR_03.dmp
  /backup/data_arch/PSDAT_XX/HR/PSDAT_XX_11-12-2025_1995_2000_01-May-2023_01-Mar-2024_HR_04.dmp
  /backup/data_arch/PSDAT_XX/HR/PSDAT_XX_11-12-2025_1995_2000_01-May-2023_01-Mar-2024_HR_05.dmp
  /backup/data_arch/PSDAT_XX/HR/PSDAT_XX_11-12-2025_1995_2000_01-May-2023_01-Mar-2024_HR_06.dmp
  /backup/data_arch/PSDAT_XX/HR/PSDAT_XX_11-12-2025_1995_2000_01-May-2023_01-Mar-2024_HR_07.dmp
  /backup/data_arch/PSDAT_XX/HR/PSDAT_XX_11-12-2025_1995_2000_01-May-2023_01-Mar-2024_HR_08.dmp
  /backup/data_arch/PSDAT_XX/HR/PSDAT_XX_11-12-2025_1995_2000_01-May-2023_01-Mar-2024_HR_09.dmp
Job "SYS"."SYS_EXPORT_TABLE_03" successfully completed at Fri Dec 12 00:13:41 2025 elapsed 0 00:00:30

TEMPLATE_NAME:  PSDAT_XX
Error Count:  0
CURRENT DATE:  2025/12/12
Insert Data into PS_DATAMIN_EXPF_XX.

1 row created.


Commit complete.

Successful Export: Insert Done.
Template HRPRD-PSDAT_XX successfully Exported, started at  Fri Dec 12 00:13:10 EST 2025 and finished at Fri Dec 12 00:13:44 EST 2025
----------------------------------------------------------------------------------------
Finished export of Template : PSDAT_XX
----------------------------------------------------------------------------------------
#########################################################################################
Beginning export of Template : PSE48_XX
#########################################################################################
 
=> ( 1 ) PERX0048ER_H_XX : Get History Record Counts

1 row created.


Commit complete.

..Get TableSpace, Index & Index TableSpace

1 row created.


Commit complete.


Export: Release 19.0.0.0.0 - Production on Fri Dec 12 00:13:44 2025
Version 19.27.0.0.0

Copyright (c) 1982, 2019, Oracle and/or its affiliates.  All rights reserved.

Connected to: Oracle Database 19c Enterprise Edition Release 19.0.0.0.0 - Production
FLASHBACK automatically enabled to preserve database integrity.
Starting "SYS"."SYS_EXPORT_TABLE_03":  userid="/******** AS SYSDBA" directory=PSE48_XX_HR dumpfile=PSE48_XX_11-12-2025_1995_2000_01-May-2023_01-Mar-2024_HR_%U.dmp logfile=PSE48_XX_11-12-2025_1995_2000_01-May-2023_01-Mar-2024_HR.log parallel=18 EXCLUDE=statistics EXCLUDE=TRIGGER ENCRYPTION=ALL ENCRYPTION_MODE=DUAL ENCRYPTION_ALGORITHM=AES256 ENCRYPTION_PASSWORD=******** FILESIZE=10G COMPRESSION=ALL TABLES=SYSADM.PS_PERX0048ER_H_XX QUERY=SYSADM.PS_PERX0048ER_H_XX:"WHERE PSARCH_ID='PSE48_XX' AND PSARCH_BATCHNUM||PSARCH_ID IN (SELECT PSARCH_BATCHNUM||PSARCH_ID FROM SYSADM.PSARCHBATCH WHERE PSARCH_DTTM >= '01-May-2023' AND PSARCH_DTTM < '01-Mar-2024')" 
Processing object type TABLE_EXPORT/TABLE/PROCACT_INSTANCE
Processing object type TABLE_EXPORT/TABLE/TABLE_DATA
. . exported "SYSADM"."PS_PERX0048ER_H_XX"                   0 KB       0 rows
Processing object type TABLE_EXPORT/TABLE/TABLE
Processing object type TABLE_EXPORT/TABLE/GRANT/OWNER_GRANT/OBJECT_GRANT
Processing object type TABLE_EXPORT/TABLE/INDEX/INDEX
Master table "SYS"."SYS_EXPORT_TABLE_03" successfully loaded/unloaded
******************************************************************************
Dump file set for SYS.SYS_EXPORT_TABLE_03 is:
  /backup/data_arch/PSE48_XX/HR/PSE48_XX_11-12-2025_1995_2000_01-May-2023_01-Mar-2024_HR_01.dmp
  /backup/data_arch/PSE48_XX/HR/PSE48_XX_11-12-2025_1995_2000_01-May-2023_01-Mar-2024_HR_02.dmp
  /backup/data_arch/PSE48_XX/HR/PSE48_XX_11-12-2025_1995_2000_01-May-2023_01-Mar-2024_HR_03.dmp
  /backup/data_arch/PSE48_XX/HR/PSE48_XX_11-12-2025_1995_2000_01-May-2023_01-Mar-2024_HR_04.dmp
  /backup/data_arch/PSE48_XX/HR/PSE48_XX_11-12-2025_1995_2000_01-May-2023_01-Mar-2024_HR_05.dmp
  /backup/data_arch/PSE48_XX/HR/PSE48_XX_11-12-2025_1995_2000_01-May-2023_01-Mar-2024_HR_06.dmp
  /backup/data_arch/PSE48_XX/HR/PSE48_XX_11-12-2025_1995_2000_01-May-2023_01-Mar-2024_HR_07.dmp
  /backup/data_arch/PSE48_XX/HR/PSE48_XX_11-12-2025_1995_2000_01-May-2023_01-Mar-2024_HR_08.dmp
  /backup/data_arch/PSE48_XX/HR/PSE48_XX_11-12-2025_1995_2000_01-May-2023_01-Mar-2024_HR_09.dmp
Job "SYS"."SYS_EXPORT_TABLE_03" successfully completed at Fri Dec 12 00:14:14 2025 elapsed 0 00:00:29

TEMPLATE_NAME:  PSE48_XX
Error Count:  0
CURRENT DATE:  2025/12/12
Insert Data into PS_DATAMIN_EXPF_XX.

1 row created.


Commit complete.

Successful Export: Insert Done.
Template HRPRD-PSE48_XX successfully Exported, started at  Fri Dec 12 00:13:44 EST 2025 and finished at Fri Dec 12 00:14:18 EST 2025
----------------------------------------------------------------------------------------
Finished export of Template : PSE48_XX
----------------------------------------------------------------------------------------
#########################################################################################
Beginning export of Template : PSEMP_XX
#########################################################################################
 
=> ( 1 ) EMPLMT_WL_H_XX : Get History Record Counts

1 row created.


Commit complete.

..Get TableSpace, Index & Index TableSpace

1 row created.


Commit complete.


Export: Release 19.0.0.0.0 - Production on Fri Dec 12 00:14:19 2025
Version 19.27.0.0.0

Copyright (c) 1982, 2019, Oracle and/or its affiliates.  All rights reserved.

Connected to: Oracle Database 19c Enterprise Edition Release 19.0.0.0.0 - Production
FLASHBACK automatically enabled to preserve database integrity.
Starting "SYS"."SYS_EXPORT_TABLE_03":  userid="/******** AS SYSDBA" directory=PSEMP_XX_HR dumpfile=PSEMP_XX_11-12-2025_1995_2000_01-May-2023_01-Mar-2024_HR_%U.dmp logfile=PSEMP_XX_11-12-2025_1995_2000_01-May-2023_01-Mar-2024_HR.log parallel=18 EXCLUDE=statistics EXCLUDE=TRIGGER ENCRYPTION=ALL ENCRYPTION_MODE=DUAL ENCRYPTION_ALGORITHM=AES256 ENCRYPTION_PASSWORD=******** FILESIZE=10G COMPRESSION=ALL TABLES=SYSADM.PS_EMPLMT_WL_H_XX QUERY=SYSADM.PS_EMPLMT_WL_H_XX:"WHERE PSARCH_ID='PSEMP_XX' AND PSARCH_BATCHNUM||PSARCH_ID IN (SELECT PSARCH_BATCHNUM||PSARCH_ID FROM SYSADM.PSARCHBATCH WHERE PSARCH_DTTM >= '01-May-2023' AND PSARCH_DTTM < '01-Mar-2024')" 
Processing object type TABLE_EXPORT/TABLE/PROCACT_INSTANCE
Processing object type TABLE_EXPORT/TABLE/TABLE_DATA
. . exported "SYSADM"."PS_EMPLMT_WL_H_XX"                    0 KB       0 rows
Processing object type TABLE_EXPORT/TABLE/TABLE
Processing object type TABLE_EXPORT/TABLE/GRANT/OWNER_GRANT/OBJECT_GRANT
Processing object type TABLE_EXPORT/TABLE/INDEX/INDEX
Master table "SYS"."SYS_EXPORT_TABLE_03" successfully loaded/unloaded
******************************************************************************
Dump file set for SYS.SYS_EXPORT_TABLE_03 is:
  /backup/data_arch/PSEMP_XX/HR/PSEMP_XX_11-12-2025_1995_2000_01-May-2023_01-Mar-2024_HR_01.dmp
  /backup/data_arch/PSEMP_XX/HR/PSEMP_XX_11-12-2025_1995_2000_01-May-2023_01-Mar-2024_HR_02.dmp
  /backup/data_arch/PSEMP_XX/HR/PSEMP_XX_11-12-2025_1995_2000_01-May-2023_01-Mar-2024_HR_03.dmp
  /backup/data_arch/PSEMP_XX/HR/PSEMP_XX_11-12-2025_1995_2000_01-May-2023_01-Mar-2024_HR_04.dmp
  /backup/data_arch/PSEMP_XX/HR/PSEMP_XX_11-12-2025_1995_2000_01-May-2023_01-Mar-2024_HR_05.dmp
  /backup/data_arch/PSEMP_XX/HR/PSEMP_XX_11-12-2025_1995_2000_01-May-2023_01-Mar-2024_HR_06.dmp
  /backup/data_arch/PSEMP_XX/HR/PSEMP_XX_11-12-2025_1995_2000_01-May-2023_01-Mar-2024_HR_07.dmp
  /backup/data_arch/PSEMP_XX/HR/PSEMP_XX_11-12-2025_1995_2000_01-May-2023_01-Mar-2024_HR_08.dmp
  /backup/data_arch/PSEMP_XX/HR/PSEMP_XX_11-12-2025_1995_2000_01-May-2023_01-Mar-2024_HR_09.dmp
Job "SYS"."SYS_EXPORT_TABLE_03" successfully completed at Fri Dec 12 00:14:49 2025 elapsed 0 00:00:30

TEMPLATE_NAME:  PSEMP_XX
Error Count:  0
CURRENT DATE:  2025/12/12
Insert Data into PS_DATAMIN_EXPF_XX.

1 row created.


Commit complete.

Successful Export: Insert Done.
Template HRPRD-PSEMP_XX successfully Exported, started at  Fri Dec 12 00:14:19 EST 2025 and finished at Fri Dec 12 00:14:52 EST 2025
----------------------------------------------------------------------------------------
Finished export of Template : PSEMP_XX
----------------------------------------------------------------------------------------
#########################################################################################
Beginning export of Template : PSHCS_XX
#########################################################################################
 
=> ( 1 ) HCSCUSTEPA_H_XX : Get History Record Counts

1 row created.


Commit complete.

..Get TableSpace, Index & Index TableSpace

1 row created.


Commit complete.


Export: Release 19.0.0.0.0 - Production on Fri Dec 12 00:14:52 2025
Version 19.27.0.0.0

Copyright (c) 1982, 2019, Oracle and/or its affiliates.  All rights reserved.

Connected to: Oracle Database 19c Enterprise Edition Release 19.0.0.0.0 - Production
FLASHBACK automatically enabled to preserve database integrity.
Starting "SYS"."SYS_EXPORT_TABLE_03":  userid="/******** AS SYSDBA" directory=PSHCS_XX_HR dumpfile=PSHCS_XX_11-12-2025_1995_2000_01-May-2023_01-Mar-2024_HR_%U.dmp logfile=PSHCS_XX_11-12-2025_1995_2000_01-May-2023_01-Mar-2024_HR.log parallel=18 EXCLUDE=statistics EXCLUDE=TRIGGER ENCRYPTION=ALL ENCRYPTION_MODE=DUAL ENCRYPTION_ALGORITHM=AES256 ENCRYPTION_PASSWORD=******** FILESIZE=10G COMPRESSION=ALL TABLES=SYSADM.PS_HCSCUSTEPA_H_XX QUERY=SYSADM.PS_HCSCUSTEPA_H_XX:"WHERE PSARCH_ID='PSHCS_XX' AND PSARCH_BATCHNUM||PSARCH_ID IN (SELECT PSARCH_BATCHNUM||PSARCH_ID FROM SYSADM.PSARCHBATCH WHERE PSARCH_DTTM >= '01-May-2023' AND PSARCH_DTTM < '01-Mar-2024')" 
Processing object type TABLE_EXPORT/TABLE/PROCACT_INSTANCE
Processing object type TABLE_EXPORT/TABLE/TABLE_DATA
. . exported "SYSADM"."PS_HCSCUSTEPA_H_XX"                   0 KB       0 rows
Processing object type TABLE_EXPORT/TABLE/TABLE
Processing object type TABLE_EXPORT/TABLE/GRANT/OWNER_GRANT/OBJECT_GRANT
Processing object type TABLE_EXPORT/TABLE/INDEX/INDEX
Master table "SYS"."SYS_EXPORT_TABLE_03" successfully loaded/unloaded
******************************************************************************
Dump file set for SYS.SYS_EXPORT_TABLE_03 is:
  /backup/data_arch/PSHCS_XX/HR/PSHCS_XX_11-12-2025_1995_2000_01-May-2023_01-Mar-2024_HR_01.dmp
  /backup/data_arch/PSHCS_XX/HR/PSHCS_XX_11-12-2025_1995_2000_01-May-2023_01-Mar-2024_HR_02.dmp
  /backup/data_arch/PSHCS_XX/HR/PSHCS_XX_11-12-2025_1995_2000_01-May-2023_01-Mar-2024_HR_03.dmp
  /backup/data_arch/PSHCS_XX/HR/PSHCS_XX_11-12-2025_1995_2000_01-May-2023_01-Mar-2024_HR_04.dmp
  /backup/data_arch/PSHCS_XX/HR/PSHCS_XX_11-12-2025_1995_2000_01-May-2023_01-Mar-2024_HR_05.dmp
  /backup/data_arch/PSHCS_XX/HR/PSHCS_XX_11-12-2025_1995_2000_01-May-2023_01-Mar-2024_HR_06.dmp
  /backup/data_arch/PSHCS_XX/HR/PSHCS_XX_11-12-2025_1995_2000_01-May-2023_01-Mar-2024_HR_07.dmp
  /backup/data_arch/PSHCS_XX/HR/PSHCS_XX_11-12-2025_1995_2000_01-May-2023_01-Mar-2024_HR_08.dmp
  /backup/data_arch/PSHCS_XX/HR/PSHCS_XX_11-12-2025_1995_2000_01-May-2023_01-Mar-2024_HR_09.dmp
Job "SYS"."SYS_EXPORT_TABLE_03" successfully completed at Fri Dec 12 00:15:22 2025 elapsed 0 00:00:29

TEMPLATE_NAME:  PSHCS_XX
Error Count:  0
CURRENT DATE:  2025/12/12
Insert Data into PS_DATAMIN_EXPF_XX.

1 row created.


Commit complete.

Successful Export: Insert Done.
Template HRPRD-PSHCS_XX successfully Exported, started at  Fri Dec 12 00:14:52 EST 2025 and finished at Fri Dec 12 00:15:26 EST 2025
----------------------------------------------------------------------------------------
Finished export of Template : PSHCS_XX
----------------------------------------------------------------------------------------
#########################################################################################
Beginning export of Template : PSHRU_XX
#########################################################################################
 
=> ( 1 ) HRUSRIDDUP_H_XX : Get History Record Counts

1 row created.


Commit complete.

..Get TableSpace, Index & Index TableSpace

1 row created.


Commit complete.


Export: Release 19.0.0.0.0 - Production on Fri Dec 12 00:15:26 2025
Version 19.27.0.0.0

Copyright (c) 1982, 2019, Oracle and/or its affiliates.  All rights reserved.

Connected to: Oracle Database 19c Enterprise Edition Release 19.0.0.0.0 - Production
FLASHBACK automatically enabled to preserve database integrity.
Starting "SYS"."SYS_EXPORT_TABLE_03":  userid="/******** AS SYSDBA" directory=PSHRU_XX_HR dumpfile=PSHRU_XX_11-12-2025_1995_2000_01-May-2023_01-Mar-2024_HR_%U.dmp logfile=PSHRU_XX_11-12-2025_1995_2000_01-May-2023_01-Mar-2024_HR.log parallel=18 EXCLUDE=statistics EXCLUDE=TRIGGER ENCRYPTION=ALL ENCRYPTION_MODE=DUAL ENCRYPTION_ALGORITHM=AES256 ENCRYPTION_PASSWORD=******** FILESIZE=10G COMPRESSION=ALL TABLES=SYSADM.PS_HRUSRIDDUP_H_XX QUERY=SYSADM.PS_HRUSRIDDUP_H_XX:"WHERE PSARCH_ID='PSHRU_XX' AND PSARCH_BATCHNUM||PSARCH_ID IN (SELECT PSARCH_BATCHNUM||PSARCH_ID FROM SYSADM.PSARCHBATCH WHERE PSARCH_DTTM >= '01-May-2023' AND PSARCH_DTTM < '01-Mar-2024')" 
Processing object type TABLE_EXPORT/TABLE/PROCACT_INSTANCE
Processing object type TABLE_EXPORT/TABLE/TABLE_DATA
. . exported "SYSADM"."PS_HRUSRIDDUP_H_XX"                   0 KB       0 rows
Processing object type TABLE_EXPORT/TABLE/TABLE
Processing object type TABLE_EXPORT/TABLE/GRANT/OWNER_GRANT/OBJECT_GRANT
Processing object type TABLE_EXPORT/TABLE/INDEX/INDEX
Master table "SYS"."SYS_EXPORT_TABLE_03" successfully loaded/unloaded
******************************************************************************
Dump file set for SYS.SYS_EXPORT_TABLE_03 is:
  /backup/data_arch/PSHRU_XX/HR/PSHRU_XX_11-12-2025_1995_2000_01-May-2023_01-Mar-2024_HR_01.dmp
  /backup/data_arch/PSHRU_XX/HR/PSHRU_XX_11-12-2025_1995_2000_01-May-2023_01-Mar-2024_HR_02.dmp
  /backup/data_arch/PSHRU_XX/HR/PSHRU_XX_11-12-2025_1995_2000_01-May-2023_01-Mar-2024_HR_03.dmp
  /backup/data_arch/PSHRU_XX/HR/PSHRU_XX_11-12-2025_1995_2000_01-May-2023_01-Mar-2024_HR_04.dmp
  /backup/data_arch/PSHRU_XX/HR/PSHRU_XX_11-12-2025_1995_2000_01-May-2023_01-Mar-2024_HR_05.dmp
  /backup/data_arch/PSHRU_XX/HR/PSHRU_XX_11-12-2025_1995_2000_01-May-2023_01-Mar-2024_HR_06.dmp
  /backup/data_arch/PSHRU_XX/HR/PSHRU_XX_11-12-2025_1995_2000_01-May-2023_01-Mar-2024_HR_07.dmp
  /backup/data_arch/PSHRU_XX/HR/PSHRU_XX_11-12-2025_1995_2000_01-May-2023_01-Mar-2024_HR_08.dmp
  /backup/data_arch/PSHRU_XX/HR/PSHRU_XX_11-12-2025_1995_2000_01-May-2023_01-Mar-2024_HR_09.dmp
Job "SYS"."SYS_EXPORT_TABLE_03" successfully completed at Fri Dec 12 00:15:57 2025 elapsed 0 00:00:30

TEMPLATE_NAME:  PSHRU_XX
Error Count:  0
CURRENT DATE:  2025/12/12
Insert Data into PS_DATAMIN_EXPF_XX.

1 row created.


Commit complete.

Successful Export: Insert Done.
Template HRPRD-PSHRU_XX successfully Exported, started at  Fri Dec 12 00:15:26 EST 2025 and finished at Fri Dec 12 00:16:00 EST 2025
----------------------------------------------------------------------------------------
Finished export of Template : PSHRU_XX
----------------------------------------------------------------------------------------
#########################################################################################
Beginning export of Template : PSJPM_XX
#########################################################################################
 
=> ( 1 ) JPMPROFILE_H_XX : Get History Record Counts

1 row created.


Commit complete.

..Get TableSpace, Index & Index TableSpace

8 rows created.


Commit complete.


Export: Release 19.0.0.0.0 - Production on Fri Dec 12 00:16:00 2025
Version 19.27.0.0.0

Copyright (c) 1982, 2019, Oracle and/or its affiliates.  All rights reserved.

Connected to: Oracle Database 19c Enterprise Edition Release 19.0.0.0.0 - Production
FLASHBACK automatically enabled to preserve database integrity.
Starting "SYS"."SYS_EXPORT_TABLE_03":  userid="/******** AS SYSDBA" directory=PSJPM_XX_HR dumpfile=PSJPM_XX_11-12-2025_1995_2000_01-May-2023_01-Mar-2024_HR_%U.dmp logfile=PSJPM_XX_11-12-2025_1995_2000_01-May-2023_01-Mar-2024_HR.log parallel=18 EXCLUDE=statistics EXCLUDE=TRIGGER ENCRYPTION=ALL ENCRYPTION_MODE=DUAL ENCRYPTION_ALGORITHM=AES256 ENCRYPTION_PASSWORD=******** FILESIZE=10G COMPRESSION=ALL TABLES=SYSADM.PS_JPMPROFILE_H_XX QUERY=SYSADM.PS_JPMPROFILE_H_XX:"WHERE PSARCH_ID='PSJPM_XX' AND PSARCH_BATCHNUM||PSARCH_ID IN (SELECT PSARCH_BATCHNUM||PSARCH_ID FROM SYSADM.PSARCHBATCH WHERE PSARCH_DTTM >= '01-May-2023' AND PSARCH_DTTM < '01-Mar-2024')" 
Processing object type TABLE_EXPORT/TABLE/PROCACT_INSTANCE
Processing object type TABLE_EXPORT/TABLE/TABLE_DATA
. . exported "SYSADM"."PS_JPMPROFILE_H_XX"                   0 KB       0 rows
Processing object type TABLE_EXPORT/TABLE/TABLE
Processing object type TABLE_EXPORT/TABLE/GRANT/OWNER_GRANT/OBJECT_GRANT
Processing object type TABLE_EXPORT/TABLE/INDEX/INDEX
Master table "SYS"."SYS_EXPORT_TABLE_03" successfully loaded/unloaded
******************************************************************************
Dump file set for SYS.SYS_EXPORT_TABLE_03 is:
  /backup/data_arch/PSJPM_XX/HR/PSJPM_XX_11-12-2025_1995_2000_01-May-2023_01-Mar-2024_HR_01.dmp
  /backup/data_arch/PSJPM_XX/HR/PSJPM_XX_11-12-2025_1995_2000_01-May-2023_01-Mar-2024_HR_02.dmp
  /backup/data_arch/PSJPM_XX/HR/PSJPM_XX_11-12-2025_1995_2000_01-May-2023_01-Mar-2024_HR_03.dmp
  /backup/data_arch/PSJPM_XX/HR/PSJPM_XX_11-12-2025_1995_2000_01-May-2023_01-Mar-2024_HR_04.dmp
  /backup/data_arch/PSJPM_XX/HR/PSJPM_XX_11-12-2025_1995_2000_01-May-2023_01-Mar-2024_HR_05.dmp
  /backup/data_arch/PSJPM_XX/HR/PSJPM_XX_11-12-2025_1995_2000_01-May-2023_01-Mar-2024_HR_06.dmp
  /backup/data_arch/PSJPM_XX/HR/PSJPM_XX_11-12-2025_1995_2000_01-May-2023_01-Mar-2024_HR_07.dmp
  /backup/data_arch/PSJPM_XX/HR/PSJPM_XX_11-12-2025_1995_2000_01-May-2023_01-Mar-2024_HR_08.dmp
  /backup/data_arch/PSJPM_XX/HR/PSJPM_XX_11-12-2025_1995_2000_01-May-2023_01-Mar-2024_HR_09.dmp
Job "SYS"."SYS_EXPORT_TABLE_03" successfully completed at Fri Dec 12 00:16:31 2025 elapsed 0 00:00:30

TEMPLATE_NAME:  PSJPM_XX
Error Count:  0
CURRENT DATE:  2025/12/12
Insert Data into PS_DATAMIN_EXPF_XX.

1 row created.


Commit complete.

Successful Export: Insert Done.
Template HRPRD-PSJPM_XX successfully Exported, started at  Fri Dec 12 00:16:00 EST 2025 and finished at Fri Dec 12 00:16:34 EST 2025
----------------------------------------------------------------------------------------
Finished export of Template : PSJPM_XX
----------------------------------------------------------------------------------------
#########################################################################################
Beginning export of Template : PSP09_XX
#########################################################################################
 
=> ( 1 ) PERX0009_H_XX : Get History Record Counts

1 row created.


Commit complete.

..Get TableSpace, Index & Index TableSpace

1 row created.


Commit complete.


Export: Release 19.0.0.0.0 - Production on Fri Dec 12 00:16:34 2025
Version 19.27.0.0.0

Copyright (c) 1982, 2019, Oracle and/or its affiliates.  All rights reserved.

Connected to: Oracle Database 19c Enterprise Edition Release 19.0.0.0.0 - Production
FLASHBACK automatically enabled to preserve database integrity.
Starting "SYS"."SYS_EXPORT_TABLE_03":  userid="/******** AS SYSDBA" directory=PSP09_XX_HR dumpfile=PSP09_XX_11-12-2025_1995_2000_01-May-2023_01-Mar-2024_HR_%U.dmp logfile=PSP09_XX_11-12-2025_1995_2000_01-May-2023_01-Mar-2024_HR.log parallel=18 EXCLUDE=statistics EXCLUDE=TRIGGER ENCRYPTION=ALL ENCRYPTION_MODE=DUAL ENCRYPTION_ALGORITHM=AES256 ENCRYPTION_PASSWORD=******** FILESIZE=10G COMPRESSION=ALL TABLES=SYSADM.PS_PERX0009_H_XX QUERY=SYSADM.PS_PERX0009_H_XX:"WHERE PSARCH_ID='PSP09_XX' AND PSARCH_BATCHNUM||PSARCH_ID IN (SELECT PSARCH_BATCHNUM||PSARCH_ID FROM SYSADM.PSARCHBATCH WHERE PSARCH_DTTM >= '01-May-2023' AND PSARCH_DTTM < '01-Mar-2024')" 
Processing object type TABLE_EXPORT/TABLE/PROCACT_INSTANCE
Processing object type TABLE_EXPORT/TABLE/TABLE_DATA
. . exported "SYSADM"."PS_PERX0009_H_XX"                     0 KB       0 rows
Processing object type TABLE_EXPORT/TABLE/TABLE
Processing object type TABLE_EXPORT/TABLE/GRANT/OWNER_GRANT/OBJECT_GRANT
Processing object type TABLE_EXPORT/TABLE/INDEX/INDEX
Master table "SYS"."SYS_EXPORT_TABLE_03" successfully loaded/unloaded
******************************************************************************
Dump file set for SYS.SYS_EXPORT_TABLE_03 is:
  /backup/data_arch/PSP09_XX/HR/PSP09_XX_11-12-2025_1995_2000_01-May-2023_01-Mar-2024_HR_01.dmp
  /backup/data_arch/PSP09_XX/HR/PSP09_XX_11-12-2025_1995_2000_01-May-2023_01-Mar-2024_HR_02.dmp
  /backup/data_arch/PSP09_XX/HR/PSP09_XX_11-12-2025_1995_2000_01-May-2023_01-Mar-2024_HR_03.dmp
  /backup/data_arch/PSP09_XX/HR/PSP09_XX_11-12-2025_1995_2000_01-May-2023_01-Mar-2024_HR_04.dmp
  /backup/data_arch/PSP09_XX/HR/PSP09_XX_11-12-2025_1995_2000_01-May-2023_01-Mar-2024_HR_05.dmp
  /backup/data_arch/PSP09_XX/HR/PSP09_XX_11-12-2025_1995_2000_01-May-2023_01-Mar-2024_HR_06.dmp
  /backup/data_arch/PSP09_XX/HR/PSP09_XX_11-12-2025_1995_2000_01-May-2023_01-Mar-2024_HR_07.dmp
  /backup/data_arch/PSP09_XX/HR/PSP09_XX_11-12-2025_1995_2000_01-May-2023_01-Mar-2024_HR_08.dmp
  /backup/data_arch/PSP09_XX/HR/PSP09_XX_11-12-2025_1995_2000_01-May-2023_01-Mar-2024_HR_09.dmp
Job "SYS"."SYS_EXPORT_TABLE_03" successfully completed at Fri Dec 12 00:17:05 2025 elapsed 0 00:00:30

TEMPLATE_NAME:  PSP09_XX
Error Count:  0
CURRENT DATE:  2025/12/12
Insert Data into PS_DATAMIN_EXPF_XX.

1 row created.


Commit complete.

Successful Export: Insert Done.
Template HRPRD-PSP09_XX successfully Exported, started at  Fri Dec 12 00:16:34 EST 2025 and finished at Fri Dec 12 00:17:08 EST 2025
----------------------------------------------------------------------------------------
Finished export of Template : PSP09_XX
----------------------------------------------------------------------------------------
#########################################################################################
Beginning export of Template : PSP48_XX
#########################################################################################
 
=> ( 1 ) PERX0048ST_H_XX : Get History Record Counts

1 row created.


Commit complete.

..Get TableSpace, Index & Index TableSpace

1 row created.


Commit complete.


Export: Release 19.0.0.0.0 - Production on Fri Dec 12 00:17:08 2025
Version 19.27.0.0.0

Copyright (c) 1982, 2019, Oracle and/or its affiliates.  All rights reserved.

Connected to: Oracle Database 19c Enterprise Edition Release 19.0.0.0.0 - Production
FLASHBACK automatically enabled to preserve database integrity.
Starting "SYS"."SYS_EXPORT_TABLE_03":  userid="/******** AS SYSDBA" directory=PSP48_XX_HR dumpfile=PSP48_XX_11-12-2025_1995_2000_01-May-2023_01-Mar-2024_HR_%U.dmp logfile=PSP48_XX_11-12-2025_1995_2000_01-May-2023_01-Mar-2024_HR.log parallel=18 EXCLUDE=statistics EXCLUDE=TRIGGER ENCRYPTION=ALL ENCRYPTION_MODE=DUAL ENCRYPTION_ALGORITHM=AES256 ENCRYPTION_PASSWORD=******** FILESIZE=10G COMPRESSION=ALL TABLES=SYSADM.PS_PERX0048ST_H_XX QUERY=SYSADM.PS_PERX0048ST_H_XX:"WHERE PSARCH_ID='PSP48_XX' AND PSARCH_BATCHNUM||PSARCH_ID IN (SELECT PSARCH_BATCHNUM||PSARCH_ID FROM SYSADM.PSARCHBATCH WHERE PSARCH_DTTM >= '01-May-2023' AND PSARCH_DTTM < '01-Mar-2024')" 
Processing object type TABLE_EXPORT/TABLE/PROCACT_INSTANCE
Processing object type TABLE_EXPORT/TABLE/TABLE_DATA
. . exported "SYSADM"."PS_PERX0048ST_H_XX"                   0 KB       0 rows
Processing object type TABLE_EXPORT/TABLE/TABLE
Processing object type TABLE_EXPORT/TABLE/GRANT/OWNER_GRANT/OBJECT_GRANT
Processing object type TABLE_EXPORT/TABLE/INDEX/INDEX
Master table "SYS"."SYS_EXPORT_TABLE_03" successfully loaded/unloaded
******************************************************************************
Dump file set for SYS.SYS_EXPORT_TABLE_03 is:
  /backup/data_arch/PSP48_XX/HR/PSP48_XX_11-12-2025_1995_2000_01-May-2023_01-Mar-2024_HR_01.dmp
  /backup/data_arch/PSP48_XX/HR/PSP48_XX_11-12-2025_1995_2000_01-May-2023_01-Mar-2024_HR_02.dmp
  /backup/data_arch/PSP48_XX/HR/PSP48_XX_11-12-2025_1995_2000_01-May-2023_01-Mar-2024_HR_03.dmp
  /backup/data_arch/PSP48_XX/HR/PSP48_XX_11-12-2025_1995_2000_01-May-2023_01-Mar-2024_HR_04.dmp
  /backup/data_arch/PSP48_XX/HR/PSP48_XX_11-12-2025_1995_2000_01-May-2023_01-Mar-2024_HR_05.dmp
  /backup/data_arch/PSP48_XX/HR/PSP48_XX_11-12-2025_1995_2000_01-May-2023_01-Mar-2024_HR_06.dmp
  /backup/data_arch/PSP48_XX/HR/PSP48_XX_11-12-2025_1995_2000_01-May-2023_01-Mar-2024_HR_07.dmp
  /backup/data_arch/PSP48_XX/HR/PSP48_XX_11-12-2025_1995_2000_01-May-2023_01-Mar-2024_HR_08.dmp
  /backup/data_arch/PSP48_XX/HR/PSP48_XX_11-12-2025_1995_2000_01-May-2023_01-Mar-2024_HR_09.dmp
Job "SYS"."SYS_EXPORT_TABLE_03" successfully completed at Fri Dec 12 00:17:39 2025 elapsed 0 00:00:30

TEMPLATE_NAME:  PSP48_XX
Error Count:  0
CURRENT DATE:  2025/12/12
Insert Data into PS_DATAMIN_EXPF_XX.

1 row created.


Commit complete.

Successful Export: Insert Done.
Template HRPRD-PSP48_XX successfully Exported, started at  Fri Dec 12 00:17:08 EST 2025 and finished at Fri Dec 12 00:17:42 EST 2025
----------------------------------------------------------------------------------------
Finished export of Template : PSP48_XX
----------------------------------------------------------------------------------------
#########################################################################################
Beginning export of Template : PSP49_XX
#########################################################################################
 
=> ( 1 ) PERX0049TM_H_XX : Get History Record Counts

1 row created.


Commit complete.

..Get TableSpace, Index & Index TableSpace

1 row created.


Commit complete.


Export: Release 19.0.0.0.0 - Production on Fri Dec 12 00:17:42 2025
Version 19.27.0.0.0

Copyright (c) 1982, 2019, Oracle and/or its affiliates.  All rights reserved.

Connected to: Oracle Database 19c Enterprise Edition Release 19.0.0.0.0 - Production
FLASHBACK automatically enabled to preserve database integrity.
Starting "SYS"."SYS_EXPORT_TABLE_03":  userid="/******** AS SYSDBA" directory=PSP49_XX_HR dumpfile=PSP49_XX_11-12-2025_1995_2000_01-May-2023_01-Mar-2024_HR_%U.dmp logfile=PSP49_XX_11-12-2025_1995_2000_01-May-2023_01-Mar-2024_HR.log parallel=18 EXCLUDE=statistics EXCLUDE=TRIGGER ENCRYPTION=ALL ENCRYPTION_MODE=DUAL ENCRYPTION_ALGORITHM=AES256 ENCRYPTION_PASSWORD=******** FILESIZE=10G COMPRESSION=ALL TABLES=SYSADM.PS_PERX0049TM_H_XX QUERY=SYSADM.PS_PERX0049TM_H_XX:"WHERE PSARCH_ID='PSP49_XX' AND PSARCH_BATCHNUM||PSARCH_ID IN (SELECT PSARCH_BATCHNUM||PSARCH_ID FROM SYSADM.PSARCHBATCH WHERE PSARCH_DTTM >= '01-May-2023' AND PSARCH_DTTM < '01-Mar-2024')" 
Processing object type TABLE_EXPORT/TABLE/PROCACT_INSTANCE
Processing object type TABLE_EXPORT/TABLE/TABLE_DATA
. . exported "SYSADM"."PS_PERX0049TM_H_XX"                   0 KB       0 rows
Processing object type TABLE_EXPORT/TABLE/TABLE
Processing object type TABLE_EXPORT/TABLE/GRANT/OWNER_GRANT/OBJECT_GRANT
Processing object type TABLE_EXPORT/TABLE/INDEX/INDEX
Master table "SYS"."SYS_EXPORT_TABLE_03" successfully loaded/unloaded
******************************************************************************
Dump file set for SYS.SYS_EXPORT_TABLE_03 is:
  /backup/data_arch/PSP49_XX/HR/PSP49_XX_11-12-2025_1995_2000_01-May-2023_01-Mar-2024_HR_01.dmp
  /backup/data_arch/PSP49_XX/HR/PSP49_XX_11-12-2025_1995_2000_01-May-2023_01-Mar-2024_HR_02.dmp
  /backup/data_arch/PSP49_XX/HR/PSP49_XX_11-12-2025_1995_2000_01-May-2023_01-Mar-2024_HR_03.dmp
  /backup/data_arch/PSP49_XX/HR/PSP49_XX_11-12-2025_1995_2000_01-May-2023_01-Mar-2024_HR_04.dmp
  /backup/data_arch/PSP49_XX/HR/PSP49_XX_11-12-2025_1995_2000_01-May-2023_01-Mar-2024_HR_05.dmp
  /backup/data_arch/PSP49_XX/HR/PSP49_XX_11-12-2025_1995_2000_01-May-2023_01-Mar-2024_HR_06.dmp
  /backup/data_arch/PSP49_XX/HR/PSP49_XX_11-12-2025_1995_2000_01-May-2023_01-Mar-2024_HR_07.dmp
  /backup/data_arch/PSP49_XX/HR/PSP49_XX_11-12-2025_1995_2000_01-May-2023_01-Mar-2024_HR_08.dmp
  /backup/data_arch/PSP49_XX/HR/PSP49_XX_11-12-2025_1995_2000_01-May-2023_01-Mar-2024_HR_09.dmp
Job "SYS"."SYS_EXPORT_TABLE_03" successfully completed at Fri Dec 12 00:18:13 2025 elapsed 0 00:00:30

TEMPLATE_NAME:  PSP49_XX
Error Count:  0
CURRENT DATE:  2025/12/12
Insert Data into PS_DATAMIN_EXPF_XX.

1 row created.


Commit complete.

Successful Export: Insert Done.
Template HRPRD-PSP49_XX successfully Exported, started at  Fri Dec 12 00:17:42 EST 2025 and finished at Fri Dec 12 00:18:17 EST 2025
----------------------------------------------------------------------------------------
Finished export of Template : PSP49_XX
----------------------------------------------------------------------------------------
#########################################################################################
Beginning export of Template : PSP56_XX
#########################################################################################
 
=> ( 1 ) PERX0056ST_H_XX : Get History Record Counts

1 row created.


Commit complete.

..Get TableSpace, Index & Index TableSpace

1 row created.


Commit complete.


Export: Release 19.0.0.0.0 - Production on Fri Dec 12 00:18:17 2025
Version 19.27.0.0.0

Copyright (c) 1982, 2019, Oracle and/or its affiliates.  All rights reserved.

Connected to: Oracle Database 19c Enterprise Edition Release 19.0.0.0.0 - Production
FLASHBACK automatically enabled to preserve database integrity.
Starting "SYS"."SYS_EXPORT_TABLE_03":  userid="/******** AS SYSDBA" directory=PSP56_XX_HR dumpfile=PSP56_XX_11-12-2025_1995_2000_01-May-2023_01-Mar-2024_HR_%U.dmp logfile=PSP56_XX_11-12-2025_1995_2000_01-May-2023_01-Mar-2024_HR.log parallel=18 EXCLUDE=statistics EXCLUDE=TRIGGER ENCRYPTION=ALL ENCRYPTION_MODE=DUAL ENCRYPTION_ALGORITHM=AES256 ENCRYPTION_PASSWORD=******** FILESIZE=10G COMPRESSION=ALL TABLES=SYSADM.PS_PERX0056ST_H_XX QUERY=SYSADM.PS_PERX0056ST_H_XX:"WHERE PSARCH_ID='PSP56_XX' AND PSARCH_BATCHNUM||PSARCH_ID IN (SELECT PSARCH_BATCHNUM||PSARCH_ID FROM SYSADM.PSARCHBATCH WHERE PSARCH_DTTM >= '01-May-2023' AND PSARCH_DTTM < '01-Mar-2024')" 
Processing object type TABLE_EXPORT/TABLE/PROCACT_INSTANCE
Processing object type TABLE_EXPORT/TABLE/TABLE_DATA
. . exported "SYSADM"."PS_PERX0056ST_H_XX"                   0 KB       0 rows
Processing object type TABLE_EXPORT/TABLE/TABLE
Processing object type TABLE_EXPORT/TABLE/GRANT/OWNER_GRANT/OBJECT_GRANT
Processing object type TABLE_EXPORT/TABLE/INDEX/INDEX
Master table "SYS"."SYS_EXPORT_TABLE_03" successfully loaded/unloaded
******************************************************************************
Dump file set for SYS.SYS_EXPORT_TABLE_03 is:
  /backup/data_arch/PSP56_XX/HR/PSP56_XX_11-12-2025_1995_2000_01-May-2023_01-Mar-2024_HR_01.dmp
  /backup/data_arch/PSP56_XX/HR/PSP56_XX_11-12-2025_1995_2000_01-May-2023_01-Mar-2024_HR_02.dmp
  /backup/data_arch/PSP56_XX/HR/PSP56_XX_11-12-2025_1995_2000_01-May-2023_01-Mar-2024_HR_03.dmp
  /backup/data_arch/PSP56_XX/HR/PSP56_XX_11-12-2025_1995_2000_01-May-2023_01-Mar-2024_HR_04.dmp
  /backup/data_arch/PSP56_XX/HR/PSP56_XX_11-12-2025_1995_2000_01-May-2023_01-Mar-2024_HR_05.dmp
  /backup/data_arch/PSP56_XX/HR/PSP56_XX_11-12-2025_1995_2000_01-May-2023_01-Mar-2024_HR_06.dmp
  /backup/data_arch/PSP56_XX/HR/PSP56_XX_11-12-2025_1995_2000_01-May-2023_01-Mar-2024_HR_07.dmp
  /backup/data_arch/PSP56_XX/HR/PSP56_XX_11-12-2025_1995_2000_01-May-2023_01-Mar-2024_HR_08.dmp
  /backup/data_arch/PSP56_XX/HR/PSP56_XX_11-12-2025_1995_2000_01-May-2023_01-Mar-2024_HR_09.dmp
Job "SYS"."SYS_EXPORT_TABLE_03" successfully completed at Fri Dec 12 00:18:50 2025 elapsed 0 00:00:32

TEMPLATE_NAME:  PSP56_XX
Error Count:  0
CURRENT DATE:  2025/12/12
Insert Data into PS_DATAMIN_EXPF_XX.

1 row created.


Commit complete.

Successful Export: Insert Done.
Template HRPRD-PSP56_XX successfully Exported, started at  Fri Dec 12 00:18:17 EST 2025 and finished at Fri Dec 12 00:18:54 EST 2025
----------------------------------------------------------------------------------------
Finished export of Template : PSP56_XX
----------------------------------------------------------------------------------------
#########################################################################################
Beginning export of Template : PSPER_XX
#########################################################################################
 
=> ( 1 ) ADDL_PAY_DATA_H : Get History Record Counts

1 row created.


Commit complete.

..Get TableSpace, Index & Index TableSpace

2 rows created.


Commit complete.

=> ( 2 ) ADDRESSES_H_XX : Get History Record Counts

1 row created.


Commit complete.

..Get TableSpace, Index & Index TableSpace

1 row created.


Commit complete.

=> ( 3 ) ADD_PAY_EFFDT_H : Get History Record Counts

1 row created.


Commit complete.

..Get TableSpace, Index & Index TableSpace

1 row created.


Commit complete.

=> ( 4 ) ADD_PAY_ERNCD_H : Get History Record Counts

1 row created.


Commit complete.

..Get TableSpace, Index & Index TableSpace

1 row created.


Commit complete.

=> ( 5 ) ADD_PY_DRW_H_XX : Get History Record Counts

1 row created.


Commit complete.

..Get TableSpace, Index & Index TableSpace

1 row created.


Commit complete.

=> ( 6 ) BENF_PARTIC_HXX : Get History Record Counts

1 row created.


Commit complete.

..Get TableSpace, Index & Index TableSpace

1 row created.


Commit complete.

=> ( 7 ) BEN_PRGPRTC_HXX : Get History Record Counts

1 row created.


Commit complete.

..Get TableSpace, Index & Index TableSpace

1 row created.


Commit complete.

=> ( 8 ) BN_PERSON_H : Get History Record Counts

1 row created.


Commit complete.

..Get TableSpace, Index & Index TableSpace

1 row created.


Commit complete.

=> ( 9 ) CAN_TAX_DATA_H : Get History Record Counts

1 row created.


Commit complete.

..Get TableSpace, Index & Index TableSpace

1 row created.


Commit complete.

=> ( 10 ) CAN_TX_BALNCE_H : Get History Record Counts

1 row created.


Commit complete.

..Get TableSpace, Index & Index TableSpace

1 row created.


Commit complete.

=> ( 11 ) CBR_PARTIC_H : Get History Record Counts

1 row created.


Commit complete.

..Get TableSpace, Index & Index TableSpace

1 row created.


Commit complete.

=> ( 12 ) CBR_PRTC_OPTN_H : Get History Record Counts

1 row created.


Commit complete.

..Get TableSpace, Index & Index TableSpace

1 row created.


Commit complete.

=> ( 13 ) CBR_PRTC_PLAN_H : Get History Record Counts

1 row created.


Commit complete.

..Get TableSpace, Index & Index TableSpace

1 row created.


Commit complete.

=> ( 14 ) CITIZENPSS_H_XX : Get History Record Counts

1 row created.


Commit complete.

..Get TableSpace, Index & Index TableSpace

2 rows created.


Commit complete.

=> ( 15 ) CITIZENSHP_H_XX : Get History Record Counts

1 row created.


Commit complete.

..Get TableSpace, Index & Index TableSpace

1 row created.


Commit complete.

=> ( 16 ) CN_TX_PRVDTA_H : Get History Record Counts

1 row created.


Commit complete.

..Get TableSpace, Index & Index TableSpace

1 row created.


Commit complete.

=> ( 17 ) COMPNSTION_H_XX : Get History Record Counts

1 row created.


Commit complete.

..Get TableSpace, Index & Index TableSpace

1 row created.


Commit complete.

=> ( 18 ) CONTRACTDA_H_XX : Get History Record Counts

1 row created.


Commit complete.

..Get TableSpace, Index & Index TableSpace

2 rows created.


Commit complete.

=> ( 19 ) DEPBENADDR_H_XX : Get History Record Counts

1 row created.


Commit complete.

..Get TableSpace, Index & Index TableSpace

1 row created.


Commit complete.

=> ( 20 ) DEPBENEFNI_H_XX : Get History Record Counts

1 row created.


Commit complete.

..Get TableSpace, Index & Index TableSpace

1 row created.


Commit complete.

=> ( 21 ) DEPBENNAME_H_XX : Get History Record Counts

1 row created.


Commit complete.

..Get TableSpace, Index & Index TableSpace

6 rows created.


Commit complete.

=> ( 22 ) DEPBENRIDE_H_XX : Get History Record Counts

1 row created.


Commit complete.

..Get TableSpace, Index & Index TableSpace

2 rows created.


Commit complete.

=> ( 23 ) DEPBEN_EFF_H_XX : Get History Record Counts

1 row created.


Commit complete.

..Get TableSpace, Index & Index TableSpace

1 row created.


Commit complete.

=> ( 24 ) DEP_BEN_H_XX : Get History Record Counts

1 row created.


Commit complete.

..Get TableSpace, Index & Index TableSpace

1 row created.


Commit complete.

=> ( 25 ) DISABILITY_H_XX : Get History Record Counts

1 row created.


Commit complete.

..Get TableSpace, Index & Index TableSpace

2 rows created.


Commit complete.

=> ( 26 ) DIVERSETHN_H_XX : Get History Record Counts

1 row created.


Commit complete.

..Get TableSpace, Index & Index TableSpace

1 row created.


Commit complete.

=> ( 27 ) DIVERSITY_H_XX : Get History Record Counts

1 row created.


Commit complete.

..Get TableSpace, Index & Index TableSpace

1 row created.


Commit complete.

=> ( 28 ) DIVERSRELI_H_XX : Get History Record Counts

1 row created.


Commit complete.

..Get TableSpace, Index & Index TableSpace

1 row created.


Commit complete.

=> ( 29 ) DRIVERSLIC_H_XX : Get History Record Counts

1 row created.


Commit complete.

..Get TableSpace, Index & Index TableSpace

2 rows created.


Commit complete.

=> ( 30 ) EMAILADRS_H_XX : Get History Record Counts

1 row created.


Commit complete.

..Get TableSpace, Index & Index TableSpace

1 row created.


Commit complete.

=> ( 31 ) EMERGENCYC_H_XX : Get History Record Counts

1 row created.


Commit complete.

..Get TableSpace, Index & Index TableSpace

1 row created.


Commit complete.

=> ( 32 ) EMPAPPRDTL_H_XX : Get History Record Counts

1 row created.


Commit complete.

..Get TableSpace, Index & Index TableSpace

1 row created.


Commit complete.

=> ( 33 ) EMPLCHECKL_H_XX : Get History Record Counts

1 row created.


Commit complete.

..Get TableSpace, Index & Index TableSpace

2 rows created.


Commit complete.

=> ( 34 ) EMPLCHKLST_H_XX : Get History Record Counts

1 row created.


Commit complete.

..Get TableSpace, Index & Index TableSpace

1 row created.


Commit complete.

=> ( 35 ) EMPLOYEES_H_XX : Get History Record Counts

1 row created.


Commit complete.

..Get TableSpace, Index & Index TableSpace

3 rows created.


Commit complete.

=> ( 36 ) EMPLYE_REVIEW_H : Get History Record Counts

1 row created.


Commit complete.

..Get TableSpace, Index & Index TableSpace

1 row created.


Commit complete.

=> ( 37 ) EMPL_PHOTO_H_XX : Get History Record Counts

1 row created.


Commit complete.

..Get TableSpace, Index & Index TableSpace

3 rows created.


Commit complete.

=> ( 38 ) EMP_APR_HR_H_XX : Get History Record Counts

1 row created.


Commit complete.

..Get TableSpace, Index & Index TableSpace

1 row created.


Commit complete.

=> ( 39 ) EMP_WAGEL_CAN_H : Get History Record Counts

1 row created.


Commit complete.

..Get TableSpace, Index & Index TableSpace

1 row created.


Commit complete.

=> ( 40 ) EMRGNCYPHN_H_XX : Get History Record Counts

1 row created.


Commit complete.

..Get TableSpace, Index & Index TableSpace

1 row created.


Commit complete.

=> ( 41 ) EXCP_AUDIT_H_XX : Get History Record Counts

1 row created.


Commit complete.

..Get TableSpace, Index & Index TableSpace

1 row created.


Commit complete.

=> ( 42 ) FED_TAX_DATA_H : Get History Record Counts

1 row created.


Commit complete.

..Get TableSpace, Index & Index TableSpace

1 row created.


Commit complete.

=> ( 43 ) FMLA_HOURS_H_XX : Get History Record Counts

1 row created.


Commit complete.

..Get TableSpace, Index & Index TableSpace

1 row created.


Commit complete.

=> ( 44 ) FMLA_H_XX : Get History Record Counts

1 row created.


Commit complete.

..Get TableSpace, Index & Index TableSpace

1 row created.


Commit complete.

=> ( 45 ) GARNSPECXX_H_XX : Get History Record Counts

1 row created.


Commit complete.

..Get TableSpace, Index & Index TableSpace

1 row created.


Commit complete.

=> ( 46 ) GARN_BALANCE_H : Get History Record Counts

1 row created.


Commit complete.

..Get TableSpace, Index & Index TableSpace

1 row created.


Commit complete.

=> ( 47 ) GARN_EMPL_DED_H : Get History Record Counts

1 row created.


Commit complete.

..Get TableSpace, Index & Index TableSpace

1 row created.


Commit complete.

=> ( 48 ) GARN_RULE_H : Get History Record Counts

1 row created.


Commit complete.

..Get TableSpace, Index & Index TableSpace

1 row created.


Commit complete.

=> ( 49 ) GARN_SCHED_H : Get History Record Counts

1 row created.


Commit complete.

..Get TableSpace, Index & Index TableSpace

1 row created.


Commit complete.

=> ( 50 ) GARN_SPEC_H : Get History Record Counts

1 row created.


Commit complete.

..Get TableSpace, Index & Index TableSpace

2 rows created.


Commit complete.

=> ( 51 ) GENL_DED_CD_H : Get History Record Counts

1 row created.


Commit complete.

..Get TableSpace, Index & Index TableSpace

1 row created.


Commit complete.

=> ( 52 ) HPBDCKLOG_H_XX : Get History Record Counts

1 row created.


Commit complete.

..Get TableSpace, Index & Index TableSpace

1 row created.


Commit complete.

=> ( 53 ) HREXTEMP_H_XX : Get History Record Counts

1 row created.


Commit complete.

..Get TableSpace, Index & Index TableSpace

1 row created.


Commit complete.

=> ( 54 ) JOB_ERNDST_H_XX : Get History Record Counts

1 row created.


Commit complete.

..Get TableSpace, Index & Index TableSpace

1 row created.


Commit complete.

=> ( 55 ) JOB_HR_XX_H_XX : Get History Record Counts

1 row created.


Commit complete.

..Get TableSpace, Index & Index TableSpace

1 row created.


Commit complete.

=> ( 56 ) JOB_H_XX : Get History Record Counts

1 row created.


Commit complete.

..Get TableSpace, Index & Index TableSpace

6 rows created.


Commit complete.

=> ( 57 ) JOB_IND_H_XX : Get History Record Counts

1 row created.


Commit complete.

..Get TableSpace, Index & Index TableSpace

2 rows created.


Commit complete.

=> ( 58 ) JOB_JR_H_XX : Get History Record Counts

1 row created.


Commit complete.

..Get TableSpace, Index & Index TableSpace

1 row created.


Commit complete.

=> ( 59 ) JOB_MIL_H_XX : Get History Record Counts

1 row created.


Commit complete.

..Get TableSpace, Index & Index TableSpace

1 row created.


Commit complete.

=> ( 60 ) JOB_XX_H_XX : Get History Record Counts

1 row created.


Commit complete.

..Get TableSpace, Index & Index TableSpace

1 row created.


Commit complete.

=> ( 61 ) LOCL_TAX_DATA_H : Get History Record Counts

1 row created.


Commit complete.

..Get TableSpace, Index & Index TableSpace

1 row created.


Commit complete.

=> ( 62 ) NAMES_H_XX : Get History Record Counts

1 row created.


Commit complete.

..Get TableSpace, Index & Index TableSpace

7 rows created.


Commit complete.

=> ( 63 ) PAYROLL_DATA_H : Get History Record Counts

1 row created.


Commit complete.

..Get TableSpace, Index & Index TableSpace

1 row created.


Commit complete.

=> ( 64 ) PERCHECKLI_H_XX : Get History Record Counts

1 row created.


Commit complete.

..Get TableSpace, Index & Index TableSpace

2 rows created.


Commit complete.

=> ( 65 ) PERCHKLSTI_H_XX : Get History Record Counts

1 row created.


Commit complete.

..Get TableSpace, Index & Index TableSpace

1 row created.


Commit complete.

=> ( 66 ) PERORGASGN_H_XX : Get History Record Counts

1 row created.


Commit complete.

..Get TableSpace, Index & Index TableSpace

3 rows created.


Commit complete.

=> ( 67 ) PERORGINST_H_XX : Get History Record Counts

1 row created.


Commit complete.

..Get TableSpace, Index & Index TableSpace

2 rows created.


Commit complete.

=> ( 68 ) PERPOIT_XX_H_XX : Get History Record Counts

1 row created.


Commit complete.

..Get TableSpace, Index & Index TableSpace

1 row created.


Commit complete.

=> ( 69 ) PERPOI_XX_H_XX : Get History Record Counts

1 row created.


Commit complete.

..Get TableSpace, Index & Index TableSpace

1 row created.


Commit complete.

=> ( 70 ) PERSAPPLIN_H_XX : Get History Record Counts

1 row created.


Commit complete.

..Get TableSpace, Index & Index TableSpace

1 row created.


Commit complete.

=> ( 71 ) PERSAPPLRE_H_XX : Get History Record Counts

1 row created.


Commit complete.

..Get TableSpace, Index & Index TableSpace

1 row created.


Commit complete.

=> ( 72 ) PERSDATACA_H_XX : Get History Record Counts

1 row created.


Commit complete.

..Get TableSpace, Index & Index TableSpace

1 row created.


Commit complete.

=> ( 73 ) PERSDATAEF_H_XX : Get History Record Counts

1 row created.


Commit complete.

..Get TableSpace, Index & Index TableSpace

1 row created.


Commit complete.

=> ( 74 ) PERSDATAUS_H_XX : Get History Record Counts

1 row created.


Commit complete.

..Get TableSpace, Index & Index TableSpace

1 row created.


Commit complete.

=> ( 75 ) PERSDATAXX_H_XX : Get History Record Counts

1 row created.


Commit complete.

..Get TableSpace, Index & Index TableSpace

1 row created.


Commit complete.

=> ( 76 ) PERSNIDEXP_H_XX : Get History Record Counts

1 row created.


Commit complete.

..Get TableSpace, Index & Index TableSpace

1 row created.


Commit complete.

=> ( 77 ) PERSONALDA_H_XX : Get History Record Counts

1 row created.


Commit complete.

..Get TableSpace, Index & Index TableSpace

4 rows created.


Commit complete.

=> ( 78 ) PERSONALPH_H_XX : Get History Record Counts

1 row created.


Commit complete.

..Get TableSpace, Index & Index TableSpace

1 row created.


Commit complete.

=> ( 79 ) PERSONINFO_H_XX : Get History Record Counts

1 row created.


Commit complete.

..Get TableSpace, Index & Index TableSpace

1 row created.


Commit complete.

=> ( 80 ) PERSON_H_XX : Get History Record Counts

1 row created.


Commit complete.

..Get TableSpace, Index & Index TableSpace

1 row created.


Commit complete.

=> ( 81 ) PERSSMOKER_H_XX : Get History Record Counts

1 row created.


Commit complete.

..Get TableSpace, Index & Index TableSpace

1 row created.


Commit complete.

=> ( 82 ) PERS_NID_H_XX : Get History Record Counts

1 row created.


Commit complete.

..Get TableSpace, Index & Index TableSpace

1 row created.


Commit complete.

=> ( 83 ) PERX0019TM_H_XX : Get History Record Counts

1 row created.


Commit complete.

..Get TableSpace, Index & Index TableSpace

1 row created.


Commit complete.

=> ( 84 ) PERX0019WR_H_XX : Get History Record Counts

1 row created.


Commit complete.

..Get TableSpace, Index & Index TableSpace

1 row created.


Commit complete.

=> ( 85 ) PERX0020TM_H_XX : Get History Record Counts

1 row created.


Commit complete.

..Get TableSpace, Index & Index TableSpace

1 row created.


Commit complete.

=> ( 86 ) PERX0020WR_H_XX : Get History Record Counts

1 row created.


Commit complete.

..Get TableSpace, Index & Index TableSpace

1 row created.


Commit complete.

=> ( 87 ) PERX0033TM_H_XX : Get History Record Counts

1 row created.


Commit complete.

..Get TableSpace, Index & Index TableSpace

1 row created.


Commit complete.

=> ( 88 ) PERX0033WR_H_XX : Get History Record Counts

1 row created.


Commit complete.

..Get TableSpace, Index & Index TableSpace

1 row created.


Commit complete.

=> ( 89 ) PERX33300T_H_XX : Get History Record Counts

1 row created.


Commit complete.

..Get TableSpace, Index & Index TableSpace

1 row created.


Commit complete.

=> ( 90 ) PERX33300W_H_XX : Get History Record Counts

1 row created.


Commit complete.

..Get TableSpace, Index & Index TableSpace

1 row created.


Commit complete.

=> ( 91 ) PERX33700T_H_XX : Get History Record Counts

1 row created.


Commit complete.

..Get TableSpace, Index & Index TableSpace

1 row created.


Commit complete.

=> ( 92 ) PERX33700W_H_XX : Get History Record Counts

1 row created.


Commit complete.

..Get TableSpace, Index & Index TableSpace

1 row created.


Commit complete.

=> ( 93 ) PER_DT_EME_H_XX : Get History Record Counts

1 row created.


Commit complete.

..Get TableSpace, Index & Index TableSpace

1 row created.


Commit complete.

=> ( 94 ) PER_DT_FRA_H_XX : Get History Record Counts

1 row created.


Commit complete.

..Get TableSpace, Index & Index TableSpace

1 row created.


Commit complete.

=> ( 95 ) PRIORWORKE_H_XX : Get History Record Counts

1 row created.


Commit complete.

..Get TableSpace, Index & Index TableSpace

2 rows created.


Commit complete.

=> ( 96 ) PRIORWORKS_H_XX : Get History Record Counts

1 row created.


Commit complete.

..Get TableSpace, Index & Index TableSpace

1 row created.


Commit complete.

=> ( 97 ) PYEBANKACT_H_XX : Get History Record Counts

1 row created.


Commit complete.

..Get TableSpace, Index & Index TableSpace

1 row created.


Commit complete.

=> ( 98 ) PY_BNK_TBL_H_XX : Get History Record Counts

1 row created.


Commit complete.

..Get TableSpace, Index & Index TableSpace

1 row created.


Commit complete.

=> ( 99 ) STAT_TAX_DATA_H : Get History Record Counts

1 row created.


Commit complete.

..Get TableSpace, Index & Index TableSpace

1 row created.


Commit complete.

=> ( 100 ) TAX_DISTRIB_H : Get History Record Counts

1 row created.


Commit complete.

..Get TableSpace, Index & Index TableSpace

1 row created.


Commit complete.

=> ( 101 ) TLEMPLDATA_H_XX : Get History Record Counts

1 row created.


Commit complete.

..Get TableSpace, Index & Index TableSpace

1 row created.


Commit complete.

=> ( 102 ) TRNX0004WR_H_XX : Get History Record Counts

1 row created.


Commit complete.

..Get TableSpace, Index & Index TableSpace

1 row created.


Commit complete.

=> ( 103 ) TRNX0004_H_XX : Get History Record Counts

1 row created.


Commit complete.

..Get TableSpace, Index & Index TableSpace

1 row created.


Commit complete.

=> ( 104 ) VISAPMTDAT_H_XX : Get History Record Counts

1 row created.


Commit complete.

..Get TableSpace, Index & Index TableSpace

1 row created.


Commit complete.

=> ( 105 ) VISAPMTSUP_H_XX : Get History Record Counts

1 row created.


Commit complete.

..Get TableSpace, Index & Index TableSpace

1 row created.


Commit complete.


Export: Release 19.0.0.0.0 - Production on Fri Dec 12 00:19:36 2025
Version 19.27.0.0.0

Copyright (c) 1982, 2019, Oracle and/or its affiliates.  All rights reserved.

Connected to: Oracle Database 19c Enterprise Edition Release 19.0.0.0.0 - Production
FLASHBACK automatically enabled to preserve database integrity.
Starting "SYS"."SYS_EXPORT_TABLE_03":  userid="/******** AS SYSDBA" directory=PSPER_XX_HR dumpfile=PSPER_XX_11-12-2025_1995_2000_01-May-2023_01-Mar-2024_HR_%U.dmp logfile=PSPER_XX_11-12-2025_1995_2000_01-May-2023_01-Mar-2024_HR.log parallel=18 EXCLUDE=statistics EXCLUDE=TRIGGER ENCRYPTION=ALL ENCRYPTION_MODE=DUAL ENCRYPTION_ALGORITHM=AES256 ENCRYPTION_PASSWORD=******** FILESIZE=10G COMPRESSION=ALL TABLES=SYSADM.PS_ADDL_PAY_DATA_H QUERY=SYSADM.PS_ADDL_PAY_DATA_H:"WHERE PSARCH_ID='PSPER_XX' AND PSARCH_BATCHNUM||PSARCH_ID IN (SELECT PSARCH_BATCHNUM||PSARCH_ID FROM SYSADM.PSARCHBATCH WHERE PSARCH_DTTM >= '01-May-2023' AND PSARCH_DTTM < '01-Mar-2024')" TABLES=SYSADM.PS_ADDRESSES_H_XX QUERY=SYSADM.PS_ADDRESSES_H_XX:"WHERE PSARCH_ID='PSPER_XX' AND PSARCH_BATCHNUM||PSARCH_ID IN (SELECT PSARCH_BATCHNUM||PSARCH_ID FROM SYSADM.PSARCHBATCH WHERE PSARCH_DTTM >= '01-May-2023' AND PSARCH_DTTM < '01-Mar-2024')" TABLES=SYSADM.PS_ADD_PAY_EFFDT_H QUERY=SYSADM.PS_ADD_PAY_EFFDT_H:"WHERE PSARCH_ID='PSPER_XX' AND PSARCH_BATCHNUM||PSARCH_ID IN (SELECT PSARCH_BATCHNUM||PSARCH_ID FROM SYSADM.PSARCHBATCH WHERE PSARCH_DTTM >= '01-May-2023' AND PSARCH_DTTM < '01-Mar-2024')" TABLES=SYSADM.PS_ADD_PAY_ERNCD_H QUERY=SYSADM.PS_ADD_PAY_ERNCD_H:"WHERE PSARCH_ID='PSPER_XX' AND PSARCH_BATCHNUM||PSARCH_ID IN (SELECT PSARCH_BATCHNUM||PSARCH_ID FROM SYSADM.PSARCHBATCH WHERE PSARCH_DTTM >= '01-May-2023' AND PSARCH_DTTM < '01-Mar-2024')" TABLES=SYSADM.PS_ADD_PY_DRW_H_XX QUERY=SYSADM.PS_ADD_PY_DRW_H_XX:"WHERE PSARCH_ID='PSPER_XX' AND PSARCH_BATCHNUM||PSARCH_ID IN (SELECT PSARCH_BATCHNUM||PSARCH_ID FROM SYSADM.PSARCHBATCH WHERE PSARCH_DTTM >= '01-May-2023' AND PSARCH_DTTM < '01-Mar-2024')" TABLES=SYSADM.PS_BENF_PARTIC_HXX QUERY=SYSADM.PS_BENF_PARTIC_HXX:"WHERE PSARCH_ID='PSPER_XX' AND PSARCH_BATCHNUM||PSARCH_ID IN (SELECT PSARCH_BATCHNUM||PSARCH_ID FROM SYSADM.PSARCHBATCH WHERE PSARCH_DTTM >= '01-May-2023' AND PSARCH_DTTM < '01-Mar-2024')" TABLES=SYSADM.PS_BEN_PRGPRTC_HXX QUERY=SYSADM.PS_BEN_PRGPRT
Processing object type TABLE_EXPORT/TABLE/PROCACT_INSTANCE
Processing object type TABLE_EXPORT/TABLE/TABLE_DATA
. . exported "SYSADM"."PS_ADDL_PAY_DATA_H"                   0 KB       0 rows
. . exported "SYSADM"."PS_ADDRESSES_H_XX"                    0 KB       0 rows
. . exported "SYSADM"."PS_ADD_PAY_EFFDT_H"                   0 KB       0 rows
. . exported "SYSADM"."PS_ADD_PAY_ERNCD_H"                   0 KB       0 rows
. . exported "SYSADM"."PS_ADD_PY_DRW_H_XX"                   0 KB       0 rows
. . exported "SYSADM"."PS_BENF_PARTIC_HXX"                   0 KB       0 rows
. . exported "SYSADM"."PS_BEN_PRGPRTC_HXX"                   0 KB       0 rows
. . exported "SYSADM"."PS_BN_PERSON_H"                       0 KB       0 rows
. . exported "SYSADM"."PS_CAN_TAX_DATA_H"                    0 KB       0 rows
. . exported "SYSADM"."PS_CAN_TX_BALNCE_H"                   0 KB       0 rows
. . exported "SYSADM"."PS_CBR_PARTIC_H"                      0 KB       0 rows
. . exported "SYSADM"."PS_CBR_PRTC_OPTN_H"                   0 KB       0 rows
. . exported "SYSADM"."PS_CBR_PRTC_PLAN_H"                   0 KB       0 rows
. . exported "SYSADM"."PS_CITIZENPSS_H_XX"                   0 KB       0 rows
. . exported "SYSADM"."PS_CITIZENSHP_H_XX"                   0 KB       0 rows
. . exported "SYSADM"."PS_CN_TX_PRVDTA_H"                    0 KB       0 rows
. . exported "SYSADM"."PS_COMPNSTION_H_XX"                   0 KB       0 rows
. . exported "SYSADM"."PS_CONTRACTDA_H_XX"                   0 KB       0 rows
. . exported "SYSADM"."PS_DEPBENADDR_H_XX"                   0 KB       0 rows
. . exported "SYSADM"."PS_DEPBENEFNI_H_XX"                   0 KB       0 rows
. . exported "SYSADM"."PS_DEPBENNAME_H_XX"                   0 KB       0 rows
. . exported "SYSADM"."PS_DEPBENRIDE_H_XX"                   0 KB       0 rows
. . exported "SYSADM"."PS_DEPBEN_EFF_H_XX"                   0 KB       0 rows
. . exported "SYSADM"."PS_DEP_BEN_H_XX"                      0 KB       0 rows
. . exported "SYSADM"."PS_DISABILITY_H_XX"                   0 KB       0 rows
. . exported "SYSADM"."PS_DIVERSETHN_H_XX"                   0 KB       0 rows
. . exported "SYSADM"."PS_DIVERSITY_H_XX"                    0 KB       0 rows
. . exported "SYSADM"."PS_DIVERSRELI_H_XX"                   0 KB       0 rows
. . exported "SYSADM"."PS_DRIVERSLIC_H_XX"                   0 KB       0 rows
. . exported "SYSADM"."PS_EMAILADRS_H_XX"                    0 KB       0 rows
. . exported "SYSADM"."PS_EMERGENCYC_H_XX"                   0 KB       0 rows
. . exported "SYSADM"."PS_EMPAPPRDTL_H_XX"                   0 KB       0 rows
. . exported "SYSADM"."PS_EMPLCHECKL_H_XX"                   0 KB       0 rows
. . exported "SYSADM"."PS_EMPLCHKLST_H_XX"                   0 KB       0 rows
. . exported "SYSADM"."PS_EMPLOYEES_H_XX"                    0 KB       0 rows
. . exported "SYSADM"."PS_EMPLYE_REVIEW_H"                   0 KB       0 rows
. . exported "SYSADM"."PS_EMPL_PHOTO_H_XX"                   0 KB       0 rows
. . exported "SYSADM"."PS_EMP_APR_HR_H_XX"                   0 KB       0 rows
. . exported "SYSADM"."PS_EMP_WAGEL_CAN_H"                   0 KB       0 rows
. . exported "SYSADM"."PS_EMRGNCYPHN_H_XX"                   0 KB       0 rows
. . exported "SYSADM"."PS_EXCP_AUDIT_H_XX"                   0 KB       0 rows
. . exported "SYSADM"."PS_FED_TAX_DATA_H"                    0 KB       0 rows
. . exported "SYSADM"."PS_FMLA_HOURS_H_XX"                   0 KB       0 rows
. . exported "SYSADM"."PS_FMLA_H_XX"                         0 KB       0 rows
. . exported "SYSADM"."PS_GARNSPECXX_H_XX"                   0 KB       0 rows
. . exported "SYSADM"."PS_GARN_BALANCE_H"                    0 KB       0 rows
. . exported "SYSADM"."PS_GARN_EMPL_DED_H"                   0 KB       0 rows
. . exported "SYSADM"."PS_GARN_RULE_H"                       0 KB       0 rows
. . exported "SYSADM"."PS_GARN_SCHED_H"                      0 KB       0 rows
. . exported "SYSADM"."PS_GARN_SPEC_H"                       0 KB       0 rows
. . exported "SYSADM"."PS_GENL_DED_CD_H"                     0 KB       0 rows
. . exported "SYSADM"."PS_HPBDCKLOG_H_XX"                    0 KB       0 rows
. . exported "SYSADM"."PS_HREXTEMP_H_XX"                     0 KB       0 rows
. . exported "SYSADM"."PS_JOB_ERNDST_H_XX"                   0 KB       0 rows
. . exported "SYSADM"."PS_JOB_HR_XX_H_XX"                    0 KB       0 rows
. . exported "SYSADM"."PS_JOB_H_XX"                          0 KB       0 rows
. . exported "SYSADM"."PS_JOB_IND_H_XX"                      0 KB       0 rows
. . exported "SYSADM"."PS_JOB_JR_H_XX"                       0 KB       0 rows
. . exported "SYSADM"."PS_JOB_MIL_H_XX"                      0 KB       0 rows
. . exported "SYSADM"."PS_JOB_XX_H_XX"                       0 KB       0 rows
. . exported "SYSADM"."PS_LOCL_TAX_DATA_H"                   0 KB       0 rows
. . exported "SYSADM"."PS_NAMES_H_XX"                        0 KB       0 rows
. . exported "SYSADM"."PS_PAYROLL_DATA_H"                    0 KB       0 rows
. . exported "SYSADM"."PS_PERCHECKLI_H_XX"                   0 KB       0 rows
. . exported "SYSADM"."PS_TLEMPLDATA_H_XX"                   0 KB       0 rows
. . exported "SYSADM"."PS_PERCHKLSTI_H_XX"                   0 KB       0 rows
. . exported "SYSADM"."PS_TRNX0004WR_H_XX"                   0 KB       0 rows
. . exported "SYSADM"."PS_PERORGASGN_H_XX"                   0 KB       0 rows
. . exported "SYSADM"."PS_PERORGINST_H_XX"                   0 KB       0 rows
. . exported "SYSADM"."PS_TRNX0004_H_XX"                     0 KB       0 rows
. . exported "SYSADM"."PS_PERPOIT_XX_H_XX"                   0 KB       0 rows
. . exported "SYSADM"."PS_PERPOI_XX_H_XX"                    0 KB       0 rows
. . exported "SYSADM"."PS_VISAPMTDAT_H_XX"                   0 KB       0 rows
. . exported "SYSADM"."PS_PERSAPPLIN_H_XX"                   0 KB       0 rows
. . exported "SYSADM"."PS_PERSAPPLRE_H_XX"                   0 KB       0 rows
. . exported "SYSADM"."PS_VISAPMTSUP_H_XX"                   0 KB       0 rows
. . exported "SYSADM"."PS_PERSDATACA_H_XX"                   0 KB       0 rows
. . exported "SYSADM"."PS_PERSDATAEF_H_XX"                   0 KB       0 rows
. . exported "SYSADM"."PS_PERSDATAUS_H_XX"                   0 KB       0 rows
. . exported "SYSADM"."PS_PERSDATAXX_H_XX"                   0 KB       0 rows
. . exported "SYSADM"."PS_PERSNIDEXP_H_XX"                   0 KB       0 rows
. . exported "SYSADM"."PS_PERSONALDA_H_XX"                   0 KB       0 rows
. . exported "SYSADM"."PS_PERSONALPH_H_XX"                   0 KB       0 rows
. . exported "SYSADM"."PS_PERSONINFO_H_XX"                   0 KB       0 rows
. . exported "SYSADM"."PS_PERSON_H_XX"                       0 KB       0 rows
. . exported "SYSADM"."PS_PERSSMOKER_H_XX"                   0 KB       0 rows
. . exported "SYSADM"."PS_PERS_NID_H_XX"                     0 KB       0 rows
. . exported "SYSADM"."PS_PERX0019TM_H_XX"                   0 KB       0 rows
. . exported "SYSADM"."PS_PERX0019WR_H_XX"                   0 KB       0 rows
. . exported "SYSADM"."PS_PERX0020TM_H_XX"                   0 KB       0 rows
. . exported "SYSADM"."PS_PERX0020WR_H_XX"                   0 KB       0 rows
. . exported "SYSADM"."PS_PERX0033TM_H_XX"                   0 KB       0 rows
. . exported "SYSADM"."PS_PERX0033WR_H_XX"                   0 KB       0 rows
. . exported "SYSADM"."PS_PERX33300T_H_XX"                   0 KB       0 rows
. . exported "SYSADM"."PS_PERX33300W_H_XX"                   0 KB       0 rows
. . exported "SYSADM"."PS_PERX33700T_H_XX"                   0 KB       0 rows
. . exported "SYSADM"."PS_PERX33700W_H_XX"                   0 KB       0 rows
. . exported "SYSADM"."PS_PER_DT_EME_H_XX"                   0 KB       0 rows
. . exported "SYSADM"."PS_PER_DT_FRA_H_XX"                   0 KB       0 rows
. . exported "SYSADM"."PS_PRIORWORKE_H_XX"                   0 KB       0 rows
. . exported "SYSADM"."PS_PRIORWORKS_H_XX"                   0 KB       0 rows
. . exported "SYSADM"."PS_PYEBANKACT_H_XX"                   0 KB       0 rows
. . exported "SYSADM"."PS_PY_BNK_TBL_H_XX"                   0 KB       0 rows
. . exported "SYSADM"."PS_STAT_TAX_DATA_H"                   0 KB       0 rows
. . exported "SYSADM"."PS_TAX_DISTRIB_H"                     0 KB       0 rows
Processing object type TABLE_EXPORT/TABLE/TABLE
Processing object type TABLE_EXPORT/TABLE/GRANT/OWNER_GRANT/OBJECT_GRANT
Processing object type TABLE_EXPORT/TABLE/INDEX/INDEX
Master table "SYS"."SYS_EXPORT_TABLE_03" successfully loaded/unloaded
******************************************************************************
Dump file set for SYS.SYS_EXPORT_TABLE_03 is:
  /backup/data_arch/PSPER_XX/HR/PSPER_XX_11-12-2025_1995_2000_01-May-2023_01-Mar-2024_HR_01.dmp
  /backup/data_arch/PSPER_XX/HR/PSPER_XX_11-12-2025_1995_2000_01-May-2023_01-Mar-2024_HR_02.dmp
  /backup/data_arch/PSPER_XX/HR/PSPER_XX_11-12-2025_1995_2000_01-May-2023_01-Mar-2024_HR_03.dmp
  /backup/data_arch/PSPER_XX/HR/PSPER_XX_11-12-2025_1995_2000_01-May-2023_01-Mar-2024_HR_04.dmp
  /backup/data_arch/PSPER_XX/HR/PSPER_XX_11-12-2025_1995_2000_01-May-2023_01-Mar-2024_HR_05.dmp
  /backup/data_arch/PSPER_XX/HR/PSPER_XX_11-12-2025_1995_2000_01-May-2023_01-Mar-2024_HR_06.dmp
  /backup/data_arch/PSPER_XX/HR/PSPER_XX_11-12-2025_1995_2000_01-May-2023_01-Mar-2024_HR_07.dmp
  /backup/data_arch/PSPER_XX/HR/PSPER_XX_11-12-2025_1995_2000_01-May-2023_01-Mar-2024_HR_08.dmp
  /backup/data_arch/PSPER_XX/HR/PSPER_XX_11-12-2025_1995_2000_01-May-2023_01-Mar-2024_HR_09.dmp
Job "SYS"."SYS_EXPORT_TABLE_03" successfully completed at Fri Dec 12 00:20:12 2025 elapsed 0 00:00:36

TEMPLATE_NAME:  PSPER_XX
Error Count:  0
CURRENT DATE:  2025/12/12
Insert Data into PS_DATAMIN_EXPF_XX.

1 row created.


Commit complete.

Successful Export: Insert Done.
Template HRPRD-PSPER_XX successfully Exported, started at  Fri Dec 12 00:19:36 EST 2025 and finished at Fri Dec 12 00:20:15 EST 2025
----------------------------------------------------------------------------------------
Finished export of Template : PSPER_XX
----------------------------------------------------------------------------------------
#########################################################################################
Beginning export of Template : PSPSS_XX
#########################################################################################
 
=> ( 1 ) PERSSRCHWL_H_XX : Get History Record Counts

1 row created.


Commit complete.

..Get TableSpace, Index & Index TableSpace

1 row created.


Commit complete.


Export: Release 19.0.0.0.0 - Production on Fri Dec 12 00:20:16 2025
Version 19.27.0.0.0

Copyright (c) 1982, 2019, Oracle and/or its affiliates.  All rights reserved.

Connected to: Oracle Database 19c Enterprise Edition Release 19.0.0.0.0 - Production
FLASHBACK automatically enabled to preserve database integrity.
Starting "SYS"."SYS_EXPORT_TABLE_03":  userid="/******** AS SYSDBA" directory=PSPSS_XX_HR dumpfile=PSPSS_XX_11-12-2025_1995_2000_01-May-2023_01-Mar-2024_HR_%U.dmp logfile=PSPSS_XX_11-12-2025_1995_2000_01-May-2023_01-Mar-2024_HR.log parallel=18 EXCLUDE=statistics EXCLUDE=TRIGGER ENCRYPTION=ALL ENCRYPTION_MODE=DUAL ENCRYPTION_ALGORITHM=AES256 ENCRYPTION_PASSWORD=******** FILESIZE=10G COMPRESSION=ALL TABLES=SYSADM.PS_PERSSRCHWL_H_XX QUERY=SYSADM.PS_PERSSRCHWL_H_XX:"WHERE PSARCH_ID='PSPSS_XX' AND PSARCH_BATCHNUM||PSARCH_ID IN (SELECT PSARCH_BATCHNUM||PSARCH_ID FROM SYSADM.PSARCHBATCH WHERE PSARCH_DTTM >= '01-May-2023' AND PSARCH_DTTM < '01-Mar-2024')" 
Processing object type TABLE_EXPORT/TABLE/PROCACT_INSTANCE
Processing object type TABLE_EXPORT/TABLE/TABLE_DATA
. . exported "SYSADM"."PS_PERSSRCHWL_H_XX"                   0 KB       0 rows
Processing object type TABLE_EXPORT/TABLE/TABLE
Processing object type TABLE_EXPORT/TABLE/GRANT/OWNER_GRANT/OBJECT_GRANT
Processing object type TABLE_EXPORT/TABLE/INDEX/INDEX
Master table "SYS"."SYS_EXPORT_TABLE_03" successfully loaded/unloaded
******************************************************************************
Dump file set for SYS.SYS_EXPORT_TABLE_03 is:
  /backup/data_arch/PSPSS_XX/HR/PSPSS_XX_11-12-2025_1995_2000_01-May-2023_01-Mar-2024_HR_01.dmp
  /backup/data_arch/PSPSS_XX/HR/PSPSS_XX_11-12-2025_1995_2000_01-May-2023_01-Mar-2024_HR_02.dmp
  /backup/data_arch/PSPSS_XX/HR/PSPSS_XX_11-12-2025_1995_2000_01-May-2023_01-Mar-2024_HR_03.dmp
  /backup/data_arch/PSPSS_XX/HR/PSPSS_XX_11-12-2025_1995_2000_01-May-2023_01-Mar-2024_HR_04.dmp
  /backup/data_arch/PSPSS_XX/HR/PSPSS_XX_11-12-2025_1995_2000_01-May-2023_01-Mar-2024_HR_05.dmp
  /backup/data_arch/PSPSS_XX/HR/PSPSS_XX_11-12-2025_1995_2000_01-May-2023_01-Mar-2024_HR_06.dmp
  /backup/data_arch/PSPSS_XX/HR/PSPSS_XX_11-12-2025_1995_2000_01-May-2023_01-Mar-2024_HR_07.dmp
  /backup/data_arch/PSPSS_XX/HR/PSPSS_XX_11-12-2025_1995_2000_01-May-2023_01-Mar-2024_HR_08.dmp
  /backup/data_arch/PSPSS_XX/HR/PSPSS_XX_11-12-2025_1995_2000_01-May-2023_01-Mar-2024_HR_09.dmp
Job "SYS"."SYS_EXPORT_TABLE_03" successfully completed at Fri Dec 12 00:20:49 2025 elapsed 0 00:00:32

TEMPLATE_NAME:  PSPSS_XX
Error Count:  0
CURRENT DATE:  2025/12/12
Insert Data into PS_DATAMIN_EXPF_XX.

1 row created.


Commit complete.

Successful Export: Insert Done.
Template HRPRD-PSPSS_XX successfully Exported, started at  Fri Dec 12 00:20:16 EST 2025 and finished at Fri Dec 12 00:20:54 EST 2025
----------------------------------------------------------------------------------------
Finished export of Template : PSPSS_XX
----------------------------------------------------------------------------------------
#########################################################################################
Beginning export of Template : PSPUR_XX
#########################################################################################
 
=> ( 1 ) PURGEDATA_H_XX : Get History Record Counts

1 row created.


Commit complete.

..Get TableSpace, Index & Index TableSpace

1 row created.


Commit complete.


Export: Release 19.0.0.0.0 - Production on Fri Dec 12 00:20:55 2025
Version 19.27.0.0.0

Copyright (c) 1982, 2019, Oracle and/or its affiliates.  All rights reserved.

Connected to: Oracle Database 19c Enterprise Edition Release 19.0.0.0.0 - Production
FLASHBACK automatically enabled to preserve database integrity.
Starting "SYS"."SYS_EXPORT_TABLE_03":  userid="/******** AS SYSDBA" directory=PSPUR_XX_HR dumpfile=PSPUR_XX_11-12-2025_1995_2000_01-May-2023_01-Mar-2024_HR_%U.dmp logfile=PSPUR_XX_11-12-2025_1995_2000_01-May-2023_01-Mar-2024_HR.log parallel=18 EXCLUDE=statistics EXCLUDE=TRIGGER ENCRYPTION=ALL ENCRYPTION_MODE=DUAL ENCRYPTION_ALGORITHM=AES256 ENCRYPTION_PASSWORD=******** FILESIZE=10G COMPRESSION=ALL TABLES=SYSADM.PS_PURGEDATA_H_XX QUERY=SYSADM.PS_PURGEDATA_H_XX:"WHERE PSARCH_ID='PSPUR_XX' AND PSARCH_BATCHNUM||PSARCH_ID IN (SELECT PSARCH_BATCHNUM||PSARCH_ID FROM SYSADM.PSARCHBATCH WHERE PSARCH_DTTM >= '01-May-2023' AND PSARCH_DTTM < '01-Mar-2024')" 
Processing object type TABLE_EXPORT/TABLE/PROCACT_INSTANCE
Processing object type TABLE_EXPORT/TABLE/TABLE_DATA
. . exported "SYSADM"."PS_PURGEDATA_H_XX"                    0 KB       0 rows
Processing object type TABLE_EXPORT/TABLE/TABLE
Processing object type TABLE_EXPORT/TABLE/GRANT/OWNER_GRANT/OBJECT_GRANT
Processing object type TABLE_EXPORT/TABLE/INDEX/INDEX
Master table "SYS"."SYS_EXPORT_TABLE_03" successfully loaded/unloaded
******************************************************************************
Dump file set for SYS.SYS_EXPORT_TABLE_03 is:
  /backup/data_arch/PSPUR_XX/HR/PSPUR_XX_11-12-2025_1995_2000_01-May-2023_01-Mar-2024_HR_01.dmp
  /backup/data_arch/PSPUR_XX/HR/PSPUR_XX_11-12-2025_1995_2000_01-May-2023_01-Mar-2024_HR_02.dmp
  /backup/data_arch/PSPUR_XX/HR/PSPUR_XX_11-12-2025_1995_2000_01-May-2023_01-Mar-2024_HR_03.dmp
  /backup/data_arch/PSPUR_XX/HR/PSPUR_XX_11-12-2025_1995_2000_01-May-2023_01-Mar-2024_HR_04.dmp
  /backup/data_arch/PSPUR_XX/HR/PSPUR_XX_11-12-2025_1995_2000_01-May-2023_01-Mar-2024_HR_05.dmp
  /backup/data_arch/PSPUR_XX/HR/PSPUR_XX_11-12-2025_1995_2000_01-May-2023_01-Mar-2024_HR_06.dmp
  /backup/data_arch/PSPUR_XX/HR/PSPUR_XX_11-12-2025_1995_2000_01-May-2023_01-Mar-2024_HR_07.dmp
  /backup/data_arch/PSPUR_XX/HR/PSPUR_XX_11-12-2025_1995_2000_01-May-2023_01-Mar-2024_HR_08.dmp
  /backup/data_arch/PSPUR_XX/HR/PSPUR_XX_11-12-2025_1995_2000_01-May-2023_01-Mar-2024_HR_09.dmp
Job "SYS"."SYS_EXPORT_TABLE_03" successfully completed at Fri Dec 12 00:21:28 2025 elapsed 0 00:00:33

TEMPLATE_NAME:  PSPUR_XX
Error Count:  0
CURRENT DATE:  2025/12/12
Insert Data into PS_DATAMIN_EXPF_XX.

1 row created.


Commit complete.

Successful Export: Insert Done.
Template HRPRD-PSPUR_XX successfully Exported, started at  Fri Dec 12 00:20:55 EST 2025 and finished at Fri Dec 12 00:21:33 EST 2025
----------------------------------------------------------------------------------------
Finished export of Template : PSPUR_XX
----------------------------------------------------------------------------------------
#########################################################################################
Beginning export of Template : TEBUR_XX
#########################################################################################
 
=> ( 1 ) TEBURDENX_H_XX : Get History Record Counts

1 row created.


Commit complete.

..Get TableSpace, Index & Index TableSpace

2 rows created.


Commit complete.


Export: Release 19.0.0.0.0 - Production on Fri Dec 12 00:21:50 2025
Version 19.27.0.0.0

Copyright (c) 1982, 2019, Oracle and/or its affiliates.  All rights reserved.

Connected to: Oracle Database 19c Enterprise Edition Release 19.0.0.0.0 - Production
FLASHBACK automatically enabled to preserve database integrity.
Starting "SYS"."SYS_EXPORT_TABLE_03":  userid="/******** AS SYSDBA" directory=TEBUR_XX_HR dumpfile=TEBUR_XX_11-12-2025_1995_2000_01-May-2023_01-Mar-2024_HR_%U.dmp logfile=TEBUR_XX_11-12-2025_1995_2000_01-May-2023_01-Mar-2024_HR.log parallel=18 EXCLUDE=statistics EXCLUDE=TRIGGER ENCRYPTION=ALL ENCRYPTION_MODE=DUAL ENCRYPTION_ALGORITHM=AES256 ENCRYPTION_PASSWORD=******** FILESIZE=10G COMPRESSION=ALL TABLES=SYSADM.PS_TEBURDENX_H_XX QUERY=SYSADM.PS_TEBURDENX_H_XX:"WHERE PSARCH_ID='TEBUR_XX' AND PSARCH_BATCHNUM||PSARCH_ID IN (SELECT PSARCH_BATCHNUM||PSARCH_ID FROM SYSADM.PSARCHBATCH WHERE PSARCH_DTTM >= '01-May-2023' AND PSARCH_DTTM < '01-Mar-2024')" 
Processing object type TABLE_EXPORT/TABLE/PROCACT_INSTANCE
Processing object type TABLE_EXPORT/TABLE/TABLE_DATA
Processing object type TABLE_EXPORT/TABLE/TABLE
Processing object type TABLE_EXPORT/TABLE/GRANT/OWNER_GRANT/OBJECT_GRANT
Processing object type TABLE_EXPORT/TABLE/INDEX/INDEX
. . exported "SYSADM"."PS_TEBURDENX_H_XX"                15.05 MB 2328237 rows
Master table "SYS"."SYS_EXPORT_TABLE_03" successfully loaded/unloaded
******************************************************************************
Dump file set for SYS.SYS_EXPORT_TABLE_03 is:
  /backup/data_arch/TEBUR_XX/HR/TEBUR_XX_11-12-2025_1995_2000_01-May-2023_01-Mar-2024_HR_01.dmp
  /backup/data_arch/TEBUR_XX/HR/TEBUR_XX_11-12-2025_1995_2000_01-May-2023_01-Mar-2024_HR_02.dmp
  /backup/data_arch/TEBUR_XX/HR/TEBUR_XX_11-12-2025_1995_2000_01-May-2023_01-Mar-2024_HR_03.dmp
  /backup/data_arch/TEBUR_XX/HR/TEBUR_XX_11-12-2025_1995_2000_01-May-2023_01-Mar-2024_HR_04.dmp
  /backup/data_arch/TEBUR_XX/HR/TEBUR_XX_11-12-2025_1995_2000_01-May-2023_01-Mar-2024_HR_05.dmp
  /backup/data_arch/TEBUR_XX/HR/TEBUR_XX_11-12-2025_1995_2000_01-May-2023_01-Mar-2024_HR_06.dmp
  /backup/data_arch/TEBUR_XX/HR/TEBUR_XX_11-12-2025_1995_2000_01-May-2023_01-Mar-2024_HR_07.dmp
  /backup/data_arch/TEBUR_XX/HR/TEBUR_XX_11-12-2025_1995_2000_01-May-2023_01-Mar-2024_HR_08.dmp
  /backup/data_arch/TEBUR_XX/HR/TEBUR_XX_11-12-2025_1995_2000_01-May-2023_01-Mar-2024_HR_09.dmp
  /backup/data_arch/TEBUR_XX/HR/TEBUR_XX_11-12-2025_1995_2000_01-May-2023_01-Mar-2024_HR_10.dmp
  /backup/data_arch/TEBUR_XX/HR/TEBUR_XX_11-12-2025_1995_2000_01-May-2023_01-Mar-2024_HR_11.dmp
  /backup/data_arch/TEBUR_XX/HR/TEBUR_XX_11-12-2025_1995_2000_01-May-2023_01-Mar-2024_HR_12.dmp
  /backup/data_arch/TEBUR_XX/HR/TEBUR_XX_11-12-2025_1995_2000_01-May-2023_01-Mar-2024_HR_13.dmp
  /backup/data_arch/TEBUR_XX/HR/TEBUR_XX_11-12-2025_1995_2000_01-May-2023_01-Mar-2024_HR_14.dmp
  /backup/data_arch/TEBUR_XX/HR/TEBUR_XX_11-12-2025_1995_2000_01-May-2023_01-Mar-2024_HR_15.dmp
  /backup/data_arch/TEBUR_XX/HR/TEBUR_XX_11-12-2025_1995_2000_01-May-2023_01-Mar-2024_HR_16.dmp
Job "SYS"."SYS_EXPORT_TABLE_03" successfully completed at Fri Dec 12 00:25:13 2025 elapsed 0 00:03:22

TEMPLATE_NAME:  TEBUR_XX
Error Count:  0
CURRENT DATE:  2025/12/12
Insert Data into PS_DATAMIN_EXPF_XX.

1 row created.


Commit complete.

Successful Export: Insert Done.
Template HRPRD-TEBUR_XX successfully Exported, started at  Fri Dec 12 00:21:50 EST 2025 and finished at Fri Dec 12 00:25:17 EST 2025
----------------------------------------------------------------------------------------
Finished export of Template : TEBUR_XX
----------------------------------------------------------------------------------------
#########################################################################################
Beginning export of Template : TLAPP_XX
#########################################################################################
 
=> ( 1 ) TL_APP_LA_H_XX : Get History Record Counts

1 row created.


Commit complete.

..Get TableSpace, Index & Index TableSpace

1 row created.


Commit complete.


Export: Release 19.0.0.0.0 - Production on Fri Dec 12 00:25:18 2025
Version 19.27.0.0.0

Copyright (c) 1982, 2019, Oracle and/or its affiliates.  All rights reserved.

Connected to: Oracle Database 19c Enterprise Edition Release 19.0.0.0.0 - Production
FLASHBACK automatically enabled to preserve database integrity.
Starting "SYS"."SYS_EXPORT_TABLE_03":  userid="/******** AS SYSDBA" directory=TLAPP_XX_HR dumpfile=TLAPP_XX_11-12-2025_1995_2000_01-May-2023_01-Mar-2024_HR_%U.dmp logfile=TLAPP_XX_11-12-2025_1995_2000_01-May-2023_01-Mar-2024_HR.log parallel=18 EXCLUDE=statistics EXCLUDE=TRIGGER ENCRYPTION=ALL ENCRYPTION_MODE=DUAL ENCRYPTION_ALGORITHM=AES256 ENCRYPTION_PASSWORD=******** FILESIZE=10G COMPRESSION=ALL TABLES=SYSADM.PS_TL_APP_LA_H_XX QUERY=SYSADM.PS_TL_APP_LA_H_XX:"WHERE PSARCH_ID='TLAPP_XX' AND PSARCH_BATCHNUM||PSARCH_ID IN (SELECT PSARCH_BATCHNUM||PSARCH_ID FROM SYSADM.PSARCHBATCH WHERE PSARCH_DTTM >= '01-May-2023' AND PSARCH_DTTM < '01-Mar-2024')" 
Processing object type TABLE_EXPORT/TABLE/PROCACT_INSTANCE
Processing object type TABLE_EXPORT/TABLE/TABLE_DATA
. . exported "SYSADM"."PS_TL_APP_LA_H_XX"                    0 KB       0 rows
Processing object type TABLE_EXPORT/TABLE/TABLE
Processing object type TABLE_EXPORT/TABLE/GRANT/OWNER_GRANT/OBJECT_GRANT
Processing object type TABLE_EXPORT/TABLE/INDEX/INDEX
Master table "SYS"."SYS_EXPORT_TABLE_03" successfully loaded/unloaded
******************************************************************************
Dump file set for SYS.SYS_EXPORT_TABLE_03 is:
  /backup/data_arch/TLAPP_XX/HR/TLAPP_XX_11-12-2025_1995_2000_01-May-2023_01-Mar-2024_HR_01.dmp
  /backup/data_arch/TLAPP_XX/HR/TLAPP_XX_11-12-2025_1995_2000_01-May-2023_01-Mar-2024_HR_02.dmp
  /backup/data_arch/TLAPP_XX/HR/TLAPP_XX_11-12-2025_1995_2000_01-May-2023_01-Mar-2024_HR_03.dmp
  /backup/data_arch/TLAPP_XX/HR/TLAPP_XX_11-12-2025_1995_2000_01-May-2023_01-Mar-2024_HR_04.dmp
  /backup/data_arch/TLAPP_XX/HR/TLAPP_XX_11-12-2025_1995_2000_01-May-2023_01-Mar-2024_HR_05.dmp
  /backup/data_arch/TLAPP_XX/HR/TLAPP_XX_11-12-2025_1995_2000_01-May-2023_01-Mar-2024_HR_06.dmp
  /backup/data_arch/TLAPP_XX/HR/TLAPP_XX_11-12-2025_1995_2000_01-May-2023_01-Mar-2024_HR_07.dmp
  /backup/data_arch/TLAPP_XX/HR/TLAPP_XX_11-12-2025_1995_2000_01-May-2023_01-Mar-2024_HR_08.dmp
  /backup/data_arch/TLAPP_XX/HR/TLAPP_XX_11-12-2025_1995_2000_01-May-2023_01-Mar-2024_HR_09.dmp
Job "SYS"."SYS_EXPORT_TABLE_03" successfully completed at Fri Dec 12 00:25:53 2025 elapsed 0 00:00:35

TEMPLATE_NAME:  TLAPP_XX
Error Count:  0
CURRENT DATE:  2025/12/12
Insert Data into PS_DATAMIN_EXPF_XX.

1 row created.


Commit complete.

Successful Export: Insert Done.
Template HRPRD-TLAPP_XX successfully Exported, started at  Fri Dec 12 00:25:17 EST 2025 and finished at Fri Dec 12 00:25:57 EST 2025
----------------------------------------------------------------------------------------
Finished export of Template : TLAPP_XX
----------------------------------------------------------------------------------------
#########################################################################################
Beginning export of Template : TLAPR_XX
#########################################################################################
 
=> ( 1 ) TL_APP_XRF_H_XX : Get History Record Counts

1 row created.


Commit complete.

..Get TableSpace, Index & Index TableSpace

2 rows created.


Commit complete.


Export: Release 19.0.0.0.0 - Production on Fri Dec 12 00:25:57 2025
Version 19.27.0.0.0

Copyright (c) 1982, 2019, Oracle and/or its affiliates.  All rights reserved.

Connected to: Oracle Database 19c Enterprise Edition Release 19.0.0.0.0 - Production
FLASHBACK automatically enabled to preserve database integrity.
Starting "SYS"."SYS_EXPORT_TABLE_03":  userid="/******** AS SYSDBA" directory=TLAPR_XX_HR dumpfile=TLAPR_XX_11-12-2025_1995_2000_01-May-2023_01-Mar-2024_HR_%U.dmp logfile=TLAPR_XX_11-12-2025_1995_2000_01-May-2023_01-Mar-2024_HR.log parallel=18 EXCLUDE=statistics EXCLUDE=TRIGGER ENCRYPTION=ALL ENCRYPTION_MODE=DUAL ENCRYPTION_ALGORITHM=AES256 ENCRYPTION_PASSWORD=******** FILESIZE=10G COMPRESSION=ALL TABLES=SYSADM.PS_TL_APP_XRF_H_XX QUERY=SYSADM.PS_TL_APP_XRF_H_XX:"WHERE PSARCH_ID='TLAPR_XX' AND PSARCH_BATCHNUM||PSARCH_ID IN (SELECT PSARCH_BATCHNUM||PSARCH_ID FROM SYSADM.PSARCHBATCH WHERE PSARCH_DTTM >= '01-May-2023' AND PSARCH_DTTM < '01-Mar-2024')" 
Processing object type TABLE_EXPORT/TABLE/PROCACT_INSTANCE
Processing object type TABLE_EXPORT/TABLE/TABLE_DATA
. . exported "SYSADM"."PS_TL_APP_XRF_H_XX"                   0 KB       0 rows
Processing object type TABLE_EXPORT/TABLE/TABLE
Processing object type TABLE_EXPORT/TABLE/GRANT/OWNER_GRANT/OBJECT_GRANT
Processing object type TABLE_EXPORT/TABLE/INDEX/INDEX
Master table "SYS"."SYS_EXPORT_TABLE_03" successfully loaded/unloaded
******************************************************************************
Dump file set for SYS.SYS_EXPORT_TABLE_03 is:
  /backup/data_arch/TLAPR_XX/HR/TLAPR_XX_11-12-2025_1995_2000_01-May-2023_01-Mar-2024_HR_01.dmp
  /backup/data_arch/TLAPR_XX/HR/TLAPR_XX_11-12-2025_1995_2000_01-May-2023_01-Mar-2024_HR_02.dmp
  /backup/data_arch/TLAPR_XX/HR/TLAPR_XX_11-12-2025_1995_2000_01-May-2023_01-Mar-2024_HR_03.dmp
  /backup/data_arch/TLAPR_XX/HR/TLAPR_XX_11-12-2025_1995_2000_01-May-2023_01-Mar-2024_HR_04.dmp
  /backup/data_arch/TLAPR_XX/HR/TLAPR_XX_11-12-2025_1995_2000_01-May-2023_01-Mar-2024_HR_05.dmp
  /backup/data_arch/TLAPR_XX/HR/TLAPR_XX_11-12-2025_1995_2000_01-May-2023_01-Mar-2024_HR_06.dmp
  /backup/data_arch/TLAPR_XX/HR/TLAPR_XX_11-12-2025_1995_2000_01-May-2023_01-Mar-2024_HR_07.dmp
  /backup/data_arch/TLAPR_XX/HR/TLAPR_XX_11-12-2025_1995_2000_01-May-2023_01-Mar-2024_HR_08.dmp
  /backup/data_arch/TLAPR_XX/HR/TLAPR_XX_11-12-2025_1995_2000_01-May-2023_01-Mar-2024_HR_09.dmp
Job "SYS"."SYS_EXPORT_TABLE_03" successfully completed at Fri Dec 12 00:26:31 2025 elapsed 0 00:00:33

TEMPLATE_NAME:  TLAPR_XX
Error Count:  0
CURRENT DATE:  2025/12/12
Insert Data into PS_DATAMIN_EXPF_XX.

1 row created.


Commit complete.

Successful Export: Insert Done.
Template HRPRD-TLAPR_XX successfully Exported, started at  Fri Dec 12 00:25:57 EST 2025 and finished at Fri Dec 12 00:26:35 EST 2025
----------------------------------------------------------------------------------------
Finished export of Template : TLAPR_XX
----------------------------------------------------------------------------------------
#########################################################################################
Beginning export of Template : TLATC_XX
#########################################################################################
 
=> ( 1 ) TLTCATTACH_H_XX : Get History Record Counts

1 row created.


Commit complete.

..Get TableSpace, Index & Index TableSpace

1 row created.


Commit complete.


Export: Release 19.0.0.0.0 - Production on Fri Dec 12 00:26:35 2025
Version 19.27.0.0.0

Copyright (c) 1982, 2019, Oracle and/or its affiliates.  All rights reserved.

Connected to: Oracle Database 19c Enterprise Edition Release 19.0.0.0.0 - Production
FLASHBACK automatically enabled to preserve database integrity.
Starting "SYS"."SYS_EXPORT_TABLE_03":  userid="/******** AS SYSDBA" directory=TLATC_XX_HR dumpfile=TLATC_XX_11-12-2025_1995_2000_01-May-2023_01-Mar-2024_HR_%U.dmp logfile=TLATC_XX_11-12-2025_1995_2000_01-May-2023_01-Mar-2024_HR.log parallel=18 EXCLUDE=statistics EXCLUDE=TRIGGER ENCRYPTION=ALL ENCRYPTION_MODE=DUAL ENCRYPTION_ALGORITHM=AES256 ENCRYPTION_PASSWORD=******** FILESIZE=10G COMPRESSION=ALL TABLES=SYSADM.PS_TLTCATTACH_H_XX QUERY=SYSADM.PS_TLTCATTACH_H_XX:"WHERE PSARCH_ID='TLATC_XX' AND PSARCH_BATCHNUM||PSARCH_ID IN (SELECT PSARCH_BATCHNUM||PSARCH_ID FROM SYSADM.PSARCHBATCH WHERE PSARCH_DTTM >= '01-May-2023' AND PSARCH_DTTM < '01-Mar-2024')" 
Processing object type TABLE_EXPORT/TABLE/PROCACT_INSTANCE
Processing object type TABLE_EXPORT/TABLE/TABLE_DATA
. . exported "SYSADM"."PS_TLTCATTACH_H_XX"                   0 KB       0 rows
Processing object type TABLE_EXPORT/TABLE/TABLE
Processing object type TABLE_EXPORT/TABLE/GRANT/OWNER_GRANT/OBJECT_GRANT
Processing object type TABLE_EXPORT/TABLE/INDEX/INDEX
Master table "SYS"."SYS_EXPORT_TABLE_03" successfully loaded/unloaded
******************************************************************************
Dump file set for SYS.SYS_EXPORT_TABLE_03 is:
  /backup/data_arch/TLATC_XX/HR/TLATC_XX_11-12-2025_1995_2000_01-May-2023_01-Mar-2024_HR_01.dmp
  /backup/data_arch/TLATC_XX/HR/TLATC_XX_11-12-2025_1995_2000_01-May-2023_01-Mar-2024_HR_02.dmp
  /backup/data_arch/TLATC_XX/HR/TLATC_XX_11-12-2025_1995_2000_01-May-2023_01-Mar-2024_HR_03.dmp
  /backup/data_arch/TLATC_XX/HR/TLATC_XX_11-12-2025_1995_2000_01-May-2023_01-Mar-2024_HR_04.dmp
  /backup/data_arch/TLATC_XX/HR/TLATC_XX_11-12-2025_1995_2000_01-May-2023_01-Mar-2024_HR_05.dmp
  /backup/data_arch/TLATC_XX/HR/TLATC_XX_11-12-2025_1995_2000_01-May-2023_01-Mar-2024_HR_06.dmp
  /backup/data_arch/TLATC_XX/HR/TLATC_XX_11-12-2025_1995_2000_01-May-2023_01-Mar-2024_HR_07.dmp
  /backup/data_arch/TLATC_XX/HR/TLATC_XX_11-12-2025_1995_2000_01-May-2023_01-Mar-2024_HR_08.dmp
  /backup/data_arch/TLATC_XX/HR/TLATC_XX_11-12-2025_1995_2000_01-May-2023_01-Mar-2024_HR_09.dmp
Job "SYS"."SYS_EXPORT_TABLE_03" successfully completed at Fri Dec 12 00:27:11 2025 elapsed 0 00:00:35

TEMPLATE_NAME:  TLATC_XX
Error Count:  0
CURRENT DATE:  2025/12/12
Insert Data into PS_DATAMIN_EXPF_XX.

1 row created.


Commit complete.

Successful Export: Insert Done.
Template HRPRD-TLATC_XX successfully Exported, started at  Fri Dec 12 00:26:35 EST 2025 and finished at Fri Dec 12 00:27:15 EST 2025
----------------------------------------------------------------------------------------
Finished export of Template : TLATC_XX
----------------------------------------------------------------------------------------
#########################################################################################
Beginning export of Template : TLAUD_XX
#########################################################################################
 
=> ( 1 ) AUDITTLRTS_H_XX : Get History Record Counts

1 row created.


Commit complete.

..Get TableSpace, Index & Index TableSpace

1 row created.


Commit complete.


Export: Release 19.0.0.0.0 - Production on Fri Dec 12 00:27:16 2025
Version 19.27.0.0.0

Copyright (c) 1982, 2019, Oracle and/or its affiliates.  All rights reserved.

Connected to: Oracle Database 19c Enterprise Edition Release 19.0.0.0.0 - Production
FLASHBACK automatically enabled to preserve database integrity.
Starting "SYS"."SYS_EXPORT_TABLE_03":  userid="/******** AS SYSDBA" directory=TLAUD_XX_HR dumpfile=TLAUD_XX_11-12-2025_1995_2000_01-May-2023_01-Mar-2024_HR_%U.dmp logfile=TLAUD_XX_11-12-2025_1995_2000_01-May-2023_01-Mar-2024_HR.log parallel=18 EXCLUDE=statistics EXCLUDE=TRIGGER ENCRYPTION=ALL ENCRYPTION_MODE=DUAL ENCRYPTION_ALGORITHM=AES256 ENCRYPTION_PASSWORD=******** FILESIZE=10G COMPRESSION=ALL TABLES=SYSADM.PS_AUDITTLRTS_H_XX QUERY=SYSADM.PS_AUDITTLRTS_H_XX:"WHERE PSARCH_ID='TLAUD_XX' AND PSARCH_BATCHNUM||PSARCH_ID IN (SELECT PSARCH_BATCHNUM||PSARCH_ID FROM SYSADM.PSARCHBATCH WHERE PSARCH_DTTM >= '01-May-2023' AND PSARCH_DTTM < '01-Mar-2024')" 
Processing object type TABLE_EXPORT/TABLE/PROCACT_INSTANCE
Processing object type TABLE_EXPORT/TABLE/TABLE_DATA
. . exported "SYSADM"."PS_AUDITTLRTS_H_XX"                   0 KB       0 rows
Processing object type TABLE_EXPORT/TABLE/TABLE
Processing object type TABLE_EXPORT/TABLE/GRANT/OWNER_GRANT/OBJECT_GRANT
Processing object type TABLE_EXPORT/TABLE/INDEX/INDEX
Master table "SYS"."SYS_EXPORT_TABLE_03" successfully loaded/unloaded
******************************************************************************
Dump file set for SYS.SYS_EXPORT_TABLE_03 is:
  /backup/data_arch/TLAUD_XX/HR/TLAUD_XX_11-12-2025_1995_2000_01-May-2023_01-Mar-2024_HR_01.dmp
  /backup/data_arch/TLAUD_XX/HR/TLAUD_XX_11-12-2025_1995_2000_01-May-2023_01-Mar-2024_HR_02.dmp
  /backup/data_arch/TLAUD_XX/HR/TLAUD_XX_11-12-2025_1995_2000_01-May-2023_01-Mar-2024_HR_03.dmp
  /backup/data_arch/TLAUD_XX/HR/TLAUD_XX_11-12-2025_1995_2000_01-May-2023_01-Mar-2024_HR_04.dmp
  /backup/data_arch/TLAUD_XX/HR/TLAUD_XX_11-12-2025_1995_2000_01-May-2023_01-Mar-2024_HR_05.dmp
  /backup/data_arch/TLAUD_XX/HR/TLAUD_XX_11-12-2025_1995_2000_01-May-2023_01-Mar-2024_HR_06.dmp
  /backup/data_arch/TLAUD_XX/HR/TLAUD_XX_11-12-2025_1995_2000_01-May-2023_01-Mar-2024_HR_07.dmp
  /backup/data_arch/TLAUD_XX/HR/TLAUD_XX_11-12-2025_1995_2000_01-May-2023_01-Mar-2024_HR_08.dmp
  /backup/data_arch/TLAUD_XX/HR/TLAUD_XX_11-12-2025_1995_2000_01-May-2023_01-Mar-2024_HR_09.dmp
Job "SYS"."SYS_EXPORT_TABLE_03" successfully completed at Fri Dec 12 00:27:52 2025 elapsed 0 00:00:36

TEMPLATE_NAME:  TLAUD_XX
Error Count:  0
CURRENT DATE:  2025/12/12
Insert Data into PS_DATAMIN_EXPF_XX.

1 row created.


Commit complete.

Successful Export: Insert Done.
Template HRPRD-TLAUD_XX successfully Exported, started at  Fri Dec 12 00:27:15 EST 2025 and finished at Fri Dec 12 00:27:56 EST 2025
----------------------------------------------------------------------------------------
Finished export of Template : TLAUD_XX
----------------------------------------------------------------------------------------
#########################################################################################
Beginning export of Template : TLBIR_XX
#########################################################################################
 
=> ( 1 ) TL_BIR_EID_H_XX : Get History Record Counts

1 row created.


Commit complete.

..Get TableSpace, Index & Index TableSpace

1 row created.


Commit complete.


Export: Release 19.0.0.0.0 - Production on Fri Dec 12 00:27:56 2025
Version 19.27.0.0.0

Copyright (c) 1982, 2019, Oracle and/or its affiliates.  All rights reserved.

Connected to: Oracle Database 19c Enterprise Edition Release 19.0.0.0.0 - Production
FLASHBACK automatically enabled to preserve database integrity.
Starting "SYS"."SYS_EXPORT_TABLE_03":  userid="/******** AS SYSDBA" directory=TLBIR_XX_HR dumpfile=TLBIR_XX_11-12-2025_1995_2000_01-May-2023_01-Mar-2024_HR_%U.dmp logfile=TLBIR_XX_11-12-2025_1995_2000_01-May-2023_01-Mar-2024_HR.log parallel=18 EXCLUDE=statistics EXCLUDE=TRIGGER ENCRYPTION=ALL ENCRYPTION_MODE=DUAL ENCRYPTION_ALGORITHM=AES256 ENCRYPTION_PASSWORD=******** FILESIZE=10G COMPRESSION=ALL TABLES=SYSADM.PS_TL_BIR_EID_H_XX QUERY=SYSADM.PS_TL_BIR_EID_H_XX:"WHERE PSARCH_ID='TLBIR_XX' AND PSARCH_BATCHNUM||PSARCH_ID IN (SELECT PSARCH_BATCHNUM||PSARCH_ID FROM SYSADM.PSARCHBATCH WHERE PSARCH_DTTM >= '01-May-2023' AND PSARCH_DTTM < '01-Mar-2024')" 
Processing object type TABLE_EXPORT/TABLE/PROCACT_INSTANCE
Processing object type TABLE_EXPORT/TABLE/TABLE_DATA
. . exported "SYSADM"."PS_TL_BIR_EID_H_XX"                   0 KB       0 rows
Processing object type TABLE_EXPORT/TABLE/TABLE
Processing object type TABLE_EXPORT/TABLE/GRANT/OWNER_GRANT/OBJECT_GRANT
Processing object type TABLE_EXPORT/TABLE/INDEX/INDEX
Master table "SYS"."SYS_EXPORT_TABLE_03" successfully loaded/unloaded
******************************************************************************
Dump file set for SYS.SYS_EXPORT_TABLE_03 is:
  /backup/data_arch/TLBIR_XX/HR/TLBIR_XX_11-12-2025_1995_2000_01-May-2023_01-Mar-2024_HR_01.dmp
  /backup/data_arch/TLBIR_XX/HR/TLBIR_XX_11-12-2025_1995_2000_01-May-2023_01-Mar-2024_HR_02.dmp
  /backup/data_arch/TLBIR_XX/HR/TLBIR_XX_11-12-2025_1995_2000_01-May-2023_01-Mar-2024_HR_03.dmp
  /backup/data_arch/TLBIR_XX/HR/TLBIR_XX_11-12-2025_1995_2000_01-May-2023_01-Mar-2024_HR_04.dmp
  /backup/data_arch/TLBIR_XX/HR/TLBIR_XX_11-12-2025_1995_2000_01-May-2023_01-Mar-2024_HR_05.dmp
  /backup/data_arch/TLBIR_XX/HR/TLBIR_XX_11-12-2025_1995_2000_01-May-2023_01-Mar-2024_HR_06.dmp
  /backup/data_arch/TLBIR_XX/HR/TLBIR_XX_11-12-2025_1995_2000_01-May-2023_01-Mar-2024_HR_07.dmp
  /backup/data_arch/TLBIR_XX/HR/TLBIR_XX_11-12-2025_1995_2000_01-May-2023_01-Mar-2024_HR_08.dmp
  /backup/data_arch/TLBIR_XX/HR/TLBIR_XX_11-12-2025_1995_2000_01-May-2023_01-Mar-2024_HR_09.dmp
Job "SYS"."SYS_EXPORT_TABLE_03" successfully completed at Fri Dec 12 00:28:34 2025 elapsed 0 00:00:37

TEMPLATE_NAME:  TLBIR_XX
Error Count:  0
CURRENT DATE:  2025/12/12
Insert Data into PS_DATAMIN_EXPF_XX.

1 row created.


Commit complete.

Successful Export: Insert Done.
Template HRPRD-TLBIR_XX successfully Exported, started at  Fri Dec 12 00:27:56 EST 2025 and finished at Fri Dec 12 00:28:39 EST 2025
----------------------------------------------------------------------------------------
Finished export of Template : TLBIR_XX
----------------------------------------------------------------------------------------
#########################################################################################
Beginning export of Template : TLEID_XX
#########################################################################################
 
=> ( 1 ) EID_FILETL_H_XX : Get History Record Counts

1 row created.


Commit complete.

..Get TableSpace, Index & Index TableSpace

1 row created.


Commit complete.


Export: Release 19.0.0.0.0 - Production on Fri Dec 12 00:28:39 2025
Version 19.27.0.0.0

Copyright (c) 1982, 2019, Oracle and/or its affiliates.  All rights reserved.

Connected to: Oracle Database 19c Enterprise Edition Release 19.0.0.0.0 - Production
FLASHBACK automatically enabled to preserve database integrity.
Starting "SYS"."SYS_EXPORT_TABLE_03":  userid="/******** AS SYSDBA" directory=TLEID_XX_HR dumpfile=TLEID_XX_11-12-2025_1995_2000_01-May-2023_01-Mar-2024_HR_%U.dmp logfile=TLEID_XX_11-12-2025_1995_2000_01-May-2023_01-Mar-2024_HR.log parallel=18 EXCLUDE=statistics EXCLUDE=TRIGGER ENCRYPTION=ALL ENCRYPTION_MODE=DUAL ENCRYPTION_ALGORITHM=AES256 ENCRYPTION_PASSWORD=******** FILESIZE=10G COMPRESSION=ALL TABLES=SYSADM.PS_EID_FILETL_H_XX QUERY=SYSADM.PS_EID_FILETL_H_XX:"WHERE PSARCH_ID='TLEID_XX' AND PSARCH_BATCHNUM||PSARCH_ID IN (SELECT PSARCH_BATCHNUM||PSARCH_ID FROM SYSADM.PSARCHBATCH WHERE PSARCH_DTTM >= '01-May-2023' AND PSARCH_DTTM < '01-Mar-2024')" 
Processing object type TABLE_EXPORT/TABLE/PROCACT_INSTANCE
Processing object type TABLE_EXPORT/TABLE/TABLE_DATA
. . exported "SYSADM"."PS_EID_FILETL_H_XX"                   0 KB       0 rows
Processing object type TABLE_EXPORT/TABLE/TABLE
Processing object type TABLE_EXPORT/TABLE/GRANT/OWNER_GRANT/OBJECT_GRANT
Processing object type TABLE_EXPORT/TABLE/INDEX/INDEX
Master table "SYS"."SYS_EXPORT_TABLE_03" successfully loaded/unloaded
******************************************************************************
Dump file set for SYS.SYS_EXPORT_TABLE_03 is:
  /backup/data_arch/TLEID_XX/HR/TLEID_XX_11-12-2025_1995_2000_01-May-2023_01-Mar-2024_HR_01.dmp
  /backup/data_arch/TLEID_XX/HR/TLEID_XX_11-12-2025_1995_2000_01-May-2023_01-Mar-2024_HR_02.dmp
  /backup/data_arch/TLEID_XX/HR/TLEID_XX_11-12-2025_1995_2000_01-May-2023_01-Mar-2024_HR_03.dmp
  /backup/data_arch/TLEID_XX/HR/TLEID_XX_11-12-2025_1995_2000_01-May-2023_01-Mar-2024_HR_04.dmp
  /backup/data_arch/TLEID_XX/HR/TLEID_XX_11-12-2025_1995_2000_01-May-2023_01-Mar-2024_HR_05.dmp
  /backup/data_arch/TLEID_XX/HR/TLEID_XX_11-12-2025_1995_2000_01-May-2023_01-Mar-2024_HR_06.dmp
  /backup/data_arch/TLEID_XX/HR/TLEID_XX_11-12-2025_1995_2000_01-May-2023_01-Mar-2024_HR_07.dmp
  /backup/data_arch/TLEID_XX/HR/TLEID_XX_11-12-2025_1995_2000_01-May-2023_01-Mar-2024_HR_08.dmp
  /backup/data_arch/TLEID_XX/HR/TLEID_XX_11-12-2025_1995_2000_01-May-2023_01-Mar-2024_HR_09.dmp
Job "SYS"."SYS_EXPORT_TABLE_03" successfully completed at Fri Dec 12 00:29:16 2025 elapsed 0 00:00:36

TEMPLATE_NAME:  TLEID_XX
Error Count:  0
CURRENT DATE:  2025/12/12
Insert Data into PS_DATAMIN_EXPF_XX.

1 row created.


Commit complete.

Successful Export: Insert Done.
Template HRPRD-TLEID_XX successfully Exported, started at  Fri Dec 12 00:28:39 EST 2025 and finished at Fri Dec 12 00:29:19 EST 2025
----------------------------------------------------------------------------------------
Finished export of Template : TLEID_XX
----------------------------------------------------------------------------------------
#########################################################################################
Beginning export of Template : TLEMP_XX
#########################################################################################
 
=> ( 1 ) TL_EMPLAUD_H_XX : Get History Record Counts

1 row created.


Commit complete.

..Get TableSpace, Index & Index TableSpace

1 row created.


Commit complete.


Export: Release 19.0.0.0.0 - Production on Fri Dec 12 00:29:19 2025
Version 19.27.0.0.0

Copyright (c) 1982, 2019, Oracle and/or its affiliates.  All rights reserved.

Connected to: Oracle Database 19c Enterprise Edition Release 19.0.0.0.0 - Production
FLASHBACK automatically enabled to preserve database integrity.
Starting "SYS"."SYS_EXPORT_TABLE_03":  userid="/******** AS SYSDBA" directory=TLEMP_XX_HR dumpfile=TLEMP_XX_11-12-2025_1995_2000_01-May-2023_01-Mar-2024_HR_%U.dmp logfile=TLEMP_XX_11-12-2025_1995_2000_01-May-2023_01-Mar-2024_HR.log parallel=18 EXCLUDE=statistics EXCLUDE=TRIGGER ENCRYPTION=ALL ENCRYPTION_MODE=DUAL ENCRYPTION_ALGORITHM=AES256 ENCRYPTION_PASSWORD=******** FILESIZE=10G COMPRESSION=ALL TABLES=SYSADM.PS_TL_EMPLAUD_H_XX QUERY=SYSADM.PS_TL_EMPLAUD_H_XX:"WHERE PSARCH_ID='TLEMP_XX' AND PSARCH_BATCHNUM||PSARCH_ID IN (SELECT PSARCH_BATCHNUM||PSARCH_ID FROM SYSADM.PSARCHBATCH WHERE PSARCH_DTTM >= '01-May-2023' AND PSARCH_DTTM < '01-Mar-2024')" 
Processing object type TABLE_EXPORT/TABLE/PROCACT_INSTANCE
Processing object type TABLE_EXPORT/TABLE/TABLE_DATA
. . exported "SYSADM"."PS_TL_EMPLAUD_H_XX"                   0 KB       0 rows
Processing object type TABLE_EXPORT/TABLE/TABLE
Processing object type TABLE_EXPORT/TABLE/GRANT/OWNER_GRANT/OBJECT_GRANT
Processing object type TABLE_EXPORT/TABLE/INDEX/INDEX
Master table "SYS"."SYS_EXPORT_TABLE_03" successfully loaded/unloaded
******************************************************************************
Dump file set for SYS.SYS_EXPORT_TABLE_03 is:
  /backup/data_arch/TLEMP_XX/HR/TLEMP_XX_11-12-2025_1995_2000_01-May-2023_01-Mar-2024_HR_01.dmp
  /backup/data_arch/TLEMP_XX/HR/TLEMP_XX_11-12-2025_1995_2000_01-May-2023_01-Mar-2024_HR_02.dmp
  /backup/data_arch/TLEMP_XX/HR/TLEMP_XX_11-12-2025_1995_2000_01-May-2023_01-Mar-2024_HR_03.dmp
  /backup/data_arch/TLEMP_XX/HR/TLEMP_XX_11-12-2025_1995_2000_01-May-2023_01-Mar-2024_HR_04.dmp
  /backup/data_arch/TLEMP_XX/HR/TLEMP_XX_11-12-2025_1995_2000_01-May-2023_01-Mar-2024_HR_05.dmp
  /backup/data_arch/TLEMP_XX/HR/TLEMP_XX_11-12-2025_1995_2000_01-May-2023_01-Mar-2024_HR_06.dmp
  /backup/data_arch/TLEMP_XX/HR/TLEMP_XX_11-12-2025_1995_2000_01-May-2023_01-Mar-2024_HR_07.dmp
  /backup/data_arch/TLEMP_XX/HR/TLEMP_XX_11-12-2025_1995_2000_01-May-2023_01-Mar-2024_HR_08.dmp
  /backup/data_arch/TLEMP_XX/HR/TLEMP_XX_11-12-2025_1995_2000_01-May-2023_01-Mar-2024_HR_09.dmp
Job "SYS"."SYS_EXPORT_TABLE_03" successfully completed at Fri Dec 12 00:29:55 2025 elapsed 0 00:00:35

TEMPLATE_NAME:  TLEMP_XX
Error Count:  0
CURRENT DATE:  2025/12/12
Insert Data into PS_DATAMIN_EXPF_XX.

1 row created.


Commit complete.

Successful Export: Insert Done.
Template HRPRD-TLEMP_XX successfully Exported, started at  Fri Dec 12 00:29:19 EST 2025 and finished at Fri Dec 12 00:29:59 EST 2025
----------------------------------------------------------------------------------------
Finished export of Template : TLEMP_XX
----------------------------------------------------------------------------------------
#########################################################################################
Beginning export of Template : TLEOA_XX
#########################################################################################
 
=> ( 1 ) EOAWSTPINST_HXX : Get History Record Counts

1 row created.


Commit complete.

..Get TableSpace, Index & Index TableSpace

1 row created.


Commit complete.

=> ( 2 ) EOAW_COMNTS_HXX : Get History Record Counts

1 row created.


Commit complete.

..Get TableSpace, Index & Index TableSpace

2 rows created.


Commit complete.

=> ( 3 ) EOAW_HISCOM_HXX : Get History Record Counts

1 row created.


Commit complete.

..Get TableSpace, Index & Index TableSpace

2 rows created.


Commit complete.

=> ( 4 ) EOAW_SUMDTL_HXX : Get History Record Counts

1 row created.


Commit complete.

..Get TableSpace, Index & Index TableSpace

1 row created.


Commit complete.

=> ( 5 ) EOAW_SUMM_HXX : Get History Record Counts

1 row created.


Commit complete.

..Get TableSpace, Index & Index TableSpace

2 rows created.


Commit complete.

=> ( 6 ) EOAW_WL_HXX : Get History Record Counts

1 row created.


Commit complete.

..Get TableSpace, Index & Index TableSpace

1 row created.


Commit complete.


Export: Release 19.0.0.0.0 - Production on Fri Dec 12 00:30:01 2025
Version 19.27.0.0.0

Copyright (c) 1982, 2019, Oracle and/or its affiliates.  All rights reserved.

Connected to: Oracle Database 19c Enterprise Edition Release 19.0.0.0.0 - Production
FLASHBACK automatically enabled to preserve database integrity.
Starting "SYS"."SYS_EXPORT_TABLE_03":  userid="/******** AS SYSDBA" directory=TLEOA_XX_HR dumpfile=TLEOA_XX_11-12-2025_1995_2000_01-May-2023_01-Mar-2024_HR_%U.dmp logfile=TLEOA_XX_11-12-2025_1995_2000_01-May-2023_01-Mar-2024_HR.log parallel=18 EXCLUDE=statistics EXCLUDE=TRIGGER ENCRYPTION=ALL ENCRYPTION_MODE=DUAL ENCRYPTION_ALGORITHM=AES256 ENCRYPTION_PASSWORD=******** FILESIZE=10G COMPRESSION=ALL TABLES=SYSADM.PS_EOAWSTPINST_HXX QUERY=SYSADM.PS_EOAWSTPINST_HXX:"WHERE PSARCH_ID='TLEOA_XX' AND PSARCH_BATCHNUM||PSARCH_ID IN (SELECT PSARCH_BATCHNUM||PSARCH_ID FROM SYSADM.PSARCHBATCH WHERE PSARCH_DTTM >= '01-May-2023' AND PSARCH_DTTM < '01-Mar-2024')" TABLES=SYSADM.PS_EOAW_COMNTS_HXX QUERY=SYSADM.PS_EOAW_COMNTS_HXX:"WHERE PSARCH_ID='TLEOA_XX' AND PSARCH_BATCHNUM||PSARCH_ID IN (SELECT PSARCH_BATCHNUM||PSARCH_ID FROM SYSADM.PSARCHBATCH WHERE PSARCH_DTTM >= '01-May-2023' AND PSARCH_DTTM < '01-Mar-2024')" TABLES=SYSADM.PS_EOAW_HISCOM_HXX QUERY=SYSADM.PS_EOAW_HISCOM_HXX:"WHERE PSARCH_ID='TLEOA_XX' AND PSARCH_BATCHNUM||PSARCH_ID IN (SELECT PSARCH_BATCHNUM||PSARCH_ID FROM SYSADM.PSARCHBATCH WHERE PSARCH_DTTM >= '01-May-2023' AND PSARCH_DTTM < '01-Mar-2024')" TABLES=SYSADM.PS_EOAW_SUMDTL_HXX QUERY=SYSADM.PS_EOAW_SUMDTL_HXX:"WHERE PSARCH_ID='TLEOA_XX' AND PSARCH_BATCHNUM||PSARCH_ID IN (SELECT PSARCH_BATCHNUM||PSARCH_ID FROM SYSADM.PSARCHBATCH WHERE PSARCH_DTTM >= '01-May-2023' AND PSARCH_DTTM < '01-Mar-2024')" TABLES=SYSADM.PS_EOAW_SUMM_HXX QUERY=SYSADM.PS_EOAW_SUMM_HXX:"WHERE PSARCH_ID='TLEOA_XX' AND PSARCH_BATCHNUM||PSARCH_ID IN (SELECT PSARCH_BATCHNUM||PSARCH_ID FROM SYSADM.PSARCHBATCH WHERE PSARCH_DTTM >= '01-May-2023' AND PSARCH_DTTM < '01-Mar-2024')" TABLES=SYSADM.PS_EOAW_WL_HXX QUERY=SYSADM.PS_EOAW_WL_HXX:"WHERE PSARCH_ID='TLEOA_XX' AND PSARCH_BATCHNUM||PSARCH_ID IN (SELECT PSARCH_BATCHNUM||PSARCH_ID FROM SYSADM.PSARCHBATCH WHERE PSARCH_DTTM >= '01-May-2023' AND PSARCH_DTTM < '01-Mar-2024')" 
Processing object type TABLE_EXPORT/TABLE/PROCACT_INSTANCE
Processing object type TABLE_EXPORT/TABLE/TABLE_DATA
. . exported "SYSADM"."PS_EOAWSTPINST_HXX"                   0 KB       0 rows
. . exported "SYSADM"."PS_EOAW_COMNTS_HXX"                   0 KB       0 rows
. . exported "SYSADM"."PS_EOAW_HISCOM_HXX"                   0 KB       0 rows
. . exported "SYSADM"."PS_EOAW_SUMDTL_HXX"                   0 KB       0 rows
. . exported "SYSADM"."PS_EOAW_SUMM_HXX"                     0 KB       0 rows
. . exported "SYSADM"."PS_EOAW_WL_HXX"                       0 KB       0 rows
Processing object type TABLE_EXPORT/TABLE/TABLE
Processing object type TABLE_EXPORT/TABLE/GRANT/OWNER_GRANT/OBJECT_GRANT
Processing object type TABLE_EXPORT/TABLE/INDEX/INDEX
Master table "SYS"."SYS_EXPORT_TABLE_03" successfully loaded/unloaded
******************************************************************************
Dump file set for SYS.SYS_EXPORT_TABLE_03 is:
  /backup/data_arch/TLEOA_XX/HR/TLEOA_XX_11-12-2025_1995_2000_01-May-2023_01-Mar-2024_HR_01.dmp
  /backup/data_arch/TLEOA_XX/HR/TLEOA_XX_11-12-2025_1995_2000_01-May-2023_01-Mar-2024_HR_02.dmp
  /backup/data_arch/TLEOA_XX/HR/TLEOA_XX_11-12-2025_1995_2000_01-May-2023_01-Mar-2024_HR_03.dmp
  /backup/data_arch/TLEOA_XX/HR/TLEOA_XX_11-12-2025_1995_2000_01-May-2023_01-Mar-2024_HR_04.dmp
  /backup/data_arch/TLEOA_XX/HR/TLEOA_XX_11-12-2025_1995_2000_01-May-2023_01-Mar-2024_HR_05.dmp
  /backup/data_arch/TLEOA_XX/HR/TLEOA_XX_11-12-2025_1995_2000_01-May-2023_01-Mar-2024_HR_06.dmp
  /backup/data_arch/TLEOA_XX/HR/TLEOA_XX_11-12-2025_1995_2000_01-May-2023_01-Mar-2024_HR_07.dmp
  /backup/data_arch/TLEOA_XX/HR/TLEOA_XX_11-12-2025_1995_2000_01-May-2023_01-Mar-2024_HR_08.dmp
  /backup/data_arch/TLEOA_XX/HR/TLEOA_XX_11-12-2025_1995_2000_01-May-2023_01-Mar-2024_HR_09.dmp
Job "SYS"."SYS_EXPORT_TABLE_03" successfully completed at Fri Dec 12 00:30:38 2025 elapsed 0 00:00:36

TEMPLATE_NAME:  TLEOA_XX
Error Count:  0
CURRENT DATE:  2025/12/12
Insert Data into PS_DATAMIN_EXPF_XX.

1 row created.


Commit complete.

Successful Export: Insert Done.
Template HRPRD-TLEOA_XX successfully Exported, started at  Fri Dec 12 00:30:01 EST 2025 and finished at Fri Dec 12 00:30:41 EST 2025
----------------------------------------------------------------------------------------
Finished export of Template : TLEOA_XX
----------------------------------------------------------------------------------------
#########################################################################################
Beginning export of Template : TLEXCPXX
#########################################################################################
 
=> ( 1 ) TL_EXCEPTN_HST : Get History Record Counts

1 row created.


Commit complete.

..Get TableSpace, Index & Index TableSpace

2 rows created.


Commit complete.


Export: Release 19.0.0.0.0 - Production on Fri Dec 12 00:30:41 2025
Version 19.27.0.0.0

Copyright (c) 1982, 2019, Oracle and/or its affiliates.  All rights reserved.

Connected to: Oracle Database 19c Enterprise Edition Release 19.0.0.0.0 - Production
FLASHBACK automatically enabled to preserve database integrity.
Starting "SYS"."SYS_EXPORT_TABLE_03":  userid="/******** AS SYSDBA" directory=TLEXCPXX_HR dumpfile=TLEXCPXX_11-12-2025_1995_2000_01-May-2023_01-Mar-2024_HR_%U.dmp logfile=TLEXCPXX_11-12-2025_1995_2000_01-May-2023_01-Mar-2024_HR.log parallel=18 EXCLUDE=statistics EXCLUDE=TRIGGER ENCRYPTION=ALL ENCRYPTION_MODE=DUAL ENCRYPTION_ALGORITHM=AES256 ENCRYPTION_PASSWORD=******** FILESIZE=10G COMPRESSION=ALL TABLES=SYSADM.PS_TL_EXCEPTN_HST QUERY=SYSADM.PS_TL_EXCEPTN_HST:"WHERE PSARCH_ID='TLEXCPXX' AND PSARCH_BATCHNUM||PSARCH_ID IN (SELECT PSARCH_BATCHNUM||PSARCH_ID FROM SYSADM.PSARCHBATCH WHERE PSARCH_DTTM >= '01-May-2023' AND PSARCH_DTTM < '01-Mar-2024')" 
Processing object type TABLE_EXPORT/TABLE/PROCACT_INSTANCE
Processing object type TABLE_EXPORT/TABLE/TABLE_DATA
. . exported "SYSADM"."PS_TL_EXCEPTN_HST"                    0 KB       0 rows
Processing object type TABLE_EXPORT/TABLE/TABLE
Processing object type TABLE_EXPORT/TABLE/GRANT/OWNER_GRANT/OBJECT_GRANT
Processing object type TABLE_EXPORT/TABLE/INDEX/INDEX
Master table "SYS"."SYS_EXPORT_TABLE_03" successfully loaded/unloaded
******************************************************************************
Dump file set for SYS.SYS_EXPORT_TABLE_03 is:
  /backup/data_arch/TLEXCPXX/HR/TLEXCPXX_11-12-2025_1995_2000_01-May-2023_01-Mar-2024_HR_01.dmp
  /backup/data_arch/TLEXCPXX/HR/TLEXCPXX_11-12-2025_1995_2000_01-May-2023_01-Mar-2024_HR_02.dmp
  /backup/data_arch/TLEXCPXX/HR/TLEXCPXX_11-12-2025_1995_2000_01-May-2023_01-Mar-2024_HR_03.dmp
  /backup/data_arch/TLEXCPXX/HR/TLEXCPXX_11-12-2025_1995_2000_01-May-2023_01-Mar-2024_HR_04.dmp
  /backup/data_arch/TLEXCPXX/HR/TLEXCPXX_11-12-2025_1995_2000_01-May-2023_01-Mar-2024_HR_05.dmp
  /backup/data_arch/TLEXCPXX/HR/TLEXCPXX_11-12-2025_1995_2000_01-May-2023_01-Mar-2024_HR_06.dmp
  /backup/data_arch/TLEXCPXX/HR/TLEXCPXX_11-12-2025_1995_2000_01-May-2023_01-Mar-2024_HR_07.dmp
  /backup/data_arch/TLEXCPXX/HR/TLEXCPXX_11-12-2025_1995_2000_01-May-2023_01-Mar-2024_HR_08.dmp
  /backup/data_arch/TLEXCPXX/HR/TLEXCPXX_11-12-2025_1995_2000_01-May-2023_01-Mar-2024_HR_09.dmp
Job "SYS"."SYS_EXPORT_TABLE_03" successfully completed at Fri Dec 12 00:31:18 2025 elapsed 0 00:00:36

TEMPLATE_NAME:  TLEXCPXX
Error Count:  0
CURRENT DATE:  2025/12/12
Insert Data into PS_DATAMIN_EXPF_XX.

1 row created.


Commit complete.

Successful Export: Insert Done.
Template HRPRD-TLEXCPXX successfully Exported, started at  Fri Dec 12 00:30:41 EST 2025 and finished at Fri Dec 12 00:31:22 EST 2025
----------------------------------------------------------------------------------------
Finished export of Template : TLEXCPXX
----------------------------------------------------------------------------------------
#########################################################################################
Beginning export of Template : TLHDR_XX
#########################################################################################
 
=> ( 1 ) TL_APP_HDR_H_XX : Get History Record Counts

1 row created.


Commit complete.

..Get TableSpace, Index & Index TableSpace

1 row created.


Commit complete.


Export: Release 19.0.0.0.0 - Production on Fri Dec 12 00:31:22 2025
Version 19.27.0.0.0

Copyright (c) 1982, 2019, Oracle and/or its affiliates.  All rights reserved.

Connected to: Oracle Database 19c Enterprise Edition Release 19.0.0.0.0 - Production
FLASHBACK automatically enabled to preserve database integrity.
Starting "SYS"."SYS_EXPORT_TABLE_03":  userid="/******** AS SYSDBA" directory=TLHDR_XX_HR dumpfile=TLHDR_XX_11-12-2025_1995_2000_01-May-2023_01-Mar-2024_HR_%U.dmp logfile=TLHDR_XX_11-12-2025_1995_2000_01-May-2023_01-Mar-2024_HR.log parallel=18 EXCLUDE=statistics EXCLUDE=TRIGGER ENCRYPTION=ALL ENCRYPTION_MODE=DUAL ENCRYPTION_ALGORITHM=AES256 ENCRYPTION_PASSWORD=******** FILESIZE=10G COMPRESSION=ALL TABLES=SYSADM.PS_TL_APP_HDR_H_XX QUERY=SYSADM.PS_TL_APP_HDR_H_XX:"WHERE PSARCH_ID='TLHDR_XX' AND PSARCH_BATCHNUM||PSARCH_ID IN (SELECT PSARCH_BATCHNUM||PSARCH_ID FROM SYSADM.PSARCHBATCH WHERE PSARCH_DTTM >= '01-May-2023' AND PSARCH_DTTM < '01-Mar-2024')" 
Processing object type TABLE_EXPORT/TABLE/PROCACT_INSTANCE
Processing object type TABLE_EXPORT/TABLE/TABLE_DATA
. . exported "SYSADM"."PS_TL_APP_HDR_H_XX"                   0 KB       0 rows
Processing object type TABLE_EXPORT/TABLE/TABLE
Processing object type TABLE_EXPORT/TABLE/GRANT/OWNER_GRANT/OBJECT_GRANT
Processing object type TABLE_EXPORT/TABLE/INDEX/INDEX
Master table "SYS"."SYS_EXPORT_TABLE_03" successfully loaded/unloaded
******************************************************************************
Dump file set for SYS.SYS_EXPORT_TABLE_03 is:
  /backup/data_arch/TLHDR_XX/HR/TLHDR_XX_11-12-2025_1995_2000_01-May-2023_01-Mar-2024_HR_01.dmp
  /backup/data_arch/TLHDR_XX/HR/TLHDR_XX_11-12-2025_1995_2000_01-May-2023_01-Mar-2024_HR_02.dmp
  /backup/data_arch/TLHDR_XX/HR/TLHDR_XX_11-12-2025_1995_2000_01-May-2023_01-Mar-2024_HR_03.dmp
  /backup/data_arch/TLHDR_XX/HR/TLHDR_XX_11-12-2025_1995_2000_01-May-2023_01-Mar-2024_HR_04.dmp
  /backup/data_arch/TLHDR_XX/HR/TLHDR_XX_11-12-2025_1995_2000_01-May-2023_01-Mar-2024_HR_05.dmp
  /backup/data_arch/TLHDR_XX/HR/TLHDR_XX_11-12-2025_1995_2000_01-May-2023_01-Mar-2024_HR_06.dmp
  /backup/data_arch/TLHDR_XX/HR/TLHDR_XX_11-12-2025_1995_2000_01-May-2023_01-Mar-2024_HR_07.dmp
  /backup/data_arch/TLHDR_XX/HR/TLHDR_XX_11-12-2025_1995_2000_01-May-2023_01-Mar-2024_HR_08.dmp
  /backup/data_arch/TLHDR_XX/HR/TLHDR_XX_11-12-2025_1995_2000_01-May-2023_01-Mar-2024_HR_09.dmp
Job "SYS"."SYS_EXPORT_TABLE_03" successfully completed at Fri Dec 12 00:31:58 2025 elapsed 0 00:00:35

TEMPLATE_NAME:  TLHDR_XX
Error Count:  0
CURRENT DATE:  2025/12/12
Insert Data into PS_DATAMIN_EXPF_XX.

1 row created.


Commit complete.

Successful Export: Insert Done.
Template HRPRD-TLHDR_XX successfully Exported, started at  Fri Dec 12 00:31:22 EST 2025 and finished at Fri Dec 12 00:32:02 EST 2025
----------------------------------------------------------------------------------------
Finished export of Template : TLHDR_XX
----------------------------------------------------------------------------------------
#########################################################################################
Beginning export of Template : TLHR_XX
#########################################################################################
 
=> ( 1 ) TL_HRTESTG_H_XX : Get History Record Counts

1 row created.


Commit complete.

..Get TableSpace, Index & Index TableSpace

1 row created.


Commit complete.


Export: Release 19.0.0.0.0 - Production on Fri Dec 12 00:32:02 2025
Version 19.27.0.0.0

Copyright (c) 1982, 2019, Oracle and/or its affiliates.  All rights reserved.

Connected to: Oracle Database 19c Enterprise Edition Release 19.0.0.0.0 - Production
FLASHBACK automatically enabled to preserve database integrity.
Starting "SYS"."SYS_EXPORT_TABLE_03":  userid="/******** AS SYSDBA" directory=TLHR_XX_HR dumpfile=TLHR_XX_11-12-2025_1995_2000_01-May-2023_01-Mar-2024_HR_%U.dmp logfile=TLHR_XX_11-12-2025_1995_2000_01-May-2023_01-Mar-2024_HR.log parallel=18 EXCLUDE=statistics EXCLUDE=TRIGGER ENCRYPTION=ALL ENCRYPTION_MODE=DUAL ENCRYPTION_ALGORITHM=AES256 ENCRYPTION_PASSWORD=******** FILESIZE=10G COMPRESSION=ALL TABLES=SYSADM.PS_TL_HRTESTG_H_XX QUERY=SYSADM.PS_TL_HRTESTG_H_XX:"WHERE PSARCH_ID='TLHR_XX' AND PSARCH_BATCHNUM||PSARCH_ID IN (SELECT PSARCH_BATCHNUM||PSARCH_ID FROM SYSADM.PSARCHBATCH WHERE PSARCH_DTTM >= '01-May-2023' AND PSARCH_DTTM < '01-Mar-2024')" 
Processing object type TABLE_EXPORT/TABLE/PROCACT_INSTANCE
Processing object type TABLE_EXPORT/TABLE/TABLE_DATA
. . exported "SYSADM"."PS_TL_HRTESTG_H_XX"                   0 KB       0 rows
Processing object type TABLE_EXPORT/TABLE/TABLE
Processing object type TABLE_EXPORT/TABLE/GRANT/OWNER_GRANT/OBJECT_GRANT
Processing object type TABLE_EXPORT/TABLE/INDEX/INDEX
Master table "SYS"."SYS_EXPORT_TABLE_03" successfully loaded/unloaded
******************************************************************************
Dump file set for SYS.SYS_EXPORT_TABLE_03 is:
  /backup/data_arch/TLHR_XX/HR/TLHR_XX_11-12-2025_1995_2000_01-May-2023_01-Mar-2024_HR_01.dmp
  /backup/data_arch/TLHR_XX/HR/TLHR_XX_11-12-2025_1995_2000_01-May-2023_01-Mar-2024_HR_02.dmp
  /backup/data_arch/TLHR_XX/HR/TLHR_XX_11-12-2025_1995_2000_01-May-2023_01-Mar-2024_HR_03.dmp
  /backup/data_arch/TLHR_XX/HR/TLHR_XX_11-12-2025_1995_2000_01-May-2023_01-Mar-2024_HR_04.dmp
  /backup/data_arch/TLHR_XX/HR/TLHR_XX_11-12-2025_1995_2000_01-May-2023_01-Mar-2024_HR_05.dmp
  /backup/data_arch/TLHR_XX/HR/TLHR_XX_11-12-2025_1995_2000_01-May-2023_01-Mar-2024_HR_06.dmp
  /backup/data_arch/TLHR_XX/HR/TLHR_XX_11-12-2025_1995_2000_01-May-2023_01-Mar-2024_HR_07.dmp
  /backup/data_arch/TLHR_XX/HR/TLHR_XX_11-12-2025_1995_2000_01-May-2023_01-Mar-2024_HR_08.dmp
  /backup/data_arch/TLHR_XX/HR/TLHR_XX_11-12-2025_1995_2000_01-May-2023_01-Mar-2024_HR_09.dmp
Job "SYS"."SYS_EXPORT_TABLE_03" successfully completed at Fri Dec 12 00:32:38 2025 elapsed 0 00:00:35

TEMPLATE_NAME:  TLHR_XX
Error Count:  0
CURRENT DATE:  2025/12/12
Insert Data into PS_DATAMIN_EXPF_XX.

1 row created.


Commit complete.

Successful Export: Insert Done.
Template HRPRD-TLHR_XX successfully Exported, started at  Fri Dec 12 00:32:02 EST 2025 and finished at Fri Dec 12 00:32:42 EST 2025
----------------------------------------------------------------------------------------
Finished export of Template : TLHR_XX
----------------------------------------------------------------------------------------
#########################################################################################
Beginning export of Template : TLLIN_XX
#########################################################################################
 
=> ( 1 ) TL_APP_RPT_H_XX : Get History Record Counts

1 row created.


Commit complete.

..Get TableSpace, Index & Index TableSpace

1 row created.


Commit complete.


Export: Release 19.0.0.0.0 - Production on Fri Dec 12 00:32:42 2025
Version 19.27.0.0.0

Copyright (c) 1982, 2019, Oracle and/or its affiliates.  All rights reserved.

Connected to: Oracle Database 19c Enterprise Edition Release 19.0.0.0.0 - Production
FLASHBACK automatically enabled to preserve database integrity.
Starting "SYS"."SYS_EXPORT_TABLE_03":  userid="/******** AS SYSDBA" directory=TLLIN_XX_HR dumpfile=TLLIN_XX_11-12-2025_1995_2000_01-May-2023_01-Mar-2024_HR_%U.dmp logfile=TLLIN_XX_11-12-2025_1995_2000_01-May-2023_01-Mar-2024_HR.log parallel=18 EXCLUDE=statistics EXCLUDE=TRIGGER ENCRYPTION=ALL ENCRYPTION_MODE=DUAL ENCRYPTION_ALGORITHM=AES256 ENCRYPTION_PASSWORD=******** FILESIZE=10G COMPRESSION=ALL TABLES=SYSADM.PS_TL_APP_RPT_H_XX QUERY=SYSADM.PS_TL_APP_RPT_H_XX:"WHERE PSARCH_ID='TLLIN_XX' AND PSARCH_BATCHNUM||PSARCH_ID IN (SELECT PSARCH_BATCHNUM||PSARCH_ID FROM SYSADM.PSARCHBATCH WHERE PSARCH_DTTM >= '01-May-2023' AND PSARCH_DTTM < '01-Mar-2024')" 
Processing object type TABLE_EXPORT/TABLE/PROCACT_INSTANCE
Processing object type TABLE_EXPORT/TABLE/TABLE_DATA
. . exported "SYSADM"."PS_TL_APP_RPT_H_XX"                   0 KB       0 rows
Processing object type TABLE_EXPORT/TABLE/TABLE
Processing object type TABLE_EXPORT/TABLE/GRANT/OWNER_GRANT/OBJECT_GRANT
Processing object type TABLE_EXPORT/TABLE/INDEX/INDEX
Master table "SYS"."SYS_EXPORT_TABLE_03" successfully loaded/unloaded
******************************************************************************
Dump file set for SYS.SYS_EXPORT_TABLE_03 is:
  /backup/data_arch/TLLIN_XX/HR/TLLIN_XX_11-12-2025_1995_2000_01-May-2023_01-Mar-2024_HR_01.dmp
  /backup/data_arch/TLLIN_XX/HR/TLLIN_XX_11-12-2025_1995_2000_01-May-2023_01-Mar-2024_HR_02.dmp
  /backup/data_arch/TLLIN_XX/HR/TLLIN_XX_11-12-2025_1995_2000_01-May-2023_01-Mar-2024_HR_03.dmp
  /backup/data_arch/TLLIN_XX/HR/TLLIN_XX_11-12-2025_1995_2000_01-May-2023_01-Mar-2024_HR_04.dmp
  /backup/data_arch/TLLIN_XX/HR/TLLIN_XX_11-12-2025_1995_2000_01-May-2023_01-Mar-2024_HR_05.dmp
  /backup/data_arch/TLLIN_XX/HR/TLLIN_XX_11-12-2025_1995_2000_01-May-2023_01-Mar-2024_HR_06.dmp
  /backup/data_arch/TLLIN_XX/HR/TLLIN_XX_11-12-2025_1995_2000_01-May-2023_01-Mar-2024_HR_07.dmp
  /backup/data_arch/TLLIN_XX/HR/TLLIN_XX_11-12-2025_1995_2000_01-May-2023_01-Mar-2024_HR_08.dmp
  /backup/data_arch/TLLIN_XX/HR/TLLIN_XX_11-12-2025_1995_2000_01-May-2023_01-Mar-2024_HR_09.dmp
Job "SYS"."SYS_EXPORT_TABLE_03" successfully completed at Fri Dec 12 00:33:19 2025 elapsed 0 00:00:36

TEMPLATE_NAME:  TLLIN_XX
Error Count:  0
CURRENT DATE:  2025/12/12
Insert Data into PS_DATAMIN_EXPF_XX.

1 row created.


Commit complete.

Successful Export: Insert Done.
Template HRPRD-TLLIN_XX successfully Exported, started at  Fri Dec 12 00:32:42 EST 2025 and finished at Fri Dec 12 00:33:22 EST 2025
----------------------------------------------------------------------------------------
Finished export of Template : TLLIN_XX
----------------------------------------------------------------------------------------
#########################################################################################
Beginning export of Template : TLMEL_XX
#########################################################################################
 
=> ( 1 ) TL_MEALAUD_H_XX : Get History Record Counts

1 row created.


Commit complete.

..Get TableSpace, Index & Index TableSpace

1 row created.


Commit complete.


Export: Release 19.0.0.0.0 - Production on Fri Dec 12 00:33:22 2025
Version 19.27.0.0.0

Copyright (c) 1982, 2019, Oracle and/or its affiliates.  All rights reserved.

Connected to: Oracle Database 19c Enterprise Edition Release 19.0.0.0.0 - Production
FLASHBACK automatically enabled to preserve database integrity.
Starting "SYS"."SYS_EXPORT_TABLE_03":  userid="/******** AS SYSDBA" directory=TLMEL_XX_HR dumpfile=TLMEL_XX_11-12-2025_1995_2000_01-May-2023_01-Mar-2024_HR_%U.dmp logfile=TLMEL_XX_11-12-2025_1995_2000_01-May-2023_01-Mar-2024_HR.log parallel=18 EXCLUDE=statistics EXCLUDE=TRIGGER ENCRYPTION=ALL ENCRYPTION_MODE=DUAL ENCRYPTION_ALGORITHM=AES256 ENCRYPTION_PASSWORD=******** FILESIZE=10G COMPRESSION=ALL TABLES=SYSADM.PS_TL_MEALAUD_H_XX QUERY=SYSADM.PS_TL_MEALAUD_H_XX:"WHERE PSARCH_ID='TLMEL_XX' AND PSARCH_BATCHNUM||PSARCH_ID IN (SELECT PSARCH_BATCHNUM||PSARCH_ID FROM SYSADM.PSARCHBATCH WHERE PSARCH_DTTM >= '01-May-2023' AND PSARCH_DTTM < '01-Mar-2024')" 
Processing object type TABLE_EXPORT/TABLE/PROCACT_INSTANCE
Processing object type TABLE_EXPORT/TABLE/TABLE_DATA
. . exported "SYSADM"."PS_TL_MEALAUD_H_XX"                   0 KB       0 rows
Processing object type TABLE_EXPORT/TABLE/TABLE
Processing object type TABLE_EXPORT/TABLE/GRANT/OWNER_GRANT/OBJECT_GRANT
Processing object type TABLE_EXPORT/TABLE/INDEX/INDEX
Master table "SYS"."SYS_EXPORT_TABLE_03" successfully loaded/unloaded
******************************************************************************
Dump file set for SYS.SYS_EXPORT_TABLE_03 is:
  /backup/data_arch/TLMEL_XX/HR/TLMEL_XX_11-12-2025_1995_2000_01-May-2023_01-Mar-2024_HR_01.dmp
  /backup/data_arch/TLMEL_XX/HR/TLMEL_XX_11-12-2025_1995_2000_01-May-2023_01-Mar-2024_HR_02.dmp
  /backup/data_arch/TLMEL_XX/HR/TLMEL_XX_11-12-2025_1995_2000_01-May-2023_01-Mar-2024_HR_03.dmp
  /backup/data_arch/TLMEL_XX/HR/TLMEL_XX_11-12-2025_1995_2000_01-May-2023_01-Mar-2024_HR_04.dmp
  /backup/data_arch/TLMEL_XX/HR/TLMEL_XX_11-12-2025_1995_2000_01-May-2023_01-Mar-2024_HR_05.dmp
  /backup/data_arch/TLMEL_XX/HR/TLMEL_XX_11-12-2025_1995_2000_01-May-2023_01-Mar-2024_HR_06.dmp
  /backup/data_arch/TLMEL_XX/HR/TLMEL_XX_11-12-2025_1995_2000_01-May-2023_01-Mar-2024_HR_07.dmp
  /backup/data_arch/TLMEL_XX/HR/TLMEL_XX_11-12-2025_1995_2000_01-May-2023_01-Mar-2024_HR_08.dmp
  /backup/data_arch/TLMEL_XX/HR/TLMEL_XX_11-12-2025_1995_2000_01-May-2023_01-Mar-2024_HR_09.dmp
Job "SYS"."SYS_EXPORT_TABLE_03" successfully completed at Fri Dec 12 00:33:59 2025 elapsed 0 00:00:36

TEMPLATE_NAME:  TLMEL_XX
Error Count:  0
CURRENT DATE:  2025/12/12
Insert Data into PS_DATAMIN_EXPF_XX.

1 row created.


Commit complete.

Successful Export: Insert Done.
Template HRPRD-TLMEL_XX successfully Exported, started at  Fri Dec 12 00:33:22 EST 2025 and finished at Fri Dec 12 00:34:02 EST 2025
----------------------------------------------------------------------------------------
Finished export of Template : TLMEL_XX
----------------------------------------------------------------------------------------
#########################################################################################
Beginning export of Template : TLOB_XX
#########################################################################################
 
=> ( 1 ) OB_ATTACH_H_XX : Get History Record Counts

1 row created.


Commit complete.

..Get TableSpace, Index & Index TableSpace

1 row created.


Commit complete.


Export: Release 19.0.0.0.0 - Production on Fri Dec 12 00:34:02 2025
Version 19.27.0.0.0

Copyright (c) 1982, 2019, Oracle and/or its affiliates.  All rights reserved.

Connected to: Oracle Database 19c Enterprise Edition Release 19.0.0.0.0 - Production
FLASHBACK automatically enabled to preserve database integrity.
Starting "SYS"."SYS_EXPORT_TABLE_03":  userid="/******** AS SYSDBA" directory=TLOB_XX_HR dumpfile=TLOB_XX_11-12-2025_1995_2000_01-May-2023_01-Mar-2024_HR_%U.dmp logfile=TLOB_XX_11-12-2025_1995_2000_01-May-2023_01-Mar-2024_HR.log parallel=18 EXCLUDE=statistics EXCLUDE=TRIGGER ENCRYPTION=ALL ENCRYPTION_MODE=DUAL ENCRYPTION_ALGORITHM=AES256 ENCRYPTION_PASSWORD=******** FILESIZE=10G COMPRESSION=ALL TABLES=SYSADM.PS_OB_ATTACH_H_XX QUERY=SYSADM.PS_OB_ATTACH_H_XX:"WHERE PSARCH_ID='TLOB_XX' AND PSARCH_BATCHNUM||PSARCH_ID IN (SELECT PSARCH_BATCHNUM||PSARCH_ID FROM SYSADM.PSARCHBATCH WHERE PSARCH_DTTM >= '01-May-2023' AND PSARCH_DTTM < '01-Mar-2024')" 
Processing object type TABLE_EXPORT/TABLE/PROCACT_INSTANCE
Processing object type TABLE_EXPORT/TABLE/TABLE_DATA
. . exported "SYSADM"."PS_OB_ATTACH_H_XX"                    0 KB       0 rows
Processing object type TABLE_EXPORT/TABLE/TABLE
Processing object type TABLE_EXPORT/TABLE/GRANT/OWNER_GRANT/OBJECT_GRANT
Processing object type TABLE_EXPORT/TABLE/INDEX/INDEX
Master table "SYS"."SYS_EXPORT_TABLE_03" successfully loaded/unloaded
******************************************************************************
Dump file set for SYS.SYS_EXPORT_TABLE_03 is:
  /backup/data_arch/TLOB_XX/HR/TLOB_XX_11-12-2025_1995_2000_01-May-2023_01-Mar-2024_HR_01.dmp
  /backup/data_arch/TLOB_XX/HR/TLOB_XX_11-12-2025_1995_2000_01-May-2023_01-Mar-2024_HR_02.dmp
  /backup/data_arch/TLOB_XX/HR/TLOB_XX_11-12-2025_1995_2000_01-May-2023_01-Mar-2024_HR_03.dmp
  /backup/data_arch/TLOB_XX/HR/TLOB_XX_11-12-2025_1995_2000_01-May-2023_01-Mar-2024_HR_04.dmp
  /backup/data_arch/TLOB_XX/HR/TLOB_XX_11-12-2025_1995_2000_01-May-2023_01-Mar-2024_HR_05.dmp
  /backup/data_arch/TLOB_XX/HR/TLOB_XX_11-12-2025_1995_2000_01-May-2023_01-Mar-2024_HR_06.dmp
  /backup/data_arch/TLOB_XX/HR/TLOB_XX_11-12-2025_1995_2000_01-May-2023_01-Mar-2024_HR_07.dmp
  /backup/data_arch/TLOB_XX/HR/TLOB_XX_11-12-2025_1995_2000_01-May-2023_01-Mar-2024_HR_08.dmp
  /backup/data_arch/TLOB_XX/HR/TLOB_XX_11-12-2025_1995_2000_01-May-2023_01-Mar-2024_HR_09.dmp
Job "SYS"."SYS_EXPORT_TABLE_03" successfully completed at Fri Dec 12 00:34:38 2025 elapsed 0 00:00:36

TEMPLATE_NAME:  TLOB_XX
Error Count:  0
CURRENT DATE:  2025/12/12
Insert Data into PS_DATAMIN_EXPF_XX.

1 row created.


Commit complete.

Successful Export: Insert Done.
Template HRPRD-TLOB_XX successfully Exported, started at  Fri Dec 12 00:34:02 EST 2025 and finished at Fri Dec 12 00:34:44 EST 2025
----------------------------------------------------------------------------------------
Finished export of Template : TLOB_XX
----------------------------------------------------------------------------------------
#########################################################################################
Beginning export of Template : TLPRJ_XX
#########################################################################################
 
=> ( 1 ) TL_PRJ_TM_H_XX : Get History Record Counts

1 row created.


Commit complete.

..Get TableSpace, Index & Index TableSpace

1 row created.


Commit complete.


Export: Release 19.0.0.0.0 - Production on Fri Dec 12 00:34:44 2025
Version 19.27.0.0.0

Copyright (c) 1982, 2019, Oracle and/or its affiliates.  All rights reserved.

Connected to: Oracle Database 19c Enterprise Edition Release 19.0.0.0.0 - Production
FLASHBACK automatically enabled to preserve database integrity.
Starting "SYS"."SYS_EXPORT_TABLE_03":  userid="/******** AS SYSDBA" directory=TLPRJ_XX_HR dumpfile=TLPRJ_XX_11-12-2025_1995_2000_01-May-2023_01-Mar-2024_HR_%U.dmp logfile=TLPRJ_XX_11-12-2025_1995_2000_01-May-2023_01-Mar-2024_HR.log parallel=18 EXCLUDE=statistics EXCLUDE=TRIGGER ENCRYPTION=ALL ENCRYPTION_MODE=DUAL ENCRYPTION_ALGORITHM=AES256 ENCRYPTION_PASSWORD=******** FILESIZE=10G COMPRESSION=ALL TABLES=SYSADM.PS_TL_PRJ_TM_H_XX QUERY=SYSADM.PS_TL_PRJ_TM_H_XX:"WHERE PSARCH_ID='TLPRJ_XX' AND PSARCH_BATCHNUM||PSARCH_ID IN (SELECT PSARCH_BATCHNUM||PSARCH_ID FROM SYSADM.PSARCHBATCH WHERE PSARCH_DTTM >= '01-May-2023' AND PSARCH_DTTM < '01-Mar-2024')" 
Processing object type TABLE_EXPORT/TABLE/PROCACT_INSTANCE
Processing object type TABLE_EXPORT/TABLE/TABLE_DATA
. . exported "SYSADM"."PS_TL_PRJ_TM_H_XX"                    0 KB       0 rows
Processing object type TABLE_EXPORT/TABLE/TABLE
Processing object type TABLE_EXPORT/TABLE/GRANT/OWNER_GRANT/OBJECT_GRANT
Processing object type TABLE_EXPORT/TABLE/INDEX/INDEX
Master table "SYS"."SYS_EXPORT_TABLE_03" successfully loaded/unloaded
******************************************************************************
Dump file set for SYS.SYS_EXPORT_TABLE_03 is:
  /backup/data_arch/TLPRJ_XX/HR/TLPRJ_XX_11-12-2025_1995_2000_01-May-2023_01-Mar-2024_HR_01.dmp
  /backup/data_arch/TLPRJ_XX/HR/TLPRJ_XX_11-12-2025_1995_2000_01-May-2023_01-Mar-2024_HR_02.dmp
  /backup/data_arch/TLPRJ_XX/HR/TLPRJ_XX_11-12-2025_1995_2000_01-May-2023_01-Mar-2024_HR_03.dmp
  /backup/data_arch/TLPRJ_XX/HR/TLPRJ_XX_11-12-2025_1995_2000_01-May-2023_01-Mar-2024_HR_04.dmp
  /backup/data_arch/TLPRJ_XX/HR/TLPRJ_XX_11-12-2025_1995_2000_01-May-2023_01-Mar-2024_HR_05.dmp
  /backup/data_arch/TLPRJ_XX/HR/TLPRJ_XX_11-12-2025_1995_2000_01-May-2023_01-Mar-2024_HR_06.dmp
  /backup/data_arch/TLPRJ_XX/HR/TLPRJ_XX_11-12-2025_1995_2000_01-May-2023_01-Mar-2024_HR_07.dmp
  /backup/data_arch/TLPRJ_XX/HR/TLPRJ_XX_11-12-2025_1995_2000_01-May-2023_01-Mar-2024_HR_08.dmp
  /backup/data_arch/TLPRJ_XX/HR/TLPRJ_XX_11-12-2025_1995_2000_01-May-2023_01-Mar-2024_HR_09.dmp
Job "SYS"."SYS_EXPORT_TABLE_03" successfully completed at Fri Dec 12 00:35:20 2025 elapsed 0 00:00:35

TEMPLATE_NAME:  TLPRJ_XX
Error Count:  0
CURRENT DATE:  2025/12/12
Insert Data into PS_DATAMIN_EXPF_XX.

1 row created.


Commit complete.

Successful Export: Insert Done.
Template HRPRD-TLPRJ_XX successfully Exported, started at  Fri Dec 12 00:34:44 EST 2025 and finished at Fri Dec 12 00:35:23 EST 2025
----------------------------------------------------------------------------------------
Finished export of Template : TLPRJ_XX
----------------------------------------------------------------------------------------
#########################################################################################
Beginning export of Template : TLPYTMXX
#########################################################################################
 
=> ( 1 ) TL_IPT1_CNT_HST : Get History Record Counts

1 row created.


Commit complete.

..Get TableSpace, Index & Index TableSpace

1 row created.


Commit complete.

=> ( 2 ) TL_PAYABLE_HST : Get History Record Counts

1 row created.


Commit complete.

..Get TableSpace, Index & Index TableSpace

1 row created.


Commit complete.

=> ( 3 ) TL_PAY_HIST_HST : Get History Record Counts

1 row created.


Commit complete.

..Get TableSpace, Index & Index TableSpace

1 row created.


Commit complete.


Export: Release 19.0.0.0.0 - Production on Fri Dec 12 00:35:24 2025
Version 19.27.0.0.0

Copyright (c) 1982, 2019, Oracle and/or its affiliates.  All rights reserved.

Connected to: Oracle Database 19c Enterprise Edition Release 19.0.0.0.0 - Production
FLASHBACK automatically enabled to preserve database integrity.
Starting "SYS"."SYS_EXPORT_TABLE_03":  userid="/******** AS SYSDBA" directory=TLPYTMXX_HR dumpfile=TLPYTMXX_11-12-2025_1995_2000_01-May-2023_01-Mar-2024_HR_%U.dmp logfile=TLPYTMXX_11-12-2025_1995_2000_01-May-2023_01-Mar-2024_HR.log parallel=18 EXCLUDE=statistics EXCLUDE=TRIGGER ENCRYPTION=ALL ENCRYPTION_MODE=DUAL ENCRYPTION_ALGORITHM=AES256 ENCRYPTION_PASSWORD=******** FILESIZE=10G COMPRESSION=ALL TABLES=SYSADM.PS_TL_IPT1_CNT_HST QUERY=SYSADM.PS_TL_IPT1_CNT_HST:"WHERE PSARCH_ID='TLPYTMXX' AND PSARCH_BATCHNUM||PSARCH_ID IN (SELECT PSARCH_BATCHNUM||PSARCH_ID FROM SYSADM.PSARCHBATCH WHERE PSARCH_DTTM >= '01-May-2023' AND PSARCH_DTTM < '01-Mar-2024')" TABLES=SYSADM.PS_TL_PAYABLE_HST QUERY=SYSADM.PS_TL_PAYABLE_HST:"WHERE PSARCH_ID='TLPYTMXX' AND PSARCH_BATCHNUM||PSARCH_ID IN (SELECT PSARCH_BATCHNUM||PSARCH_ID FROM SYSADM.PSARCHBATCH WHERE PSARCH_DTTM >= '01-May-2023' AND PSARCH_DTTM < '01-Mar-2024')" TABLES=SYSADM.PS_TL_PAY_HIST_HST QUERY=SYSADM.PS_TL_PAY_HIST_HST:"WHERE PSARCH_ID='TLPYTMXX' AND PSARCH_BATCHNUM||PSARCH_ID IN (SELECT PSARCH_BATCHNUM||PSARCH_ID FROM SYSADM.PSARCHBATCH WHERE PSARCH_DTTM >= '01-May-2023' AND PSARCH_DTTM < '01-Mar-2024')" 
Processing object type TABLE_EXPORT/TABLE/PROCACT_INSTANCE
Processing object type TABLE_EXPORT/TABLE/TABLE_DATA
. . exported "SYSADM"."PS_TL_IPT1_CNT_HST"                   0 KB       0 rows
. . exported "SYSADM"."PS_TL_PAYABLE_HST"                    0 KB       0 rows
. . exported "SYSADM"."PS_TL_PAY_HIST_HST"                   0 KB       0 rows
Processing object type TABLE_EXPORT/TABLE/TABLE
Processing object type TABLE_EXPORT/TABLE/GRANT/OWNER_GRANT/OBJECT_GRANT
Processing object type TABLE_EXPORT/TABLE/INDEX/FUNCTIONAL_INDEX/INDEX
Processing object type TABLE_EXPORT/TABLE/INDEX/INDEX
Master table "SYS"."SYS_EXPORT_TABLE_03" successfully loaded/unloaded
******************************************************************************
Dump file set for SYS.SYS_EXPORT_TABLE_03 is:
  /backup/data_arch/TL_RPDTM/HR/TLPYTMXX_11-12-2025_1995_2000_01-May-2023_01-Mar-2024_HR_01.dmp
  /backup/data_arch/TL_RPDTM/HR/TLPYTMXX_11-12-2025_1995_2000_01-May-2023_01-Mar-2024_HR_02.dmp
  /backup/data_arch/TL_RPDTM/HR/TLPYTMXX_11-12-2025_1995_2000_01-May-2023_01-Mar-2024_HR_03.dmp
  /backup/data_arch/TL_RPDTM/HR/TLPYTMXX_11-12-2025_1995_2000_01-May-2023_01-Mar-2024_HR_04.dmp
  /backup/data_arch/TL_RPDTM/HR/TLPYTMXX_11-12-2025_1995_2000_01-May-2023_01-Mar-2024_HR_05.dmp
  /backup/data_arch/TL_RPDTM/HR/TLPYTMXX_11-12-2025_1995_2000_01-May-2023_01-Mar-2024_HR_06.dmp
  /backup/data_arch/TL_RPDTM/HR/TLPYTMXX_11-12-2025_1995_2000_01-May-2023_01-Mar-2024_HR_07.dmp
  /backup/data_arch/TL_RPDTM/HR/TLPYTMXX_11-12-2025_1995_2000_01-May-2023_01-Mar-2024_HR_08.dmp
  /backup/data_arch/TL_RPDTM/HR/TLPYTMXX_11-12-2025_1995_2000_01-May-2023_01-Mar-2024_HR_09.dmp
Job "SYS"."SYS_EXPORT_TABLE_03" successfully completed at Fri Dec 12 00:36:01 2025 elapsed 0 00:00:36

TEMPLATE_NAME:  TLPYTMXX
grep: /backup/data_arch/TLPYTMXX/HR/TLPYTMXX*.log: No such file or directory
Error Count:  0
CURRENT DATE:  2025/12/12
Insert Data into PS_DATAMIN_EXPF_XX.

1 row created.


Commit complete.

Successful Export: Insert Done.
Template HRPRD-TLPYTMXX successfully Exported, started at  Fri Dec 12 00:35:24 EST 2025 and finished at Fri Dec 12 00:36:04 EST 2025
----------------------------------------------------------------------------------------
Finished export of Template : TLPYTMXX
----------------------------------------------------------------------------------------
#########################################################################################
Beginning export of Template : TLREP_XX
#########################################################################################
 
=> ( 1 ) TL_REP_LR_H_XX : Get History Record Counts

1 row created.


Commit complete.

..Get TableSpace, Index & Index TableSpace

1 row created.


Commit complete.


Export: Release 19.0.0.0.0 - Production on Fri Dec 12 00:36:04 2025
Version 19.27.0.0.0

Copyright (c) 1982, 2019, Oracle and/or its affiliates.  All rights reserved.

Connected to: Oracle Database 19c Enterprise Edition Release 19.0.0.0.0 - Production
FLASHBACK automatically enabled to preserve database integrity.
Starting "SYS"."SYS_EXPORT_TABLE_03":  userid="/******** AS SYSDBA" directory=TLREP_XX_HR dumpfile=TLREP_XX_11-12-2025_1995_2000_01-May-2023_01-Mar-2024_HR_%U.dmp logfile=TLREP_XX_11-12-2025_1995_2000_01-May-2023_01-Mar-2024_HR.log parallel=18 EXCLUDE=statistics EXCLUDE=TRIGGER ENCRYPTION=ALL ENCRYPTION_MODE=DUAL ENCRYPTION_ALGORITHM=AES256 ENCRYPTION_PASSWORD=******** FILESIZE=10G COMPRESSION=ALL TABLES=SYSADM.PS_TL_REP_LR_H_XX QUERY=SYSADM.PS_TL_REP_LR_H_XX:"WHERE PSARCH_ID='TLREP_XX' AND PSARCH_BATCHNUM||PSARCH_ID IN (SELECT PSARCH_BATCHNUM||PSARCH_ID FROM SYSADM.PSARCHBATCH WHERE PSARCH_DTTM >= '01-May-2023' AND PSARCH_DTTM < '01-Mar-2024')" 
Processing object type TABLE_EXPORT/TABLE/PROCACT_INSTANCE
Processing object type TABLE_EXPORT/TABLE/TABLE_DATA
. . exported "SYSADM"."PS_TL_REP_LR_H_XX"                    0 KB       0 rows
Processing object type TABLE_EXPORT/TABLE/TABLE
Processing object type TABLE_EXPORT/TABLE/GRANT/OWNER_GRANT/OBJECT_GRANT
Processing object type TABLE_EXPORT/TABLE/INDEX/INDEX
Master table "SYS"."SYS_EXPORT_TABLE_03" successfully loaded/unloaded
******************************************************************************
Dump file set for SYS.SYS_EXPORT_TABLE_03 is:
  /backup/data_arch/TLREP_XX/HR/TLREP_XX_11-12-2025_1995_2000_01-May-2023_01-Mar-2024_HR_01.dmp
  /backup/data_arch/TLREP_XX/HR/TLREP_XX_11-12-2025_1995_2000_01-May-2023_01-Mar-2024_HR_02.dmp
  /backup/data_arch/TLREP_XX/HR/TLREP_XX_11-12-2025_1995_2000_01-May-2023_01-Mar-2024_HR_03.dmp
  /backup/data_arch/TLREP_XX/HR/TLREP_XX_11-12-2025_1995_2000_01-May-2023_01-Mar-2024_HR_04.dmp
  /backup/data_arch/TLREP_XX/HR/TLREP_XX_11-12-2025_1995_2000_01-May-2023_01-Mar-2024_HR_05.dmp
  /backup/data_arch/TLREP_XX/HR/TLREP_XX_11-12-2025_1995_2000_01-May-2023_01-Mar-2024_HR_06.dmp
  /backup/data_arch/TLREP_XX/HR/TLREP_XX_11-12-2025_1995_2000_01-May-2023_01-Mar-2024_HR_07.dmp
  /backup/data_arch/TLREP_XX/HR/TLREP_XX_11-12-2025_1995_2000_01-May-2023_01-Mar-2024_HR_08.dmp
  /backup/data_arch/TLREP_XX/HR/TLREP_XX_11-12-2025_1995_2000_01-May-2023_01-Mar-2024_HR_09.dmp
Job "SYS"."SYS_EXPORT_TABLE_03" successfully completed at Fri Dec 12 00:36:40 2025 elapsed 0 00:00:35

TEMPLATE_NAME:  TLREP_XX
Error Count:  0
CURRENT DATE:  2025/12/12
Insert Data into PS_DATAMIN_EXPF_XX.

1 row created.


Commit complete.

Successful Export: Insert Done.
Template HRPRD-TLREP_XX successfully Exported, started at  Fri Dec 12 00:36:04 EST 2025 and finished at Fri Dec 12 00:36:46 EST 2025
----------------------------------------------------------------------------------------
Finished export of Template : TLREP_XX
----------------------------------------------------------------------------------------
#########################################################################################
Beginning export of Template : TLROP_XX
#########################################################################################
 
=> ( 1 ) TL_RTROPER_H_XX : Get History Record Counts

1 row created.


Commit complete.

..Get TableSpace, Index & Index TableSpace

1 row created.


Commit complete.

=> ( 2 ) TL_RT_ROP_H_XX : Get History Record Counts

1 row created.


Commit complete.

..Get TableSpace, Index & Index TableSpace

1 row created.


Commit complete.


Export: Release 19.0.0.0.0 - Production on Fri Dec 12 00:36:47 2025
Version 19.27.0.0.0

Copyright (c) 1982, 2019, Oracle and/or its affiliates.  All rights reserved.

Connected to: Oracle Database 19c Enterprise Edition Release 19.0.0.0.0 - Production
FLASHBACK automatically enabled to preserve database integrity.
Starting "SYS"."SYS_EXPORT_TABLE_03":  userid="/******** AS SYSDBA" directory=TLROP_XX_HR dumpfile=TLROP_XX_11-12-2025_1995_2000_01-May-2023_01-Mar-2024_HR_%U.dmp logfile=TLROP_XX_11-12-2025_1995_2000_01-May-2023_01-Mar-2024_HR.log parallel=18 EXCLUDE=statistics EXCLUDE=TRIGGER ENCRYPTION=ALL ENCRYPTION_MODE=DUAL ENCRYPTION_ALGORITHM=AES256 ENCRYPTION_PASSWORD=******** FILESIZE=10G COMPRESSION=ALL TABLES=SYSADM.PS_TL_RTROPER_H_XX QUERY=SYSADM.PS_TL_RTROPER_H_XX:"WHERE PSARCH_ID='TLROP_XX' AND PSARCH_BATCHNUM||PSARCH_ID IN (SELECT PSARCH_BATCHNUM||PSARCH_ID FROM SYSADM.PSARCHBATCH WHERE PSARCH_DTTM >= '01-May-2023' AND PSARCH_DTTM < '01-Mar-2024')" TABLES=SYSADM.PS_TL_RT_ROP_H_XX QUERY=SYSADM.PS_TL_RT_ROP_H_XX:"WHERE PSARCH_ID='TLROP_XX' AND PSARCH_BATCHNUM||PSARCH_ID IN (SELECT PSARCH_BATCHNUM||PSARCH_ID FROM SYSADM.PSARCHBATCH WHERE PSARCH_DTTM >= '01-May-2023' AND PSARCH_DTTM < '01-Mar-2024')" 
Processing object type TABLE_EXPORT/TABLE/PROCACT_INSTANCE
Processing object type TABLE_EXPORT/TABLE/TABLE_DATA
. . exported "SYSADM"."PS_TL_RTROPER_H_XX"                   0 KB       0 rows
. . exported "SYSADM"."PS_TL_RT_ROP_H_XX"                    0 KB       0 rows
Processing object type TABLE_EXPORT/TABLE/TABLE
Processing object type TABLE_EXPORT/TABLE/GRANT/OWNER_GRANT/OBJECT_GRANT
Processing object type TABLE_EXPORT/TABLE/INDEX/INDEX
Master table "SYS"."SYS_EXPORT_TABLE_03" successfully loaded/unloaded
******************************************************************************
Dump file set for SYS.SYS_EXPORT_TABLE_03 is:
  /backup/data_arch/TLROP_XX/HR/TLROP_XX_11-12-2025_1995_2000_01-May-2023_01-Mar-2024_HR_01.dmp
  /backup/data_arch/TLROP_XX/HR/TLROP_XX_11-12-2025_1995_2000_01-May-2023_01-Mar-2024_HR_02.dmp
  /backup/data_arch/TLROP_XX/HR/TLROP_XX_11-12-2025_1995_2000_01-May-2023_01-Mar-2024_HR_03.dmp
  /backup/data_arch/TLROP_XX/HR/TLROP_XX_11-12-2025_1995_2000_01-May-2023_01-Mar-2024_HR_04.dmp
  /backup/data_arch/TLROP_XX/HR/TLROP_XX_11-12-2025_1995_2000_01-May-2023_01-Mar-2024_HR_05.dmp
  /backup/data_arch/TLROP_XX/HR/TLROP_XX_11-12-2025_1995_2000_01-May-2023_01-Mar-2024_HR_06.dmp
  /backup/data_arch/TLROP_XX/HR/TLROP_XX_11-12-2025_1995_2000_01-May-2023_01-Mar-2024_HR_07.dmp
  /backup/data_arch/TLROP_XX/HR/TLROP_XX_11-12-2025_1995_2000_01-May-2023_01-Mar-2024_HR_08.dmp
  /backup/data_arch/TLROP_XX/HR/TLROP_XX_11-12-2025_1995_2000_01-May-2023_01-Mar-2024_HR_09.dmp
Job "SYS"."SYS_EXPORT_TABLE_03" successfully completed at Fri Dec 12 00:37:23 2025 elapsed 0 00:00:36

TEMPLATE_NAME:  TLROP_XX
Error Count:  0
CURRENT DATE:  2025/12/12
Insert Data into PS_DATAMIN_EXPF_XX.

1 row created.


Commit complete.

Successful Export: Insert Done.
Template HRPRD-TLROP_XX successfully Exported, started at  Fri Dec 12 00:36:47 EST 2025 and finished at Fri Dec 12 00:37:26 EST 2025
----------------------------------------------------------------------------------------
Finished export of Template : TLROP_XX
----------------------------------------------------------------------------------------
#########################################################################################
Beginning export of Template : TLRPT_XX
#########################################################################################
 
=> ( 1 ) TL_RPT_TIME_HST : Get History Record Counts

1 row created.


Commit complete.

..Get TableSpace, Index & Index TableSpace

2 rows created.


Commit complete.


Export: Release 19.0.0.0.0 - Production on Fri Dec 12 00:37:26 2025
Version 19.27.0.0.0

Copyright (c) 1982, 2019, Oracle and/or its affiliates.  All rights reserved.

Connected to: Oracle Database 19c Enterprise Edition Release 19.0.0.0.0 - Production
ORA-39002: invalid operation
ORA-39070: Unable to open the log file.
ORA-29283: invalid file operation: nonexistent file or path [29434]


TEMPLATE_NAME:  TLRPT_XX
grep: /backup/data_arch/TLRPT_XX/HR/TLRPT_XX*.log: No such file or directory
Error Count:  0
CURRENT DATE:  2025/12/12
Insert Data into PS_DATAMIN_EXPF_XX.

1 row created.


Commit complete.

Successful Export: Insert Done.
Template HRPRD-TLRPT_XX successfully Exported, started at  Fri Dec 12 00:37:26 EST 2025 and finished at Fri Dec 12 00:37:28 EST 2025
----------------------------------------------------------------------------------------
Finished export of Template : TLRPT_XX
----------------------------------------------------------------------------------------
#########################################################################################
Beginning export of Template : TLRTS_XX
#########################################################################################
 
=> ( 1 ) TL_RTSALOC_H_XX : Get History Record Counts

1 row created.


Commit complete.

..Get TableSpace, Index & Index TableSpace

1 row created.


Commit complete.

=> ( 2 ) TL_RTS_ACT_H_XX : Get History Record Counts

1 row created.


Commit complete.

..Get TableSpace, Index & Index TableSpace

1 row created.


Commit complete.

=> ( 3 ) TL_RTS_PRJ_H_XX : Get History Record Counts

1 row created.


Commit complete.

..Get TableSpace, Index & Index TableSpace

1 row created.


Commit complete.

=> ( 4 ) TL_RTS_TRC_H_XX : Get History Record Counts

1 row created.


Commit complete.

..Get TableSpace, Index & Index TableSpace

1 row created.


Commit complete.


Export: Release 19.0.0.0.0 - Production on Fri Dec 12 00:37:29 2025
Version 19.27.0.0.0

Copyright (c) 1982, 2019, Oracle and/or its affiliates.  All rights reserved.

Connected to: Oracle Database 19c Enterprise Edition Release 19.0.0.0.0 - Production
FLASHBACK automatically enabled to preserve database integrity.
Starting "SYS"."SYS_EXPORT_TABLE_03":  userid="/******** AS SYSDBA" directory=TLRTS_XX_HR dumpfile=TLRTS_XX_11-12-2025_1995_2000_01-May-2023_01-Mar-2024_HR_%U.dmp logfile=TLRTS_XX_11-12-2025_1995_2000_01-May-2023_01-Mar-2024_HR.log parallel=18 EXCLUDE=statistics EXCLUDE=TRIGGER ENCRYPTION=ALL ENCRYPTION_MODE=DUAL ENCRYPTION_ALGORITHM=AES256 ENCRYPTION_PASSWORD=******** FILESIZE=10G COMPRESSION=ALL TABLES=SYSADM.PS_TL_RTSALOC_H_XX QUERY=SYSADM.PS_TL_RTSALOC_H_XX:"WHERE PSARCH_ID='TLRTS_XX' AND PSARCH_BATCHNUM||PSARCH_ID IN (SELECT PSARCH_BATCHNUM||PSARCH_ID FROM SYSADM.PSARCHBATCH WHERE PSARCH_DTTM >= '01-May-2023' AND PSARCH_DTTM < '01-Mar-2024')" TABLES=SYSADM.PS_TL_RTS_ACT_H_XX QUERY=SYSADM.PS_TL_RTS_ACT_H_XX:"WHERE PSARCH_ID='TLRTS_XX' AND PSARCH_BATCHNUM||PSARCH_ID IN (SELECT PSARCH_BATCHNUM||PSARCH_ID FROM SYSADM.PSARCHBATCH WHERE PSARCH_DTTM >= '01-May-2023' AND PSARCH_DTTM < '01-Mar-2024')" TABLES=SYSADM.PS_TL_RTS_PRJ_H_XX QUERY=SYSADM.PS_TL_RTS_PRJ_H_XX:"WHERE PSARCH_ID='TLRTS_XX' AND PSARCH_BATCHNUM||PSARCH_ID IN (SELECT PSARCH_BATCHNUM||PSARCH_ID FROM SYSADM.PSARCHBATCH WHERE PSARCH_DTTM >= '01-May-2023' AND PSARCH_DTTM < '01-Mar-2024')" TABLES=SYSADM.PS_TL_RTS_TRC_H_XX QUERY=SYSADM.PS_TL_RTS_TRC_H_XX:"WHERE PSARCH_ID='TLRTS_XX' AND PSARCH_BATCHNUM||PSARCH_ID IN (SELECT PSARCH_BATCHNUM||PSARCH_ID FROM SYSADM.PSARCHBATCH WHERE PSARCH_DTTM >= '01-May-2023' AND PSARCH_DTTM < '01-Mar-2024')" 
Processing object type TABLE_EXPORT/TABLE/PROCACT_INSTANCE
Processing object type TABLE_EXPORT/TABLE/TABLE_DATA
Processing object type TABLE_EXPORT/TABLE/TABLE
. . exported "SYSADM"."PS_TL_RTS_TRC_H_XX"               5.757 KB       0 rows
Processing object type TABLE_EXPORT/TABLE/GRANT/OWNER_GRANT/OBJECT_GRANT
. . exported "SYSADM"."PS_TL_RTS_ACT_H_XX"               5.562 KB       0 rows
. . exported "SYSADM"."PS_TL_RTS_PRJ_H_XX"               5.421 KB       0 rows
. . exported "SYSADM"."PS_TL_RTSALOC_H_XX"                   0 KB       0 rows
Processing object type TABLE_EXPORT/TABLE/INDEX/INDEX
Master table "SYS"."SYS_EXPORT_TABLE_03" successfully loaded/unloaded
******************************************************************************
Dump file set for SYS.SYS_EXPORT_TABLE_03 is:
  /backup/data_arch/TLRTS_XX/HR/TLRTS_XX_11-12-2025_1995_2000_01-May-2023_01-Mar-2024_HR_01.dmp
  /backup/data_arch/TLRTS_XX/HR/TLRTS_XX_11-12-2025_1995_2000_01-May-2023_01-Mar-2024_HR_02.dmp
  /backup/data_arch/TLRTS_XX/HR/TLRTS_XX_11-12-2025_1995_2000_01-May-2023_01-Mar-2024_HR_03.dmp
  /backup/data_arch/TLRTS_XX/HR/TLRTS_XX_11-12-2025_1995_2000_01-May-2023_01-Mar-2024_HR_04.dmp
  /backup/data_arch/TLRTS_XX/HR/TLRTS_XX_11-12-2025_1995_2000_01-May-2023_01-Mar-2024_HR_05.dmp
  /backup/data_arch/TLRTS_XX/HR/TLRTS_XX_11-12-2025_1995_2000_01-May-2023_01-Mar-2024_HR_06.dmp
  /backup/data_arch/TLRTS_XX/HR/TLRTS_XX_11-12-2025_1995_2000_01-May-2023_01-Mar-2024_HR_07.dmp
  /backup/data_arch/TLRTS_XX/HR/TLRTS_XX_11-12-2025_1995_2000_01-May-2023_01-Mar-2024_HR_08.dmp
  /backup/data_arch/TLRTS_XX/HR/TLRTS_XX_11-12-2025_1995_2000_01-May-2023_01-Mar-2024_HR_09.dmp
  /backup/data_arch/TLRTS_XX/HR/TLRTS_XX_11-12-2025_1995_2000_01-May-2023_01-Mar-2024_HR_10.dmp
Job "SYS"."SYS_EXPORT_TABLE_03" successfully completed at Fri Dec 12 00:38:06 2025 elapsed 0 00:00:36

TEMPLATE_NAME:  TLRTS_XX
Error Count:  0
CURRENT DATE:  2025/12/12
Insert Data into PS_DATAMIN_EXPF_XX.

1 row created.


Commit complete.

Successful Export: Insert Done.
Template HRPRD-TLRTS_XX successfully Exported, started at  Fri Dec 12 00:37:29 EST 2025 and finished at Fri Dec 12 00:38:09 EST 2025
----------------------------------------------------------------------------------------
Finished export of Template : TLRTS_XX
----------------------------------------------------------------------------------------
#########################################################################################
Beginning export of Template : TLTRC_XX
#########################################################################################
 
=> ( 1 ) TLTRCOMNTS_H_XX : Get History Record Counts

1 row created.


Commit complete.

..Get TableSpace, Index & Index TableSpace

2 rows created.


Commit complete.

=> ( 2 ) TLTRCOMNT_H_XX : Get History Record Counts

1 row created.


Commit complete.

..Get TableSpace, Index & Index TableSpace

1 row created.


Commit complete.


Export: Release 19.0.0.0.0 - Production on Fri Dec 12 00:38:09 2025
Version 19.27.0.0.0

Copyright (c) 1982, 2019, Oracle and/or its affiliates.  All rights reserved.

Connected to: Oracle Database 19c Enterprise Edition Release 19.0.0.0.0 - Production
FLASHBACK automatically enabled to preserve database integrity.
Starting "SYS"."SYS_EXPORT_TABLE_03":  userid="/******** AS SYSDBA" directory=TLTRC_XX_HR dumpfile=TLTRC_XX_11-12-2025_1995_2000_01-May-2023_01-Mar-2024_HR_%U.dmp logfile=TLTRC_XX_11-12-2025_1995_2000_01-May-2023_01-Mar-2024_HR.log parallel=18 EXCLUDE=statistics EXCLUDE=TRIGGER ENCRYPTION=ALL ENCRYPTION_MODE=DUAL ENCRYPTION_ALGORITHM=AES256 ENCRYPTION_PASSWORD=******** FILESIZE=10G COMPRESSION=ALL TABLES=SYSADM.PS_TLTRCOMNTS_H_XX QUERY=SYSADM.PS_TLTRCOMNTS_H_XX:"WHERE PSARCH_ID='TLTRC_XX' AND PSARCH_BATCHNUM||PSARCH_ID IN (SELECT PSARCH_BATCHNUM||PSARCH_ID FROM SYSADM.PSARCHBATCH WHERE PSARCH_DTTM >= '01-May-2023' AND PSARCH_DTTM < '01-Mar-2024')" TABLES=SYSADM.PS_TLTRCOMNT_H_XX QUERY=SYSADM.PS_TLTRCOMNT_H_XX:"WHERE PSARCH_ID='TLTRC_XX' AND PSARCH_BATCHNUM||PSARCH_ID IN (SELECT PSARCH_BATCHNUM||PSARCH_ID FROM SYSADM.PSARCHBATCH WHERE PSARCH_DTTM >= '01-May-2023' AND PSARCH_DTTM < '01-Mar-2024')" 
Processing object type TABLE_EXPORT/TABLE/PROCACT_INSTANCE
Processing object type TABLE_EXPORT/TABLE/TABLE_DATA
. . exported "SYSADM"."PS_TLTRCOMNTS_H_XX"                   0 KB       0 rows
. . exported "SYSADM"."PS_TLTRCOMNT_H_XX"                    0 KB       0 rows
Processing object type TABLE_EXPORT/TABLE/TABLE
Processing object type TABLE_EXPORT/TABLE/GRANT/OWNER_GRANT/OBJECT_GRANT
Processing object type TABLE_EXPORT/TABLE/INDEX/INDEX
Master table "SYS"."SYS_EXPORT_TABLE_03" successfully loaded/unloaded
******************************************************************************
Dump file set for SYS.SYS_EXPORT_TABLE_03 is:
  /backup/data_arch/TLTRC_XX/HR/TLTRC_XX_11-12-2025_1995_2000_01-May-2023_01-Mar-2024_HR_01.dmp
  /backup/data_arch/TLTRC_XX/HR/TLTRC_XX_11-12-2025_1995_2000_01-May-2023_01-Mar-2024_HR_02.dmp
  /backup/data_arch/TLTRC_XX/HR/TLTRC_XX_11-12-2025_1995_2000_01-May-2023_01-Mar-2024_HR_03.dmp
  /backup/data_arch/TLTRC_XX/HR/TLTRC_XX_11-12-2025_1995_2000_01-May-2023_01-Mar-2024_HR_04.dmp
  /backup/data_arch/TLTRC_XX/HR/TLTRC_XX_11-12-2025_1995_2000_01-May-2023_01-Mar-2024_HR_05.dmp
  /backup/data_arch/TLTRC_XX/HR/TLTRC_XX_11-12-2025_1995_2000_01-May-2023_01-Mar-2024_HR_06.dmp
  /backup/data_arch/TLTRC_XX/HR/TLTRC_XX_11-12-2025_1995_2000_01-May-2023_01-Mar-2024_HR_07.dmp
  /backup/data_arch/TLTRC_XX/HR/TLTRC_XX_11-12-2025_1995_2000_01-May-2023_01-Mar-2024_HR_08.dmp
  /backup/data_arch/TLTRC_XX/HR/TLTRC_XX_11-12-2025_1995_2000_01-May-2023_01-Mar-2024_HR_09.dmp
Job "SYS"."SYS_EXPORT_TABLE_03" successfully completed at Fri Dec 12 00:38:46 2025 elapsed 0 00:00:36

TEMPLATE_NAME:  TLTRC_XX
Error Count:  0
CURRENT DATE:  2025/12/12
Insert Data into PS_DATAMIN_EXPF_XX.

1 row created.


Commit complete.

Successful Export: Insert Done.
Template HRPRD-TLTRC_XX successfully Exported, started at  Fri Dec 12 00:38:09 EST 2025 and finished at Fri Dec 12 00:38:49 EST 2025
----------------------------------------------------------------------------------------
Finished export of Template : TLTRC_XX
----------------------------------------------------------------------------------------
#########################################################################################
Beginning export of Template : TL_COMP
#########################################################################################
 
=> ( 1 ) TL_COMPLEAV_HST : Get History Record Counts

1 row created.


Commit complete.

..Get TableSpace, Index & Index TableSpace

1 row created.


Commit complete.


Export: Release 19.0.0.0.0 - Production on Fri Dec 12 00:38:49 2025
Version 19.27.0.0.0

Copyright (c) 1982, 2019, Oracle and/or its affiliates.  All rights reserved.

Connected to: Oracle Database 19c Enterprise Edition Release 19.0.0.0.0 - Production
FLASHBACK automatically enabled to preserve database integrity.
Starting "SYS"."SYS_EXPORT_TABLE_03":  userid="/******** AS SYSDBA" directory=TL_COMP_HR dumpfile=TL_COMP_11-12-2025_1995_2000_01-May-2023_01-Mar-2024_HR_%U.dmp logfile=TL_COMP_11-12-2025_1995_2000_01-May-2023_01-Mar-2024_HR.log parallel=18 EXCLUDE=statistics EXCLUDE=TRIGGER ENCRYPTION=ALL ENCRYPTION_MODE=DUAL ENCRYPTION_ALGORITHM=AES256 ENCRYPTION_PASSWORD=******** FILESIZE=10G COMPRESSION=ALL TABLES=SYSADM.PS_TL_COMPLEAV_HST QUERY=SYSADM.PS_TL_COMPLEAV_HST:"WHERE PSARCH_ID='TL_COMP' AND PSARCH_BATCHNUM||PSARCH_ID IN (SELECT PSARCH_BATCHNUM||PSARCH_ID FROM SYSADM.PSARCHBATCH WHERE PSARCH_DTTM >= '01-May-2023' AND PSARCH_DTTM < '01-Mar-2024')" 
Processing object type TABLE_EXPORT/TABLE/PROCACT_INSTANCE
Processing object type TABLE_EXPORT/TABLE/TABLE_DATA
. . exported "SYSADM"."PS_TL_COMPLEAV_HST"               5.460 KB       0 rows
Processing object type TABLE_EXPORT/TABLE/TABLE
Processing object type TABLE_EXPORT/TABLE/GRANT/OWNER_GRANT/OBJECT_GRANT
Processing object type TABLE_EXPORT/TABLE/INDEX/INDEX
Master table "SYS"."SYS_EXPORT_TABLE_03" successfully loaded/unloaded
******************************************************************************
Dump file set for SYS.SYS_EXPORT_TABLE_03 is:
  /backup/data_arch/TL_COMP/HR/TL_COMP_11-12-2025_1995_2000_01-May-2023_01-Mar-2024_HR_01.dmp
  /backup/data_arch/TL_COMP/HR/TL_COMP_11-12-2025_1995_2000_01-May-2023_01-Mar-2024_HR_02.dmp
  /backup/data_arch/TL_COMP/HR/TL_COMP_11-12-2025_1995_2000_01-May-2023_01-Mar-2024_HR_03.dmp
  /backup/data_arch/TL_COMP/HR/TL_COMP_11-12-2025_1995_2000_01-May-2023_01-Mar-2024_HR_04.dmp
  /backup/data_arch/TL_COMP/HR/TL_COMP_11-12-2025_1995_2000_01-May-2023_01-Mar-2024_HR_05.dmp
  /backup/data_arch/TL_COMP/HR/TL_COMP_11-12-2025_1995_2000_01-May-2023_01-Mar-2024_HR_06.dmp
  /backup/data_arch/TL_COMP/HR/TL_COMP_11-12-2025_1995_2000_01-May-2023_01-Mar-2024_HR_07.dmp
  /backup/data_arch/TL_COMP/HR/TL_COMP_11-12-2025_1995_2000_01-May-2023_01-Mar-2024_HR_08.dmp
  /backup/data_arch/TL_COMP/HR/TL_COMP_11-12-2025_1995_2000_01-May-2023_01-Mar-2024_HR_09.dmp
  /backup/data_arch/TL_COMP/HR/TL_COMP_11-12-2025_1995_2000_01-May-2023_01-Mar-2024_HR_10.dmp
Job "SYS"."SYS_EXPORT_TABLE_03" successfully completed at Fri Dec 12 00:39:25 2025 elapsed 0 00:00:36

TEMPLATE_NAME:  TL_COMP
Error Count:  0
CURRENT DATE:  2025/12/12
Insert Data into PS_DATAMIN_EXPF_XX.

1 row created.


Commit complete.

Successful Export: Insert Done.
Template HRPRD-TL_COMP successfully Exported, started at  Fri Dec 12 00:38:49 EST 2025 and finished at Fri Dec 12 00:39:28 EST 2025
----------------------------------------------------------------------------------------
Finished export of Template : TL_COMP
----------------------------------------------------------------------------------------
#########################################################################################
Beginning export of Template : TL_FRCPA
#########################################################################################
 
=> ( 1 ) TL_FRCSPYBL_HST : Get History Record Counts

1 row created.


Commit complete.

..Get TableSpace, Index & Index TableSpace

1 row created.


Commit complete.


Export: Release 19.0.0.0.0 - Production on Fri Dec 12 00:39:28 2025
Version 19.27.0.0.0

Copyright (c) 1982, 2019, Oracle and/or its affiliates.  All rights reserved.

Connected to: Oracle Database 19c Enterprise Edition Release 19.0.0.0.0 - Production
FLASHBACK automatically enabled to preserve database integrity.
Starting "SYS"."SYS_EXPORT_TABLE_03":  userid="/******** AS SYSDBA" directory=TL_FRCPA_HR dumpfile=TL_FRCPA_11-12-2025_1995_2000_01-May-2023_01-Mar-2024_HR_%U.dmp logfile=TL_FRCPA_11-12-2025_1995_2000_01-May-2023_01-Mar-2024_HR.log parallel=18 EXCLUDE=statistics EXCLUDE=TRIGGER ENCRYPTION=ALL ENCRYPTION_MODE=DUAL ENCRYPTION_ALGORITHM=AES256 ENCRYPTION_PASSWORD=******** FILESIZE=10G COMPRESSION=ALL TABLES=SYSADM.PS_TL_FRCSPYBL_HST QUERY=SYSADM.PS_TL_FRCSPYBL_HST:"WHERE PSARCH_ID='TL_FRCPA' AND PSARCH_BATCHNUM||PSARCH_ID IN (SELECT PSARCH_BATCHNUM||PSARCH_ID FROM SYSADM.PSARCHBATCH WHERE PSARCH_DTTM >= '01-May-2023' AND PSARCH_DTTM < '01-Mar-2024')" 
Processing object type TABLE_EXPORT/TABLE/PROCACT_INSTANCE
Processing object type TABLE_EXPORT/TABLE/TABLE_DATA
. . exported "SYSADM"."PS_TL_FRCSPYBL_HST"                   0 KB       0 rows
Processing object type TABLE_EXPORT/TABLE/TABLE
Processing object type TABLE_EXPORT/TABLE/GRANT/OWNER_GRANT/OBJECT_GRANT
Processing object type TABLE_EXPORT/TABLE/INDEX/FUNCTIONAL_INDEX/INDEX
Master table "SYS"."SYS_EXPORT_TABLE_03" successfully loaded/unloaded
******************************************************************************
Dump file set for SYS.SYS_EXPORT_TABLE_03 is:
  /backup/data_arch/TL_FRCPA/HR/TL_FRCPA_11-12-2025_1995_2000_01-May-2023_01-Mar-2024_HR_01.dmp
  /backup/data_arch/TL_FRCPA/HR/TL_FRCPA_11-12-2025_1995_2000_01-May-2023_01-Mar-2024_HR_02.dmp
  /backup/data_arch/TL_FRCPA/HR/TL_FRCPA_11-12-2025_1995_2000_01-May-2023_01-Mar-2024_HR_03.dmp
  /backup/data_arch/TL_FRCPA/HR/TL_FRCPA_11-12-2025_1995_2000_01-May-2023_01-Mar-2024_HR_04.dmp
  /backup/data_arch/TL_FRCPA/HR/TL_FRCPA_11-12-2025_1995_2000_01-May-2023_01-Mar-2024_HR_05.dmp
  /backup/data_arch/TL_FRCPA/HR/TL_FRCPA_11-12-2025_1995_2000_01-May-2023_01-Mar-2024_HR_06.dmp
  /backup/data_arch/TL_FRCPA/HR/TL_FRCPA_11-12-2025_1995_2000_01-May-2023_01-Mar-2024_HR_07.dmp
  /backup/data_arch/TL_FRCPA/HR/TL_FRCPA_11-12-2025_1995_2000_01-May-2023_01-Mar-2024_HR_08.dmp
  /backup/data_arch/TL_FRCPA/HR/TL_FRCPA_11-12-2025_1995_2000_01-May-2023_01-Mar-2024_HR_09.dmp
Job "SYS"."SYS_EXPORT_TABLE_03" successfully completed at Fri Dec 12 00:40:04 2025 elapsed 0 00:00:36

TEMPLATE_NAME:  TL_FRCPA
Error Count:  0
CURRENT DATE:  2025/12/12
Insert Data into PS_DATAMIN_EXPF_XX.

1 row created.


Commit complete.

Successful Export: Insert Done.
Template HRPRD-TL_FRCPA successfully Exported, started at  Fri Dec 12 00:39:28 EST 2025 and finished at Fri Dec 12 00:40:08 EST 2025
----------------------------------------------------------------------------------------
Finished export of Template : TL_FRCPA
----------------------------------------------------------------------------------------
#########################################################################################
Beginning export of Template : TL_XCOST
#########################################################################################
 
=> ( 1 ) TL_XREFCOST_HST : Get History Record Counts

1 row created.


Commit complete.

..Get TableSpace, Index & Index TableSpace

1 row created.


Commit complete.


Export: Release 19.0.0.0.0 - Production on Fri Dec 12 00:40:08 2025
Version 19.27.0.0.0

Copyright (c) 1982, 2019, Oracle and/or its affiliates.  All rights reserved.

Connected to: Oracle Database 19c Enterprise Edition Release 19.0.0.0.0 - Production
FLASHBACK automatically enabled to preserve database integrity.
Starting "SYS"."SYS_EXPORT_TABLE_03":  userid="/******** AS SYSDBA" directory=TL_XCOST_HR dumpfile=TL_XCOST_11-12-2025_1995_2000_01-May-2023_01-Mar-2024_HR_%U.dmp logfile=TL_XCOST_11-12-2025_1995_2000_01-May-2023_01-Mar-2024_HR.log parallel=18 EXCLUDE=statistics EXCLUDE=TRIGGER ENCRYPTION=ALL ENCRYPTION_MODE=DUAL ENCRYPTION_ALGORITHM=AES256 ENCRYPTION_PASSWORD=******** FILESIZE=10G COMPRESSION=ALL TABLES=SYSADM.PS_TL_XREFCOST_HST QUERY=SYSADM.PS_TL_XREFCOST_HST:"WHERE PSARCH_ID='TL_XCOST' AND PSARCH_BATCHNUM||PSARCH_ID IN (SELECT PSARCH_BATCHNUM||PSARCH_ID FROM SYSADM.PSARCHBATCH WHERE PSARCH_DTTM >= '01-May-2023' AND PSARCH_DTTM < '01-Mar-2024')" 
Processing object type TABLE_EXPORT/TABLE/PROCACT_INSTANCE
Processing object type TABLE_EXPORT/TABLE/TABLE_DATA
. . exported "SYSADM"."PS_TL_XREFCOST_HST"                   0 KB       0 rows
Processing object type TABLE_EXPORT/TABLE/TABLE
Processing object type TABLE_EXPORT/TABLE/GRANT/OWNER_GRANT/OBJECT_GRANT
Processing object type TABLE_EXPORT/TABLE/INDEX/INDEX
Master table "SYS"."SYS_EXPORT_TABLE_03" successfully loaded/unloaded
******************************************************************************
Dump file set for SYS.SYS_EXPORT_TABLE_03 is:
  /backup/data_arch/TL_XCOST/HR/TL_XCOST_11-12-2025_1995_2000_01-May-2023_01-Mar-2024_HR_01.dmp
  /backup/data_arch/TL_XCOST/HR/TL_XCOST_11-12-2025_1995_2000_01-May-2023_01-Mar-2024_HR_02.dmp
  /backup/data_arch/TL_XCOST/HR/TL_XCOST_11-12-2025_1995_2000_01-May-2023_01-Mar-2024_HR_03.dmp
  /backup/data_arch/TL_XCOST/HR/TL_XCOST_11-12-2025_1995_2000_01-May-2023_01-Mar-2024_HR_04.dmp
  /backup/data_arch/TL_XCOST/HR/TL_XCOST_11-12-2025_1995_2000_01-May-2023_01-Mar-2024_HR_05.dmp
  /backup/data_arch/TL_XCOST/HR/TL_XCOST_11-12-2025_1995_2000_01-May-2023_01-Mar-2024_HR_06.dmp
  /backup/data_arch/TL_XCOST/HR/TL_XCOST_11-12-2025_1995_2000_01-May-2023_01-Mar-2024_HR_07.dmp
  /backup/data_arch/TL_XCOST/HR/TL_XCOST_11-12-2025_1995_2000_01-May-2023_01-Mar-2024_HR_08.dmp
  /backup/data_arch/TL_XCOST/HR/TL_XCOST_11-12-2025_1995_2000_01-May-2023_01-Mar-2024_HR_09.dmp
Job "SYS"."SYS_EXPORT_TABLE_03" successfully completed at Fri Dec 12 00:40:44 2025 elapsed 0 00:00:36

TEMPLATE_NAME:  TL_XCOST
Error Count:  0
CURRENT DATE:  2025/12/12
Insert Data into PS_DATAMIN_EXPF_XX.

1 row created.


Commit complete.

Successful Export: Insert Done.
Template HRPRD-TL_XCOST successfully Exported, started at  Fri Dec 12 00:40:08 EST 2025 and finished at Fri Dec 12 00:40:48 EST 2025
----------------------------------------------------------------------------------------
Finished export of Template : TL_XCOST
----------------------------------------------------------------------------------------
#########################################################################################
Beginning export of Template : TL_XREF
#########################################################################################
 
=> ( 1 ) TL_XREF_TBL_HST : Get History Record Counts

1 row created.


Commit complete.

..Get TableSpace, Index & Index TableSpace

1 row created.


Commit complete.


Export: Release 19.0.0.0.0 - Production on Fri Dec 12 00:40:49 2025
Version 19.27.0.0.0

Copyright (c) 1982, 2019, Oracle and/or its affiliates.  All rights reserved.

Connected to: Oracle Database 19c Enterprise Edition Release 19.0.0.0.0 - Production
FLASHBACK automatically enabled to preserve database integrity.
Starting "SYS"."SYS_EXPORT_TABLE_03":  userid="/******** AS SYSDBA" directory=TL_XREF_HR dumpfile=TL_XREF_11-12-2025_1995_2000_01-May-2023_01-Mar-2024_HR_%U.dmp logfile=TL_XREF_11-12-2025_1995_2000_01-May-2023_01-Mar-2024_HR.log parallel=18 EXCLUDE=statistics EXCLUDE=TRIGGER ENCRYPTION=ALL ENCRYPTION_MODE=DUAL ENCRYPTION_ALGORITHM=AES256 ENCRYPTION_PASSWORD=******** FILESIZE=10G COMPRESSION=ALL TABLES=SYSADM.PS_TL_XREF_TBL_HST QUERY=SYSADM.PS_TL_XREF_TBL_HST:"WHERE PSARCH_ID='TL_XREF' AND PSARCH_BATCHNUM||PSARCH_ID IN (SELECT PSARCH_BATCHNUM||PSARCH_ID FROM SYSADM.PSARCHBATCH WHERE PSARCH_DTTM >= '01-May-2023' AND PSARCH_DTTM < '01-Mar-2024')" 
Processing object type TABLE_EXPORT/TABLE/PROCACT_INSTANCE
Processing object type TABLE_EXPORT/TABLE/TABLE_DATA
. . exported "SYSADM"."PS_TL_XREF_TBL_HST"                   0 KB       0 rows
Processing object type TABLE_EXPORT/TABLE/TABLE
Processing object type TABLE_EXPORT/TABLE/GRANT/OWNER_GRANT/OBJECT_GRANT
Processing object type TABLE_EXPORT/TABLE/INDEX/INDEX
Master table "SYS"."SYS_EXPORT_TABLE_03" successfully loaded/unloaded
******************************************************************************
Dump file set for SYS.SYS_EXPORT_TABLE_03 is:
  /backup/data_arch/TL_XREF/HR/TL_XREF_11-12-2025_1995_2000_01-May-2023_01-Mar-2024_HR_01.dmp
  /backup/data_arch/TL_XREF/HR/TL_XREF_11-12-2025_1995_2000_01-May-2023_01-Mar-2024_HR_02.dmp
  /backup/data_arch/TL_XREF/HR/TL_XREF_11-12-2025_1995_2000_01-May-2023_01-Mar-2024_HR_03.dmp
  /backup/data_arch/TL_XREF/HR/TL_XREF_11-12-2025_1995_2000_01-May-2023_01-Mar-2024_HR_04.dmp
  /backup/data_arch/TL_XREF/HR/TL_XREF_11-12-2025_1995_2000_01-May-2023_01-Mar-2024_HR_05.dmp
  /backup/data_arch/TL_XREF/HR/TL_XREF_11-12-2025_1995_2000_01-May-2023_01-Mar-2024_HR_06.dmp
  /backup/data_arch/TL_XREF/HR/TL_XREF_11-12-2025_1995_2000_01-May-2023_01-Mar-2024_HR_07.dmp
  /backup/data_arch/TL_XREF/HR/TL_XREF_11-12-2025_1995_2000_01-May-2023_01-Mar-2024_HR_08.dmp
  /backup/data_arch/TL_XREF/HR/TL_XREF_11-12-2025_1995_2000_01-May-2023_01-Mar-2024_HR_09.dmp
Job "SYS"."SYS_EXPORT_TABLE_03" successfully completed at Fri Dec 12 00:41:25 2025 elapsed 0 00:00:36

TEMPLATE_NAME:  TL_XREF
Error Count:  0
CURRENT DATE:  2025/12/12
Insert Data into PS_DATAMIN_EXPF_XX.

1 row created.


Commit complete.

Successful Export: Insert Done.
Template HRPRD-TL_XREF successfully Exported, started at  Fri Dec 12 00:40:48 EST 2025 and finished at Fri Dec 12 00:41:27 EST 2025
----------------------------------------------------------------------------------------
Finished export of Template : TL_XREF
----------------------------------------------------------------------------------------
#########################################################################################
# Start time : Thu Dec 11 23:07:07 EST 2025 
# End time   : Fri Dec 12 00:41:27 EST 2025
#########################################################################################
